{
  "train_loss": [
    0.2629805287277257,
    0.04963749883880402,
    0.034915391642048405,
    0.025746542442429028,
    0.019431075182984824,
    0.015538374552169791,
    0.015118540066328866,
    0.01327865555089105,
    0.012204637738910538,
    0.010041374342809259,
    0.009173867899355375,
    0.008429320236340304,
    0.00944249555676957,
    0.009354029827389039,
    0.006962846273866793,
    0.006922415148015537,
    0.006874734575067572,
    0.007925613320800533,
    0.007132032649795651,
    0.0075543074686451024,
    0.006066180563411089,
    0.005880760025149671,
    0.007373374026127873
  ],
  "train_acc": [
    0.9071759259259259,
    0.9859567901234568,
    0.9899691358024691,
    0.9921682098765432,
    0.9938271604938271,
    0.9945216049382716,
    0.994945987654321,
    0.9957947530864197,
    0.9958333333333333,
    0.9965663580246914,
    0.9967978395061728,
    0.9968364197530865,
    0.9966435185185185,
    0.9968364197530865,
    0.9973765432098766,
    0.9974922839506173,
    0.997608024691358,
    0.9971836419753086,
    0.9972222222222222,
    0.9973765432098766,
    0.997800925925926,
    0.997800925925926,
    0.9972222222222222
  ],
  "val_loss": [
    0.08213653067747752,
    0.04807935742040475,
    0.026962423836812376,
    0.01936530443167107,
    0.018084886351263978,
    0.02065062939719711,
    0.013066153598224951,
    0.012125333847426293,
    0.011690346326698393,
    0.012022542606670565,
    0.011603553990991916,
    0.011066778177822319,
    0.010012988271369573,
    0.011127084391854522,
    0.00844542710312655,
    0.012015139328650549,
    0.008902348738047294,
    0.01018171831488467,
    0.008695237044190032,
    0.007407790669822134,
    0.006704976827313658,
    0.007969002690636747,
    0.009783522699419539
  ],
  "val_acc": [
    0.9701388888888889,
    0.9857638888888889,
    0.9899305555555555,
    0.9927083333333333,
    0.9920138888888889,
    0.9920138888888889,
    0.9954861111111111,
    0.9954861111111111,
    0.9947916666666666,
    0.9944444444444445,
    0.9958333333333333,
    0.9951388888888889,
    0.9961805555555555,
    0.9954861111111111,
    0.9975694444444444,
    0.9951388888888889,
    0.9972222222222222,
    0.9961805555555555,
    0.9961805555555555,
    0.9972222222222222,
    0.996875,
    0.9972222222222222,
    0.9954861111111111
  ]
}