{
  "split": 1,
  "fold": 3,
  "acc": 0.9980555555555556,
  "auc_unknown": 0.8192846103395062,
  "auc_drRX_V0": 0.6868537731481481,
  "auc_drRX_V1": 0.8603594618055554,
  "auc_drRX_V1k": 0.8294106770833334,
  "auc_drRX_V2": 0.49394945601851853,
  "auc_drRX_V3": 0.6287093518518517,
  "auc_drDAY_V0": 0.5323646778549382,
  "auc_drDAY_V1": 0.7426595775462963,
  "auc_drDAY_V1k": 0.7242491840277778,
  "auc_drDAY_V2": 0.5353027970679013,
  "auc_drDAY_V3": 0.5093781481481481
}