{
  "split": 3,
  "fold": 5,
  "acc": 0.9966666666666667,
  "auc_unknown": 0.9920452777777778,
  "auc_drift_rx": 0.9222531886574075,
  "auc_drift_day": 0.7993346180555556,
  "tau_id_single": -1144.8995178222656,
  "tau_dom_single": 2039.5857788085932,
  "tau_id_low": -3409.1198950195308,
  "tau_id_high": -660.8793151855468,
  "tau_dom_dual": 2039.5857788085932,
  "single": {
    "FRR_stable": 0.09291666666666665,
    "false_drift_stable": 0.042916666666666665,
    "FAR_unknown_accept": 0.0277,
    "miss_drift": 0.31977083333333334
  },
  "dual_conservative": {
    "FRR_stable": 0.13916666666666666,
    "false_drift_stable": 0.04583333333333333,
    "FAR_unknown_accept": 0.0049,
    "miss_drift": 0.2549166666666667
  },
  "dual_balanced": {
    "FRR_stable": 0.05583333333333329,
    "false_drift_stable": 0.04583333333333333,
    "FAR_unknown_accept": 0.08123333333333334,
    "miss_drift": 0.40325
  },
  "confusion_matrix_single": [
    [
      2177,
      103,
      120
    ],
    [
      15349,
      6170,
      26481
    ],
    [
      831,
      2661,
      26508
    ]
  ],
  "confusion_matrix_dual_conservative": [
    [
      2066,
      110,
      224
    ],
    [
      12236,
      11430,
      24334
    ],
    [
      147,
      6670,
      23183
    ]
  ],
  "confusion_matrix_dual_balanced": [
    [
      2266,
      110,
      24
    ],
    [
      19356,
      11430,
      17214
    ],
    [
      2437,
      6670,
      20893
    ]
  ],
  "semantic_region_counts": {
    "0": 14449,
    "1": 5098,
    "2": 6349,
    "3": 31782,
    "4": 9610,
    "5": 13112
  }
}