{
  "tau_id_single": -1144.8995178222656,
  "tau_dom_single": 2039.5857788085932,
  "tau_id_low": -3409.1198950195308,
  "tau_id_high": -660.8793151855468,
  "tau_dom_dual": 2039.5857788085932
}