{
  "split": 1,
  "fold": 1,
  "acc": 0.9995833333333334,
  "auc_unknown": 0.7795657638888889,
  "auc_drift_rx": 0.9409203472222222,
  "auc_drift_day": 0.8649654166666667,
  "tau_id": -1043.6177978515625,
  "tau_dom": 2834.036376953125,
  "FRR_stable": 0.0954166666666667,
  "false_drift_stable": 0.04541666666666667,
  "FAR_unknown_accept": 0.26676666666666665,
  "miss_drift": 0.14889583333333334,
  "confusion_matrix": [
    [
      2171,
      109,
      120
    ],
    [
      7147,
      6426,
      34427
    ],
    [
      8003,
      7758,
      14239
    ]
  ]
}