{
  "tau_id": -1043.6177978515625,
  "tau_dom": 2834.036376953125
}