{
  "train_loss": [
    0.3123702536026637,
    0.022925161066706532,
    0.01527677914817576,
    0.010721640246575353,
    0.0069382460667165346,
    0.005325185491151556,
    0.005963802977930754,
    0.0038033627525523857,
    0.00416016044974741,
    0.0034855401805274325,
    0.003990313486860099,
    0.002955645486643469,
    0.0028078406447699916,
    0.0032737896038236578,
    0.004612065168826289,
    0.0024175517798910194,
    0.0020385668772009754,
    0.0014297627509761326,
    0.0026133798628709174,
    0.0022746361792087555,
    0.002558818008994287,
    0.0017272835456188422,
    0.002204709404894082,
    0.0018615415785461665,
    0.0019206123451887699,
    0.0018008613457183215,
    0.0013682044024419695,
    0.0012171021296159812,
    0.0015386455624980886,
    0.001373703294639536,
    0.003456797007971478
  ],
  "train_acc": [
    0.9004629629629629,
    0.9953703703703703,
    0.9962962962962963,
    0.9972222222222222,
    0.9984953703703704,
    0.9988425925925926,
    0.9987268518518518,
    0.9989583333333333,
    0.9983796296296297,
    0.9988425925925926,
    0.9987268518518518,
    0.9988425925925926,
    0.9988425925925926,
    0.9987268518518518,
    0.9989583333333333,
    0.9990740740740741,
    0.9990740740740741,
    0.9994212962962963,
    0.9991898148148148,
    0.9991898148148148,
    0.9989583333333333,
    0.999537037037037,
    0.9991898148148148,
    0.9990740740740741,
    0.9989583333333333,
    0.9989583333333333,
    0.9993055555555556,
    0.9994212962962963,
    0.9993055555555556,
    0.9994212962962963,
    0.9989583333333333
  ],
  "val_loss": [
    0.9185265103975931,
    0.45207313299179075,
    0.2612407088279724,
    0.12941128015518188,
    0.15104616582393646,
    0.05178294306000074,
    0.05986750001708666,
    0.06807179103295008,
    0.017012600072969994,
    0.052997687458992006,
    0.01698185441394647,
    0.03558371166388194,
    0.015064459045728047,
    0.0325414814054966,
    0.022815505787730218,
    0.010670379545384396,
    0.011420706560602411,
    0.011559041875686186,
    0.015834433515556155,
    0.014154202793724835,
    0.014563235570676625,
    0.003855272713796391,
    0.005103256590518868,
    0.0050749488179765954,
    0.008372872703087826,
    0.00357951727831581,
    0.005247395103409266,
    0.003959738350628564,
    0.008243560197297484,
    0.0030288833052812456,
    0.0074465751000388995
  ],
  "val_acc": [
    0.7625,
    0.8302083333333333,
    0.8822916666666667,
    0.9479166666666666,
    0.9375,
    0.9854166666666667,
    0.9802083333333333,
    0.9770833333333333,
    0.996875,
    0.9822916666666667,
    0.996875,
    0.9947916666666666,
    0.9947916666666666,
    0.99375,
    0.99375,
    0.9979166666666667,
    0.9979166666666667,
    0.9979166666666667,
    0.9979166666666667,
    0.9979166666666667,
    0.9979166666666667,
    0.9979166666666667,
    0.9989583333333333,
    0.9989583333333333,
    0.9979166666666667,
    0.9989583333333333,
    0.9979166666666667,
    0.9979166666666667,
    0.9989583333333333,
    0.9989583333333333,
    0.9989583333333333
  ]
}