{
  "split": 7,
  "fold": 3,
  "acc": 0.9983333333333333,
  "auc_unknown": 0.8808683333333334,
  "auc_drift_rx": 0.9301066145833334,
  "auc_drift_day": 0.8354059722222222,
  "tau_id": -1.1618913412094116,
  "tau_dom": 2187.435546875,
  "FRR_stable": 0.09624999999999995,
  "false_drift_stable": 0.04625,
  "FAR_unknown_accept": 0.0368,
  "miss_drift": 0.2620208333333333,
  "confusion_matrix": [
    [
      2169,
      111,
      120
    ],
    [
      12577,
      9125,
      26298
    ],
    [
      1104,
      7156,
      21740
    ]
  ]
}