{
  "tau_id": -1.1618913412094116,
  "tau_dom": 2187.435546875
}