{
  "split": 1,
  "fold": 2,
  "tau_id": -1.2807869255542754,
  "tau_dom": 2441.9249877929656,
  "thr_precision": 0.2200228397411496,
  "thr_recall": 0.1445,
  "thr_keep_ratio": 0.2627,
  "topq_precision": 0.2217030114226376,
  "topq_recall": 0.10675,
  "topq_keep_ratio": 0.1926,
  "adapt_stream_size": 10000,
  "thr_size": 2627,
  "topq_size": 1926,
  "oracle_size": 4000,
  "NoAdapt": {
    "stable_acc": 0.9966666666666667,
    "drift_acc_rx": 0.5436666666666666,
    "drift_acc_day": 0.5973333333333334,
    "drift_acc_all": 0.5705,
    "FRR_stable": 0.09624999999999995,
    "FAR_unknown_accept": 0.4792222222222222,
    "miss_drift_rx": 0.10433333333333333,
    "miss_drift_day": 0.3423333333333333,
    "miss_drift_all": 0.22333333333333333,
    "auc_unknown_eval": 0.7849515740740742
  },
  "UngatedAdapt": {
    "stable_acc": 0.9958333333333333,
    "drift_acc_rx": 0.5333333333333333,
    "drift_acc_day": 0.5876666666666667,
    "drift_acc_all": 0.5605,
    "FRR_stable": 0.0970833333333333,
    "FAR_unknown_accept": 0.4722222222222222,
    "miss_drift_rx": 0.106,
    "miss_drift_day": 0.3486666666666667,
    "miss_drift_all": 0.22733333333333333,
    "auc_unknown_eval": 0.7999730555555555
  },
  "GatedAdapt": {
    "stable_acc": 0.9958333333333333,
    "drift_acc_rx": 0.5493333333333333,
    "drift_acc_day": 0.6056666666666667,
    "drift_acc_all": 0.5775,
    "FRR_stable": 0.09416666666666662,
    "FAR_unknown_accept": 0.47855555555555557,
    "miss_drift_rx": 0.10533333333333333,
    "miss_drift_day": 0.348,
    "miss_drift_all": 0.22666666666666666,
    "auc_unknown_eval": 0.7949492824074076
  },
  "GatedTopQAdapt": {
    "stable_acc": 0.9958333333333333,
    "drift_acc_rx": 0.547,
    "drift_acc_day": 0.603,
    "drift_acc_all": 0.575,
    "FRR_stable": 0.0954166666666667,
    "FAR_unknown_accept": 0.4786666666666667,
    "miss_drift_rx": 0.10566666666666667,
    "miss_drift_day": 0.34933333333333333,
    "miss_drift_all": 0.2275,
    "auc_unknown_eval": 0.811701226851852
  },
  "OracleGateAdapt": {
    "stable_acc": 0.99625,
    "drift_acc_rx": 0.5376666666666666,
    "drift_acc_day": 0.5886666666666667,
    "drift_acc_all": 0.5631666666666667,
    "FRR_stable": 0.09666666666666668,
    "FAR_unknown_accept": 0.47844444444444445,
    "miss_drift_rx": 0.108,
    "miss_drift_day": 0.351,
    "miss_drift_all": 0.2295,
    "auc_unknown_eval": 0.7733936574074074
  }
}