{
  "train_loss": [
    0.287155105513923,
    0.051196342933187144,
    0.03327133289572817,
    0.024113785941153765,
    0.019667639495965877,
    0.015825523505343792,
    0.014802546701451511,
    0.011743761594752196,
    0.011577603033237896,
    0.012390236697090721,
    0.009520352535082004,
    0.010073384329932454,
    0.010201373185033991,
    0.00825381830487728,
    0.007709557319959671,
    0.007665641422967001,
    0.007185153371185915,
    0.006388009679690578,
    0.008095940264419043,
    0.007274247559519013,
    0.007838951612256444,
    0.00704132981650836,
    0.006407580029486713
  ],
  "train_acc": [
    0.8953703703703704,
    0.9841435185185186,
    0.9896219135802469,
    0.9922453703703704,
    0.9932484567901234,
    0.9942901234567901,
    0.9951388888888889,
    0.9959104938271605,
    0.995871913580247,
    0.9956404320987654,
    0.9966435185185185,
    0.9964506172839506,
    0.9964891975308642,
    0.9967206790123457,
    0.9970679012345679,
    0.9971836419753086,
    0.9974922839506173,
    0.9977237654320987,
    0.997337962962963,
    0.9975694444444444,
    0.9967978395061728,
    0.997337962962963,
    0.997800925925926
  ],
  "val_loss": [
    0.16380773070785734,
    0.05148248852541049,
    0.026595384743995965,
    0.018925363483140244,
    0.02131211112945392,
    0.01731518415181199,
    0.01747079852539173,
    0.013451643526382718,
    0.012332935585295166,
    0.014616186367634832,
    0.01408993849545368,
    0.01511841961247329,
    0.012234769616689947,
    0.014568862703910983,
    0.008331643085168455,
    0.008958238345460105,
    0.010236662521452267,
    0.010536398089930623,
    0.008684321719030979,
    0.009108208982272319,
    0.008145872922129153,
    0.007768737762267442,
    0.007612726915006836
  ],
  "val_acc": [
    0.940625,
    0.9871527777777778,
    0.9892361111111111,
    0.99375,
    0.9902777777777778,
    0.9923611111111111,
    0.9934027777777777,
    0.9947916666666666,
    0.9947916666666666,
    0.9930555555555556,
    0.9951388888888889,
    0.9958333333333333,
    0.9940972222222222,
    0.9940972222222222,
    0.9975694444444444,
    0.9972222222222222,
    0.9958333333333333,
    0.9961805555555555,
    0.9954861111111111,
    0.9961805555555555,
    0.9975694444444444,
    0.9972222222222222,
    0.9961805555555555
  ]
}