{
  "split": 1,
  "fold": 5,
  "acc": 0.9976388888888889,
  "auc_unknown": 0.8073652391975308,
  "auc_drRX_V0": 0.6857482233796296,
  "auc_drRX_V1": 0.8523283680555556,
  "auc_drRX_V1k": 0.8376636631944445,
  "auc_drRX_V2": 0.5006583680555555,
  "auc_drRX_V3": 0.6248240046296296,
  "auc_drDAY_V0": 0.5458518402777778,
  "auc_drDAY_V1": 0.7572931500771605,
  "auc_drDAY_V1k": 0.7366604571759259,
  "auc_drDAY_V2": 0.5379798148148147,
  "auc_drDAY_V3": 0.5055844058641975
}