{
  "split": 1,
  "fold": 5,
  "tau_id": -1.417579972743988,
  "tau_dom": 2564.152856445311,
  "thr_precision": 0.24360960495739736,
  "thr_recall": 0.15725,
  "thr_keep_ratio": 0.2582,
  "topq_precision": 0.2510593220338983,
  "topq_recall": 0.1185,
  "topq_keep_ratio": 0.1888,
  "adapt_stream_size": 10000,
  "thr_size": 2582,
  "topq_size": 1888,
  "oracle_size": 4000,
  "NoAdapt": {
    "stable_acc": 0.9966666666666667,
    "drift_acc_rx": 0.5886666666666667,
    "drift_acc_day": 0.6793333333333333,
    "drift_acc_all": 0.634,
    "FRR_stable": 0.09458333333333335,
    "FAR_unknown_accept": 0.4875555555555556,
    "miss_drift_rx": 0.071,
    "miss_drift_day": 0.28633333333333333,
    "miss_drift_all": 0.17866666666666667,
    "auc_unknown_eval": 0.6111480092592593
  },
  "UngatedAdapt": {
    "stable_acc": 0.9966666666666667,
    "drift_acc_rx": 0.589,
    "drift_acc_day": 0.6673333333333333,
    "drift_acc_all": 0.6281666666666667,
    "FRR_stable": 0.08999999999999997,
    "FAR_unknown_accept": 0.48877777777777776,
    "miss_drift_rx": 0.07333333333333333,
    "miss_drift_day": 0.31033333333333335,
    "miss_drift_all": 0.19183333333333333,
    "auc_unknown_eval": 0.6354742129629629
  },
  "GatedAdapt": {
    "stable_acc": 0.9970833333333333,
    "drift_acc_rx": 0.594,
    "drift_acc_day": 0.6833333333333333,
    "drift_acc_all": 0.6386666666666667,
    "FRR_stable": 0.09083333333333332,
    "FAR_unknown_accept": 0.4875555555555556,
    "miss_drift_rx": 0.07166666666666667,
    "miss_drift_day": 0.297,
    "miss_drift_all": 0.18433333333333332,
    "auc_unknown_eval": 0.6201040046296297
  },
  "GatedTopQAdapt": {
    "stable_acc": 0.9970833333333333,
    "drift_acc_rx": 0.5933333333333334,
    "drift_acc_day": 0.6833333333333333,
    "drift_acc_all": 0.6383333333333333,
    "FRR_stable": 0.0904166666666667,
    "FAR_unknown_accept": 0.48788888888888887,
    "miss_drift_rx": 0.072,
    "miss_drift_day": 0.29833333333333334,
    "miss_drift_all": 0.18516666666666667,
    "auc_unknown_eval": 0.617884537037037
  },
  "OracleGateAdapt": {
    "stable_acc": 0.9966666666666667,
    "drift_acc_rx": 0.588,
    "drift_acc_day": 0.6736666666666666,
    "drift_acc_all": 0.6308333333333334,
    "FRR_stable": 0.08791666666666664,
    "FAR_unknown_accept": 0.4895555555555556,
    "miss_drift_rx": 0.07166666666666667,
    "miss_drift_day": 0.31166666666666665,
    "miss_drift_all": 0.19166666666666668,
    "auc_unknown_eval": 0.6457024305555555
  }
}