{
  "train_loss": [
    0.4646514254587668,
    0.14327784169603278,
    0.052867424957178256,
    0.03422003654004247,
    0.023518563810459994,
    0.018555415753723572,
    0.016048924211861083,
    0.014423892914352041,
    0.012072091823857692,
    0.011340830533730762,
    0.010140304291551864,
    0.009680467321433954,
    0.007721848994131303,
    0.008381837435256414,
    0.0069622983729156354,
    0.006560951234186413,
    0.006373151985678339,
    0.005442406016151869,
    0.006451259312625216,
    0.005034114994298391,
    0.004698299976384819,
    0.0039245786411575626,
    0.006839710460432495
  ],
  "train_acc": [
    0.7960648148148148,
    0.9434027777777778,
    0.9827546296296297,
    0.9885416666666667,
    0.99375,
    0.9940972222222222,
    0.9943287037037037,
    0.9947916666666666,
    0.9958333333333333,
    0.9966435185185185,
    0.9962962962962963,
    0.9971064814814815,
    0.997337962962963,
    0.9966435185185185,
    0.9980324074074074,
    0.9975694444444444,
    0.997800925925926,
    0.9980324074074074,
    0.9982638888888888,
    0.9982638888888888,
    0.9982638888888888,
    0.9986111111111111,
    0.9980324074074074
  ],
  "val_loss": [
    1.700044814745585,
    0.5944148759047191,
    0.24147739360729853,
    0.18723241339127222,
    0.21379977613687515,
    0.07169269397854805,
    0.04492297725131114,
    0.035136402149995166,
    0.05534422894318899,
    0.03187661602472266,
    0.026394049124792218,
    0.022861066926270723,
    0.020935848999458054,
    0.025604311283677815,
    0.01118703120543311,
    0.015044661023421214,
    0.01627899954134288,
    0.010788830268817643,
    0.014534536733602483,
    0.022525165416300296,
    0.012781674046224604,
    0.01556010333103283,
    0.017589407765384143
  ],
  "val_acc": [
    0.5583333333333333,
    0.8104166666666667,
    0.903125,
    0.9208333333333333,
    0.9083333333333333,
    0.9770833333333333,
    0.9875,
    0.990625,
    0.984375,
    0.9895833333333334,
    0.99375,
    0.9947916666666666,
    0.99375,
    0.9927083333333333,
    0.996875,
    0.99375,
    0.9916666666666667,
    0.9958333333333333,
    0.9947916666666666,
    0.99375,
    0.9958333333333333,
    0.996875,
    0.9947916666666666
  ]
}