{
  "split": 14,
  "fold": 5,
  "acc": 0.99375,
  "auc_unknown": 0.9807858333333335,
  "auc_drift_rx": 0.9320497106481481,
  "auc_drift_day": 0.8349328819444444,
  "tau_id": -1.393035650253296,
  "tau_dom": 2028.5303955078125,
  "FRR_stable": 0.09250000000000003,
  "false_drift_stable": 0.0425,
  "FAR_unknown_accept": 0.0022333333333333333,
  "miss_drift": 0.2579375,
  "confusion_matrix": [
    [
      2178,
      102,
      120
    ],
    [
      12381,
      9594,
      26025
    ],
    [
      67,
      4123,
      25810
    ]
  ]
}