{
  "tau_id": -1.393035650253296,
  "tau_dom": 2028.5303955078125
}