{
  "split": 3,
  "fold": 5,
  "tau_id": -1.4338045358657836,
  "tau_dom": 2035.2969787597654,
  "tau_conf": 0.9850731551647186,
  "pseudo_acc_rx": 0.63,
  "pseudo_acc_day": 0.7746666666666666,
  "pseudo_acc_all": 0.7023333333333334,
  "gate_precision": 0.6481900452488688,
  "gate_recall": 0.14325,
  "gate_keep_ratio": 0.0884,
  "conf_precision": 0.6489241223103058,
  "conf_recall": 0.14325,
  "conf_keep_ratio": 0.0883,
  "conf_keep_given_gate": 0.998868778280543,
  "adapt_stream_size": 10000,
  "gate_size": 884,
  "conf_size": 883,
  "oracle_size": 4000,
  "NoAdapt": {
    "stable_acc": 0.9970833333333333,
    "drift_acc_rx": 0.63,
    "drift_acc_day": 0.7746666666666666,
    "drift_acc_all": 0.7023333333333334,
    "FRR_stable": 0.09499999999999997,
    "FAR_unknown_accept": 0.009666666666666667,
    "miss_drift_rx": 0.22833333333333333,
    "miss_drift_day": 0.506,
    "miss_drift_all": 0.36716666666666664,
    "auc_unknown_eval": 0.9758398148148146
  },
  "UngatedAdapt": {
    "stable_acc": 0.9970833333333333,
    "drift_acc_rx": 0.6333333333333333,
    "drift_acc_day": 0.775,
    "drift_acc_all": 0.7041666666666667,
    "FRR_stable": 0.08916666666666662,
    "FAR_unknown_accept": 0.01211111111111111,
    "miss_drift_rx": 0.231,
    "miss_drift_day": 0.5176666666666667,
    "miss_drift_all": 0.37433333333333335,
    "auc_unknown_eval": 0.9742802314814815
  },
  "GatedAdapt": {
    "stable_acc": 0.9970833333333333,
    "drift_acc_rx": 0.64,
    "drift_acc_day": 0.8226666666666667,
    "drift_acc_all": 0.7313333333333333,
    "FRR_stable": 0.08833333333333337,
    "FAR_unknown_accept": 0.01633333333333333,
    "miss_drift_rx": 0.232,
    "miss_drift_day": 0.5266666666666666,
    "miss_drift_all": 0.37933333333333336,
    "auc_unknown_eval": 0.9745250925925928
  },
  "GatedConfAdapt": {
    "stable_acc": 0.9970833333333333,
    "drift_acc_rx": 0.6423333333333333,
    "drift_acc_day": 0.8166666666666667,
    "drift_acc_all": 0.7295,
    "FRR_stable": 0.08875,
    "FAR_unknown_accept": 0.015111111111111112,
    "miss_drift_rx": 0.232,
    "miss_drift_day": 0.5243333333333333,
    "miss_drift_all": 0.37816666666666665,
    "auc_unknown_eval": 0.9747075
  },
  "OracleGatePseudoAdapt": {
    "stable_acc": 0.9970833333333333,
    "drift_acc_rx": 0.624,
    "drift_acc_day": 0.773,
    "drift_acc_all": 0.6985,
    "FRR_stable": 0.11375000000000002,
    "FAR_unknown_accept": 0.014777777777777779,
    "miss_drift_rx": 0.22666666666666666,
    "miss_drift_day": 0.5166666666666667,
    "miss_drift_all": 0.37166666666666665,
    "auc_unknown_eval": 0.9680956018518518
  },
  "OracleLabelAdapt": {
    "stable_acc": 0.9975,
    "drift_acc_rx": 0.8536666666666667,
    "drift_acc_day": 0.962,
    "drift_acc_all": 0.9078333333333334,
    "FRR_stable": 0.4083333333333333,
    "FAR_unknown_accept": 0.0024444444444444444,
    "miss_drift_rx": 0.17533333333333334,
    "miss_drift_day": 0.467,
    "miss_drift_all": 0.32116666666666666,
    "auc_unknown_eval": 0.744971875
  }
}