{
  "split": 9,
  "fold": 5,
  "acc": 0.9958333333333333,
  "auc_drift_rx": 0.9243069212962962,
  "auc_drift_day": 0.8291075347222223,
  "tau_dom": 2098.5519775390608,
  "sid_results": {
    "EmbMaha": {
      "tau_id": -1214.5287719726562,
      "auc_unknown": 0.9853889583333334,
      "FRR_stable": 0.09125000000000005,
      "false_drift_stable": 0.04125,
      "FAR_unknown_accept": 0.0436,
      "miss_drift": 0.307625,
      "confusion_matrix": [
        [
          2181,
          99,
          120
        ],
        [
          14766,
          8136,
          25098
        ],
        [
          1308,
          3027,
          25665
        ]
      ]
    },
    "Energy": {
      "tau_id": 6.065341782569885,
      "auc_unknown": 0.8974986111111112,
      "FRR_stable": 0.09499999999999997,
      "false_drift_stable": 0.045,
      "FAR_unknown_accept": 0.0547,
      "miss_drift": 0.31614583333333335,
      "confusion_matrix": [
        [
          2172,
          108,
          120
        ],
        [
          15175,
          12759,
          20066
        ],
        [
          1641,
          12327,
          16032
        ]
      ]
    },
    "Fusion_lam0.25": {
      "tau_id": -1.2955589294433594,
      "auc_unknown": 0.9876481944444445,
      "FRR_stable": 0.09125000000000005,
      "false_drift_stable": 0.04125,
      "FAR_unknown_accept": 0.036166666666666666,
      "miss_drift": 0.29960416666666667,
      "confusion_matrix": [
        [
          2181,
          99,
          120
        ],
        [
          14381,
          7652,
          25967
        ],
        [
          1085,
          2618,
          26297
        ]
      ]
    },
    "Fusion_lam0.5": {
      "tau_id": -1.4663602113723755,
      "auc_unknown": 0.9882606944444443,
      "FRR_stable": 0.09166666666666667,
      "false_drift_stable": 0.041666666666666664,
      "FAR_unknown_accept": 0.034166666666666665,
      "miss_drift": 0.29170833333333335,
      "confusion_matrix": [
        [
          2180,
          100,
          120
        ],
        [
          14002,
          7541,
          26457
        ],
        [
          1025,
          2427,
          26548
        ]
      ]
    },
    "Fusion_lam1.0": {
      "tau_id": -2.1994712948799133,
      "auc_unknown": 0.9879106944444445,
      "FRR_stable": 0.09166666666666667,
      "false_drift_stable": 0.041666666666666664,
      "FAR_unknown_accept": 0.03673333333333333,
      "miss_drift": 0.29772916666666666,
      "confusion_matrix": [
        [
          2180,
          100,
          120
        ],
        [
          14291,
          8263,
          25446
        ],
        [
          1102,
          2556,
          26342
        ]
      ]
    },
    "Fusion_lam1.5": {
      "tau_id": -3.004198372364044,
      "auc_unknown": 0.9871286805555556,
      "FRR_stable": 0.09250000000000003,
      "false_drift_stable": 0.0425,
      "FAR_unknown_accept": 0.038533333333333336,
      "miss_drift": 0.30125,
      "confusion_matrix": [
        [
          2178,
          102,
          120
        ],
        [
          14460,
          8803,
          24737
        ],
        [
          1156,
          2718,
          26126
        ]
      ]
    },
    "Fusion_lam2.0": {
      "tau_id": -3.7432878732681276,
      "auc_unknown": 0.9861059027777778,
      "FRR_stable": 0.09291666666666665,
      "false_drift_stable": 0.042916666666666665,
      "FAR_unknown_accept": 0.03883333333333333,
      "miss_drift": 0.2974375,
      "confusion_matrix": [
        [
          2177,
          103,
          120
        ],
        [
          14277,
          9107,
          24616
        ],
        [
          1165,
          2806,
          26029
        ]
      ]
    }
  },
  "best_sid": "Fusion_lam0.5"
}