{
  "train_loss": [
    0.8642563647694058,
    0.37266619205474855,
    0.10380772948265075,
    0.0271820570445723,
    0.02069353759288788,
    0.018556685083442263,
    0.015015523231381344,
    0.010957004171278742,
    0.010175095126032829,
    0.009607462129659123,
    0.008284805725432104,
    0.011797205141435067,
    0.008697726184295283,
    0.0048285030035509005,
    0.005579227193569143,
    0.00489550723383824,
    0.004205854526824421,
    0.004001945997070935,
    0.003648577286447916,
    0.0052843857207335535,
    0.0032929901266470552,
    0.0033053988099305165,
    0.0035825172025296423,
    0.002594791182653151,
    0.001699983509671357,
    0.001693319945803119,
    0.0021987386248333175,
    0.0021688964088550874,
    0.002969948807731271,
    0.002143608717273714,
    0.0014532149193756695,
    0.00308714562561363,
    0.0015005725461782681,
    0.0019460185223983393,
    0.0009810080447803355,
    0.0007840142514194465
  ],
  "train_acc": [
    0.6236111111111111,
    0.88125,
    0.9788194444444445,
    0.9958333333333333,
    0.9961805555555555,
    0.9958333333333333,
    0.9965277777777778,
    0.9979166666666667,
    0.9979166666666667,
    0.9982638888888888,
    0.9982638888888888,
    0.9961805555555555,
    0.9975694444444444,
    0.9993055555555556,
    0.9986111111111111,
    0.9993055555555556,
    0.9989583333333333,
    0.9996527777777777,
    0.9996527777777777,
    0.9986111111111111,
    0.9993055555555556,
    0.9993055555555556,
    0.9989583333333333,
    0.9996527777777777,
    0.9996527777777777,
    0.9996527777777777,
    0.9993055555555556,
    0.9996527777777777,
    0.9989583333333333,
    0.9993055555555556,
    0.9996527777777777,
    0.9993055555555556,
    1.0,
    0.9989583333333333,
    1.0,
    1.0
  ],
  "val_loss": [
    3.2788904190063475,
    2.9616905212402345,
    1.68519287109375,
    1.6421045303344726,
    1.0513565301895142,
    0.6839606761932373,
    0.6926690697669983,
    0.5766513228416443,
    0.45963449478149415,
    0.4293408811092377,
    0.2332786500453949,
    0.22043035328388214,
    0.23636149764060974,
    0.19819064438343048,
    0.20323522984981537,
    0.12037742286920547,
    0.18082652986049652,
    0.08519659787416459,
    0.049660132825374605,
    0.10972341001033784,
    0.02924157343804836,
    0.06126485094428062,
    0.025074727460741998,
    0.022655996307730675,
    0.02038394510746002,
    0.010810214839875699,
    0.019054734706878663,
    0.005207842960953712,
    0.051705819368362424,
    0.005899929255247116,
    0.003231789730489254,
    0.05748526379466057,
    0.0041504073422402145,
    0.001646012393757701,
    0.0021843991009518502,
    0.003778712823987007
  ],
  "val_acc": [
    0.190625,
    0.390625,
    0.71875,
    0.740625,
    0.74375,
    0.746875,
    0.746875,
    0.75,
    0.75625,
    0.76875,
    0.871875,
    0.871875,
    0.859375,
    0.9,
    0.884375,
    0.94375,
    0.915625,
    0.978125,
    0.990625,
    0.95,
    0.996875,
    0.9875,
    0.996875,
    0.996875,
    0.996875,
    0.996875,
    0.996875,
    1.0,
    0.9875,
    1.0,
    1.0,
    0.984375,
    1.0,
    1.0,
    1.0,
    1.0
  ]
}