{
  "fold": 5,
  "acc_in_domain": 0.99625,
  "auc_unknown": 0.9458815625,
  "auc_drift_rx": 0.9932574005681819,
  "auc_drift_day": 0.9104025,
  "tau_id": 0.9855595827102661,
  "tau_dom": 6279.20849609375
}