{
  "train_loss": [
    0.3045259094762581,
    0.028559223578001062,
    0.01446691248220978,
    0.013095217181317922,
    0.009460111198670886,
    0.007759355856709321,
    0.007387842106012007,
    0.006629489634737924,
    0.005789041819257869,
    0.0035207540154698546,
    0.0045118347733040095,
    0.003602075212445386,
    0.004200220440031478,
    0.002299156786089211,
    0.0025634155657220012,
    0.0025363155753843278,
    0.003396445694077691,
    0.0033566999726678693,
    0.0016523288214725822,
    0.001629457497081064,
    0.0011620287053692327,
    0.0026209132302837035,
    0.004063105681281606,
    0.0031102115444675157,
    0.0017923042880957601,
    0.0015672087528434565,
    0.0009638815794864462,
    0.0016399540927657789
  ],
  "train_acc": [
    0.8964120370370371,
    0.9917824074074074,
    0.9966435185185185,
    0.9972222222222222,
    0.9971064814814815,
    0.9979166666666667,
    0.9975694444444444,
    0.9982638888888888,
    0.9984953703703704,
    0.9991898148148148,
    0.9986111111111111,
    0.9989583333333333,
    0.9987268518518518,
    0.9993055555555556,
    0.9994212962962963,
    0.9989583333333333,
    0.9987268518518518,
    0.9990740740740741,
    0.9994212962962963,
    0.999537037037037,
    0.9997685185185186,
    0.9994212962962963,
    0.9984953703703704,
    0.9993055555555556,
    0.999537037037037,
    0.9996527777777777,
    0.9997685185185186,
    0.9993055555555556
  ],
  "val_loss": [
    1.0254277070363362,
    0.5521717071533203,
    0.26702179908752444,
    0.3016094277302424,
    0.10650169650713602,
    0.12262825071811675,
    0.06495295477410158,
    0.05389172919094563,
    0.048242434238394104,
    0.025744833610951902,
    0.04407956302165985,
    0.04505901330461105,
    0.11630397289991379,
    0.019387829831490913,
    0.02371455691754818,
    0.07153374105691909,
    0.013410343788564205,
    0.01726962091245999,
    0.01368364004107813,
    0.0026946366876169727,
    0.016827374510467053,
    0.23399503231048585,
    0.0026164319230398783,
    0.03479960486292839,
    0.010042529250495136,
    0.003663273147928218,
    0.005967953964136541,
    0.002689024311257526
  ],
  "val_acc": [
    0.771875,
    0.815625,
    0.8885416666666667,
    0.88125,
    0.9541666666666667,
    0.9552083333333333,
    0.978125,
    0.9822916666666667,
    0.984375,
    0.9947916666666666,
    0.9916666666666667,
    0.9875,
    0.94375,
    0.99375,
    0.99375,
    0.96875,
    0.996875,
    0.9958333333333333,
    0.9947916666666666,
    0.9989583333333333,
    0.996875,
    0.9041666666666667,
    0.9989583333333333,
    0.9927083333333333,
    0.996875,
    0.9989583333333333,
    0.9979166666666667,
    0.9989583333333333
  ]
}