{
  "split": 7,
  "fold": 5,
  "acc": 0.9970833333333333,
  "auc_unknown": 0.8597152777777777,
  "auc_drift_rx": 0.9307469560185185,
  "auc_drift_day": 0.8585902430555556,
  "tau_id": -1.0337145328521729,
  "tau_dom": 2157.92041015625,
  "FRR_stable": 0.09375,
  "false_drift_stable": 0.04375,
  "FAR_unknown_accept": 0.0166,
  "miss_drift": 0.22629166666666667,
  "confusion_matrix": [
    [
      2175,
      105,
      120
    ],
    [
      10862,
      9384,
      27754
    ],
    [
      498,
      7473,
      22029
    ]
  ]
}