{
  "tau_id": -1.0337145328521729,
  "tau_dom": 2157.92041015625
}