{
  "split": 2,
  "fold": 5,
  "false_drift_target": 0.05,
  "tau_id": -1.7158443927764893,
  "tau_dom": 2245.087646484375,
  "tau_conf": 0.9992843866348267,
  "pseudo_acc_rx": 0.6845277777777777,
  "pseudo_acc_day": 0.7818333333333334,
  "pseudo_acc_all": 0.7088541666666667,
  "gate_precision": 0.8783382789317508,
  "gate_recall": 0.148,
  "gate_keep_ratio": 0.0674,
  "conf_precision": 0.8779761904761905,
  "conf_recall": 0.1475,
  "conf_keep_ratio": 0.0672,
  "conf_keep_given_gate": 0.9970326409495549,
  "adapt_stream_size": 10000,
  "gate_size": 674,
  "conf_size": 672,
  "oracle_size": 4000,
  "NoAdapt": {
    "stable_acc": 0.9983333333333333,
    "drift_acc_rx": 0.7076666666666667,
    "drift_acc_day": 0.7873333333333333,
    "drift_acc_all": 0.7475,
    "FRR_stable": 0.09750000000000003,
    "FAR_unknown_accept": 0.0,
    "miss_drift_rx": 0.20966666666666667,
    "miss_drift_day": 0.38666666666666666,
    "miss_drift_all": 0.2981666666666667,
    "auc_unknown_eval": 0.9957039814814814
  },
  "UngatedAdapt": {
    "stable_acc": 0.9979166666666667,
    "drift_acc_rx": 0.7103333333333334,
    "drift_acc_day": 0.7943333333333333,
    "drift_acc_all": 0.7523333333333333,
    "FRR_stable": 0.09791666666666665,
    "FAR_unknown_accept": 0.0,
    "miss_drift_rx": 0.19433333333333333,
    "miss_drift_day": 0.38666666666666666,
    "miss_drift_all": 0.2905,
    "auc_unknown_eval": 0.9944051388888888
  },
  "OracleGatePseudoAdapt": {
    "stable_acc": 0.9979166666666667,
    "drift_acc_rx": 0.706,
    "drift_acc_day": 0.788,
    "drift_acc_all": 0.747,
    "FRR_stable": 0.20625000000000004,
    "FAR_unknown_accept": 0.0,
    "miss_drift_rx": 0.18266666666666667,
    "miss_drift_day": 0.334,
    "miss_drift_all": 0.25833333333333336,
    "auc_unknown_eval": 0.995997962962963
  },
  "OracleLabelAdapt": {
    "stable_acc": 0.99875,
    "drift_acc_rx": 0.9726666666666667,
    "drift_acc_day": 0.9996666666666667,
    "drift_acc_all": 0.9861666666666666,
    "FRR_stable": 0.30541666666666667,
    "FAR_unknown_accept": 0.0,
    "miss_drift_rx": 0.17133333333333334,
    "miss_drift_day": 0.2916666666666667,
    "miss_drift_all": 0.2315,
    "auc_unknown_eval": 0.9960168981481482
  },
  "GatedAdapt": {
    "stable_acc": 0.9979166666666667,
    "drift_acc_rx": 0.7263333333333334,
    "drift_acc_day": 0.8463333333333334,
    "drift_acc_all": 0.7863333333333333,
    "FRR_stable": 0.0904166666666667,
    "FAR_unknown_accept": 0.0,
    "miss_drift_rx": 0.21433333333333332,
    "miss_drift_day": 0.406,
    "miss_drift_all": 0.31016666666666665,
    "auc_unknown_eval": 0.9962867592592592
  },
  "GatedConfAdapt": {
    "stable_acc": 0.9979166666666667,
    "drift_acc_rx": 0.724,
    "drift_acc_day": 0.841,
    "drift_acc_all": 0.7825,
    "FRR_stable": 0.09250000000000003,
    "FAR_unknown_accept": 0.0,
    "miss_drift_rx": 0.21366666666666667,
    "miss_drift_day": 0.4036666666666667,
    "miss_drift_all": 0.30866666666666664,
    "auc_unknown_eval": 0.9969930555555556
  }
}