{
  "split": 2,
  "fold": 5,
  "false_drift_target": 0.01,
  "tau_id": -1.7158443927764893,
  "tau_dom": 4785.42529296875,
  "tau_conf": 0.9992843866348267,
  "pseudo_acc_rx": 0.6845277777777777,
  "pseudo_acc_day": 0.7818333333333334,
  "pseudo_acc_all": 0.7088541666666667,
  "gate_precision": 0.706959706959707,
  "gate_recall": 0.04825,
  "gate_keep_ratio": 0.0273,
  "conf_precision": 0.7047970479704797,
  "conf_recall": 0.04775,
  "conf_keep_ratio": 0.0271,
  "conf_keep_given_gate": 0.9926739926739927,
  "adapt_stream_size": 10000,
  "gate_size": 273,
  "conf_size": 271,
  "oracle_size": 4000,
  "NoAdapt": {
    "stable_acc": 0.9983333333333333,
    "drift_acc_rx": 0.7076666666666667,
    "drift_acc_day": 0.7873333333333333,
    "drift_acc_all": 0.7475,
    "FRR_stable": 0.05874999999999997,
    "FAR_unknown_accept": 0.0005555555555555556,
    "miss_drift_rx": 0.30266666666666664,
    "miss_drift_day": 0.4846666666666667,
    "miss_drift_all": 0.39366666666666666,
    "auc_unknown_eval": 0.9957039814814814
  },
  "UngatedAdapt": {
    "stable_acc": 0.9979166666666667,
    "drift_acc_rx": 0.7103333333333334,
    "drift_acc_day": 0.7943333333333333,
    "drift_acc_all": 0.7523333333333333,
    "FRR_stable": 0.05958333333333332,
    "FAR_unknown_accept": 0.0007777777777777777,
    "miss_drift_rx": 0.28,
    "miss_drift_day": 0.484,
    "miss_drift_all": 0.382,
    "auc_unknown_eval": 0.9944051388888888
  },
  "OracleGatePseudoAdapt": {
    "stable_acc": 0.9979166666666667,
    "drift_acc_rx": 0.706,
    "drift_acc_day": 0.788,
    "drift_acc_all": 0.747,
    "FRR_stable": 0.17583333333333329,
    "FAR_unknown_accept": 0.0,
    "miss_drift_rx": 0.23366666666666666,
    "miss_drift_day": 0.401,
    "miss_drift_all": 0.31733333333333336,
    "auc_unknown_eval": 0.995997962962963
  },
  "OracleLabelAdapt": {
    "stable_acc": 0.99875,
    "drift_acc_rx": 0.9726666666666667,
    "drift_acc_day": 0.9996666666666667,
    "drift_acc_all": 0.9861666666666666,
    "FRR_stable": 0.2845833333333333,
    "FAR_unknown_accept": 0.0,
    "miss_drift_rx": 0.182,
    "miss_drift_day": 0.32033333333333336,
    "miss_drift_all": 0.25116666666666665,
    "auc_unknown_eval": 0.9960168981481482
  },
  "GatedAdapt": {
    "stable_acc": 0.9979166666666667,
    "drift_acc_rx": 0.715,
    "drift_acc_day": 0.8223333333333334,
    "drift_acc_all": 0.7686666666666667,
    "FRR_stable": 0.05500000000000005,
    "FAR_unknown_accept": 0.0003333333333333333,
    "miss_drift_rx": 0.298,
    "miss_drift_day": 0.49333333333333335,
    "miss_drift_all": 0.39566666666666667,
    "auc_unknown_eval": 0.9971073148148148
  },
  "GatedConfAdapt": {
    "stable_acc": 0.9979166666666667,
    "drift_acc_rx": 0.7166666666666667,
    "drift_acc_day": 0.822,
    "drift_acc_all": 0.7693333333333333,
    "FRR_stable": 0.05541666666666667,
    "FAR_unknown_accept": 0.0005555555555555556,
    "miss_drift_rx": 0.30433333333333334,
    "miss_drift_day": 0.49566666666666664,
    "miss_drift_all": 0.4,
    "auc_unknown_eval": 0.9960864351851851
  }
}