{
  "split": 2,
  "fold": 5,
  "false_drift_target": 0.1,
  "tau_id": -1.7158443927764893,
  "tau_dom": 1502.4775390625,
  "tau_conf": 0.9992843866348267,
  "pseudo_acc_rx": 0.6845277777777777,
  "pseudo_acc_day": 0.7818333333333334,
  "pseudo_acc_all": 0.7088541666666667,
  "gate_precision": 0.9142259414225942,
  "gate_recall": 0.2185,
  "gate_keep_ratio": 0.0956,
  "conf_precision": 0.9136842105263158,
  "conf_recall": 0.217,
  "conf_keep_ratio": 0.095,
  "conf_keep_given_gate": 0.9937238493723849,
  "adapt_stream_size": 10000,
  "gate_size": 956,
  "conf_size": 950,
  "oracle_size": 4000,
  "NoAdapt": {
    "stable_acc": 0.9983333333333333,
    "drift_acc_rx": 0.7076666666666667,
    "drift_acc_day": 0.7873333333333333,
    "drift_acc_all": 0.7475,
    "FRR_stable": 0.14625,
    "FAR_unknown_accept": 0.0,
    "miss_drift_rx": 0.16133333333333333,
    "miss_drift_day": 0.295,
    "miss_drift_all": 0.22816666666666666,
    "auc_unknown_eval": 0.9957039814814814
  },
  "UngatedAdapt": {
    "stable_acc": 0.9979166666666667,
    "drift_acc_rx": 0.7103333333333334,
    "drift_acc_day": 0.7943333333333333,
    "drift_acc_all": 0.7523333333333333,
    "FRR_stable": 0.1466666666666666,
    "FAR_unknown_accept": 0.0,
    "miss_drift_rx": 0.15233333333333332,
    "miss_drift_day": 0.295,
    "miss_drift_all": 0.22366666666666668,
    "auc_unknown_eval": 0.9944051388888888
  },
  "OracleGatePseudoAdapt": {
    "stable_acc": 0.9979166666666667,
    "drift_acc_rx": 0.706,
    "drift_acc_day": 0.788,
    "drift_acc_all": 0.747,
    "FRR_stable": 0.2504166666666666,
    "FAR_unknown_accept": 0.0,
    "miss_drift_rx": 0.14933333333333335,
    "miss_drift_day": 0.2613333333333333,
    "miss_drift_all": 0.20533333333333334,
    "auc_unknown_eval": 0.995997962962963
  },
  "OracleLabelAdapt": {
    "stable_acc": 0.99875,
    "drift_acc_rx": 0.9726666666666667,
    "drift_acc_day": 0.9996666666666667,
    "drift_acc_all": 0.9861666666666666,
    "FRR_stable": 0.33958333333333335,
    "FAR_unknown_accept": 0.0,
    "miss_drift_rx": 0.14766666666666667,
    "miss_drift_day": 0.264,
    "miss_drift_all": 0.20583333333333334,
    "auc_unknown_eval": 0.9960168981481482
  },
  "GatedAdapt": {
    "stable_acc": 0.9979166666666667,
    "drift_acc_rx": 0.7246666666666667,
    "drift_acc_day": 0.8426666666666667,
    "drift_acc_all": 0.7836666666666666,
    "FRR_stable": 0.14,
    "FAR_unknown_accept": 0.0,
    "miss_drift_rx": 0.163,
    "miss_drift_day": 0.31533333333333335,
    "miss_drift_all": 0.23916666666666667,
    "auc_unknown_eval": 0.9970048611111111
  },
  "GatedConfAdapt": {
    "stable_acc": 0.9979166666666667,
    "drift_acc_rx": 0.7253333333333334,
    "drift_acc_day": 0.841,
    "drift_acc_all": 0.7831666666666667,
    "FRR_stable": 0.14166666666666672,
    "FAR_unknown_accept": 0.0,
    "miss_drift_rx": 0.16366666666666665,
    "miss_drift_day": 0.31333333333333335,
    "miss_drift_all": 0.2385,
    "auc_unknown_eval": 0.9960410185185185
  }
}