{
  "split": 2,
  "fold": 5,
  "false_drift_target": 0.2,
  "tau_id": -1.7158443927764893,
  "tau_dom": 984.7976684570312,
  "tau_conf": 0.9992843866348267,
  "pseudo_acc_rx": 0.6845277777777777,
  "pseudo_acc_day": 0.7818333333333334,
  "pseudo_acc_all": 0.7088541666666667,
  "gate_precision": 0.93239901071723,
  "gate_recall": 0.28275,
  "gate_keep_ratio": 0.1213,
  "conf_precision": 0.9306846999154691,
  "conf_recall": 0.27525,
  "conf_keep_ratio": 0.1183,
  "conf_keep_given_gate": 0.9752679307502061,
  "adapt_stream_size": 10000,
  "gate_size": 1213,
  "conf_size": 1183,
  "oracle_size": 4000,
  "NoAdapt": {
    "stable_acc": 0.9983333333333333,
    "drift_acc_rx": 0.7076666666666667,
    "drift_acc_day": 0.7873333333333333,
    "drift_acc_all": 0.7475,
    "FRR_stable": 0.2404166666666666,
    "FAR_unknown_accept": 0.0,
    "miss_drift_rx": 0.09533333333333334,
    "miss_drift_day": 0.226,
    "miss_drift_all": 0.16066666666666668,
    "auc_unknown_eval": 0.9957039814814814
  },
  "UngatedAdapt": {
    "stable_acc": 0.9979166666666667,
    "drift_acc_rx": 0.7103333333333334,
    "drift_acc_day": 0.7943333333333333,
    "drift_acc_all": 0.7523333333333333,
    "FRR_stable": 0.23958333333333337,
    "FAR_unknown_accept": 0.0,
    "miss_drift_rx": 0.09133333333333334,
    "miss_drift_day": 0.22666666666666666,
    "miss_drift_all": 0.159,
    "auc_unknown_eval": 0.9944051388888888
  },
  "OracleGatePseudoAdapt": {
    "stable_acc": 0.9979166666666667,
    "drift_acc_rx": 0.706,
    "drift_acc_day": 0.788,
    "drift_acc_all": 0.747,
    "FRR_stable": 0.3175,
    "FAR_unknown_accept": 0.0,
    "miss_drift_rx": 0.09166666666666666,
    "miss_drift_day": 0.20333333333333334,
    "miss_drift_all": 0.1475,
    "auc_unknown_eval": 0.995997962962963
  },
  "OracleLabelAdapt": {
    "stable_acc": 0.99875,
    "drift_acc_rx": 0.9726666666666667,
    "drift_acc_day": 0.9996666666666667,
    "drift_acc_all": 0.9861666666666666,
    "FRR_stable": 0.39749999999999996,
    "FAR_unknown_accept": 0.0,
    "miss_drift_rx": 0.08933333333333333,
    "miss_drift_day": 0.21233333333333335,
    "miss_drift_all": 0.15083333333333335,
    "auc_unknown_eval": 0.9960168981481482
  },
  "GatedAdapt": {
    "stable_acc": 0.9979166666666667,
    "drift_acc_rx": 0.7263333333333334,
    "drift_acc_day": 0.8553333333333333,
    "drift_acc_all": 0.7908333333333334,
    "FRR_stable": 0.23333333333333328,
    "FAR_unknown_accept": 0.0,
    "miss_drift_rx": 0.09566666666666666,
    "miss_drift_day": 0.246,
    "miss_drift_all": 0.17083333333333334,
    "auc_unknown_eval": 0.9964375462962964
  },
  "GatedConfAdapt": {
    "stable_acc": 0.9979166666666667,
    "drift_acc_rx": 0.7266666666666667,
    "drift_acc_day": 0.8433333333333334,
    "drift_acc_all": 0.785,
    "FRR_stable": 0.23333333333333328,
    "FAR_unknown_accept": 0.0,
    "miss_drift_rx": 0.09566666666666666,
    "miss_drift_day": 0.24666666666666667,
    "miss_drift_all": 0.17116666666666666,
    "auc_unknown_eval": 0.9963322222222222
  }
}