{
  "train_loss": [
    0.2730905650528493,
    0.012603841649575367,
    0.009660810254583204,
    0.006586715129755989,
    0.005500208481249434,
    0.004006974872080954,
    0.003709524930713491,
    0.003138374269150922,
    0.0035859174427093454,
    0.0020174198665362957,
    0.002819376188132015,
    0.0035278499290278113,
    0.0024514627908097785,
    0.0015544267625685919
  ],
  "train_acc": [
    0.9087962962962963,
    0.9971064814814815,
    0.9979166666666667,
    0.9984953703703704,
    0.9988425925925926,
    0.9989583333333333,
    0.9990740740740741,
    0.9991898148148148,
    0.9987268518518518,
    0.9993055555555556,
    0.9993055555555556,
    0.9989583333333333,
    0.9993055555555556,
    0.9996527777777777
  ],
  "val_loss": [
    0.3396874765555064,
    0.13340096871058146,
    0.03902216839293639,
    0.04097383307913939,
    0.027314856834709644,
    0.021415879484266043,
    0.018224752872871855,
    0.010635450329088296,
    0.012495597052232672,
    0.026666349554822468,
    0.010479052569523143,
    0.013171277516933817,
    0.021623765196030337,
    0.012627210607752204
  ],
  "val_acc": [
    0.8697916666666666,
    0.9510416666666667,
    0.990625,
    0.990625,
    0.9947916666666666,
    0.9979166666666667,
    0.9958333333333333,
    0.9979166666666667,
    0.9979166666666667,
    0.9958333333333333,
    0.9979166666666667,
    0.9958333333333333,
    0.996875,
    0.9979166666666667
  ]
}