{
  "split": 4,
  "fold": 2,
  "acc": 0.9958333333333333,
  "auc_unknown": 0.9969810416666667,
  "auc_drift_rx": 0.9186711979166666,
  "auc_drift_day": 0.8358087152777778,
  "tau_id": -1.420297622680664,
  "tau_dom": 2301.610595703125,
  "FRR_stable": 0.09583333333333333,
  "false_drift_stable": 0.04583333333333333,
  "FAR_unknown_accept": 0.00013333333333333334,
  "miss_drift": 0.225125,
  "confusion_matrix": [
    [
      2170,
      110,
      120
    ],
    [
      10806,
      6968,
      30226
    ],
    [
      4,
      173,
      29823
    ]
  ]
}