{
  "tau_id": -1.420297622680664,
  "tau_dom": 2301.610595703125
}