{
  "tau_id_single": -1024.6998474121094,
  "tau_dom_single": 2604.999487304686,
  "tau_id_low": -2565.529353027344,
  "tau_id_high": -757.7815673828125,
  "tau_dom_dual": 2604.999487304686
}