{
  "train_loss": [
    0.4034856167104509,
    0.12257173169910172,
    0.07163406610488891,
    0.04614573243637512,
    0.03627751670938767,
    0.03095300272911971,
    0.024404376163434834,
    0.022721171967777204,
    0.020231307814771563,
    0.016901060524195387,
    0.015670535741603854,
    0.013131170814144022,
    0.014067209171085261,
    0.01190702757211747,
    0.011979338334568627,
    0.010719629718108609,
    0.011650658985254941,
    0.009545314991501746,
    0.007868498391299336
  ],
  "train_acc": [
    0.8206018518518519,
    0.9548996913580247,
    0.9751157407407407,
    0.9846836419753087,
    0.9873456790123457,
    0.9892361111111111,
    0.9919753086419754,
    0.9922453703703704,
    0.992554012345679,
    0.9942129629629629,
    0.9945601851851852,
    0.9956404320987654,
    0.9949845679012346,
    0.9960262345679012,
    0.9955246913580247,
    0.9959104938271605,
    0.9963734567901235,
    0.9967206790123457,
    0.9972222222222222
  ],
  "val_loss": [
    0.148244532611635,
    0.05334466728899214,
    0.05133185939242443,
    0.03565567194794615,
    0.02665436523190389,
    0.020415260798634132,
    0.019914173774628174,
    0.014920269437829524,
    0.012324742499105115,
    0.013592733116497079,
    0.012337328350986354,
    0.01924255142027202,
    0.013717834221218557,
    0.01184173347711395,
    0.01446275822814237,
    0.013063633665216104,
    0.011508700004196726,
    0.010530069491425011,
    0.012408524274117856
  ],
  "val_acc": [
    0.9472222222222222,
    0.9836805555555556,
    0.9826388888888888,
    0.9878472222222222,
    0.9930555555555556,
    0.9944444444444445,
    0.9940972222222222,
    0.9947916666666666,
    0.9954861111111111,
    0.9958333333333333,
    0.9979166666666667,
    0.9951388888888889,
    0.9965277777777778,
    0.9961805555555555,
    0.9961805555555555,
    0.9958333333333333,
    0.9958333333333333,
    0.9975694444444444,
    0.9958333333333333
  ]
}