{
  "split": 3,
  "fold": 2,
  "acc": 0.9958333333333333,
  "auc_unknown": 0.9226527739197531,
  "auc_drRX_V0": 0.6848646412037037,
  "auc_drRX_V1": 0.8627115625,
  "auc_drRX_V1k": 0.8126010590277779,
  "auc_drRX_V2": 0.4829779861111111,
  "auc_drRX_V3": 0.6139022164351852,
  "auc_drDAY_V0": 0.519101456404321,
  "auc_drDAY_V1": 0.7321101369598766,
  "auc_drDAY_V1k": 0.7200028337191358,
  "auc_drDAY_V2": 0.48355125385802467,
  "auc_drDAY_V3": 0.4743112847222222
}