{
  "split": 3,
  "fold": 1,
  "tau_id": -1.1892219483852386,
  "tau_dom": 1954.6486694335936,
  "tau_conf": 0.9973807573318482,
  "pseudo_acc_rx": 0.6656666666666666,
  "pseudo_acc_day": 0.7853333333333333,
  "pseudo_acc_all": 0.7255,
  "gate_precision": 0.48646288209606986,
  "gate_recall": 0.13925,
  "gate_keep_ratio": 0.1145,
  "conf_precision": 0.5408602150537635,
  "conf_recall": 0.12575,
  "conf_keep_ratio": 0.093,
  "conf_keep_given_gate": 0.8122270742358079,
  "adapt_stream_size": 10000,
  "gate_size": 1145,
  "conf_size": 930,
  "oracle_size": 4000,
  "NoAdapt": {
    "stable_acc": 0.9958333333333333,
    "drift_acc_rx": 0.6656666666666666,
    "drift_acc_day": 0.7853333333333333,
    "drift_acc_all": 0.7255,
    "FRR_stable": 0.09166666666666667,
    "FAR_unknown_accept": 0.022222222222222223,
    "miss_drift_rx": 0.21666666666666667,
    "miss_drift_day": 0.533,
    "miss_drift_all": 0.37483333333333335,
    "auc_unknown_eval": 0.9505416666666667
  },
  "UngatedAdapt": {
    "stable_acc": 0.9958333333333333,
    "drift_acc_rx": 0.6683333333333333,
    "drift_acc_day": 0.782,
    "drift_acc_all": 0.7251666666666666,
    "FRR_stable": 0.09624999999999995,
    "FAR_unknown_accept": 0.04011111111111111,
    "miss_drift_rx": 0.20166666666666666,
    "miss_drift_day": 0.5196666666666667,
    "miss_drift_all": 0.3606666666666667,
    "auc_unknown_eval": 0.9537155092592593
  },
  "GatedAdapt": {
    "stable_acc": 0.9970833333333333,
    "drift_acc_rx": 0.681,
    "drift_acc_day": 0.8133333333333334,
    "drift_acc_all": 0.7471666666666666,
    "FRR_stable": 0.08750000000000002,
    "FAR_unknown_accept": 0.025222222222222222,
    "miss_drift_rx": 0.218,
    "miss_drift_day": 0.552,
    "miss_drift_all": 0.385,
    "auc_unknown_eval": 0.9541768055555555
  },
  "GatedConfAdapt": {
    "stable_acc": 0.9966666666666667,
    "drift_acc_rx": 0.677,
    "drift_acc_day": 0.8036666666666666,
    "drift_acc_all": 0.7403333333333333,
    "FRR_stable": 0.08875,
    "FAR_unknown_accept": 0.025111111111111112,
    "miss_drift_rx": 0.217,
    "miss_drift_day": 0.5543333333333333,
    "miss_drift_all": 0.38566666666666666,
    "auc_unknown_eval": 0.9523071759259261
  },
  "OracleGatePseudoAdapt": {
    "stable_acc": 0.99625,
    "drift_acc_rx": 0.6713333333333333,
    "drift_acc_day": 0.7893333333333333,
    "drift_acc_all": 0.7303333333333333,
    "FRR_stable": 0.15249999999999997,
    "FAR_unknown_accept": 0.022333333333333334,
    "miss_drift_rx": 0.179,
    "miss_drift_day": 0.488,
    "miss_drift_all": 0.3335,
    "auc_unknown_eval": 0.9279905555555557
  },
  "OracleLabelAdapt": {
    "stable_acc": 0.9975,
    "drift_acc_rx": 0.834,
    "drift_acc_day": 0.977,
    "drift_acc_all": 0.9055,
    "FRR_stable": 0.5016666666666667,
    "FAR_unknown_accept": 0.013888888888888888,
    "miss_drift_rx": 0.14133333333333334,
    "miss_drift_day": 0.2803333333333333,
    "miss_drift_all": 0.21083333333333334,
    "auc_unknown_eval": 0.7564156481481481
  }
}