{
  "split": 6,
  "fold": 2,
  "acc": 0.9966666666666667,
  "auc_drift_rx": 0.9378659780092592,
  "auc_drift_day": 0.8492347222222223,
  "tau_dom": 2300.744445800768,
  "sid_results": {
    "EmbMaha": {
      "tau_id": -908.1636688232422,
      "auc_unknown": 0.979664236111111,
      "FRR_stable": 0.09250000000000003,
      "false_drift_stable": 0.0425,
      "FAR_unknown_accept": 0.03133333333333333,
      "miss_drift": 0.257375,
      "confusion_matrix": [
        [
          2178,
          102,
          120
        ],
        [
          12354,
          3343,
          32303
        ],
        [
          940,
          2433,
          26627
        ]
      ]
    },
    "Energy": {
      "tau_id": 7.0150775671005245,
      "auc_unknown": 0.8449793055555557,
      "FRR_stable": 0.09583333333333333,
      "false_drift_stable": 0.04583333333333333,
      "FAR_unknown_accept": 0.05266666666666667,
      "miss_drift": 0.27508333333333335,
      "confusion_matrix": [
        [
          2170,
          110,
          120
        ],
        [
          13204,
          12179,
          22617
        ],
        [
          1580,
          9036,
          19384
        ]
      ]
    },
    "Fusion_lam0.25": {
      "tau_id": -0.7792875498533248,
      "auc_unknown": 0.9812585416666667,
      "FRR_stable": 0.09333333333333338,
      "false_drift_stable": 0.043333333333333335,
      "FAR_unknown_accept": 0.0263,
      "miss_drift": 0.25304166666666666,
      "confusion_matrix": [
        [
          2176,
          104,
          120
        ],
        [
          12146,
          3785,
          32069
        ],
        [
          789,
          2425,
          26786
        ]
      ]
    },
    "Fusion_lam0.5": {
      "tau_id": -1.0568588852882386,
      "auc_unknown": 0.9808720833333332,
      "FRR_stable": 0.09333333333333338,
      "false_drift_stable": 0.043333333333333335,
      "FAR_unknown_accept": 0.0254,
      "miss_drift": 0.2535,
      "confusion_matrix": [
        [
          2176,
          104,
          120
        ],
        [
          12168,
          4330,
          31502
        ],
        [
          762,
          2685,
          26553
        ]
      ]
    },
    "Fusion_lam1.0": {
      "tau_id": -1.662454229593277,
      "auc_unknown": 0.9784414583333333,
      "FRR_stable": 0.09416666666666662,
      "false_drift_stable": 0.04416666666666667,
      "FAR_unknown_accept": 0.025433333333333332,
      "miss_drift": 0.255,
      "confusion_matrix": [
        [
          2174,
          106,
          120
        ],
        [
          12240,
          5073,
          30687
        ],
        [
          763,
          3042,
          26195
        ]
      ]
    },
    "Fusion_lam1.5": {
      "tau_id": -2.2965987801551817,
      "auc_unknown": 0.9754063888888889,
      "FRR_stable": 0.09416666666666662,
      "false_drift_stable": 0.04416666666666667,
      "FAR_unknown_accept": 0.0267,
      "miss_drift": 0.25614583333333335,
      "confusion_matrix": [
        [
          2174,
          106,
          120
        ],
        [
          12295,
          5586,
          30119
        ],
        [
          801,
          3291,
          25908
        ]
      ]
    },
    "Fusion_lam2.0": {
      "tau_id": -2.8905513525009154,
      "auc_unknown": 0.9721728472222222,
      "FRR_stable": 0.09416666666666662,
      "false_drift_stable": 0.04416666666666667,
      "FAR_unknown_accept": 0.026933333333333333,
      "miss_drift": 0.25629166666666664,
      "confusion_matrix": [
        [
          2174,
          106,
          120
        ],
        [
          12302,
          5971,
          29727
        ],
        [
          808,
          3467,
          25725
        ]
      ]
    }
  },
  "best_sid": "Fusion_lam0.25"
}