{
  "train_loss": [
    0.3029239553820204,
    0.05572130433111279,
    0.035031824165748224,
    0.02361638075614601,
    0.021865752703268772,
    0.01831108339872487,
    0.01653504757969468,
    0.013568958732368493,
    0.012385059058534004,
    0.011184712457413107,
    0.010737108464214813,
    0.009214160414010195,
    0.007834954742115152,
    0.008085410156715546,
    0.00743832276076981,
    0.007862195713419675,
    0.0070489618613206444,
    0.006928790833105413,
    0.00764053414556353,
    0.0064301285816552,
    0.006792592365646097,
    0.006884746534791545,
    0.005856811479855053,
    0.005609352720210064,
    0.0053969407561924995,
    0.004433980583533771,
    0.006225472159560103,
    0.004409215099143761,
    0.006035858214858712,
    0.0043597746506781766,
    0.0030892192410882906,
    0.004879468234894039,
    0.005478413861437505,
    0.0042512937931826825,
    0.0036690103743127604
  ],
  "train_acc": [
    0.883179012345679,
    0.9837962962962963,
    0.9893904320987654,
    0.9926311728395062,
    0.9927469135802469,
    0.9940972222222222,
    0.9943287037037037,
    0.995408950617284,
    0.9955632716049383,
    0.9957947530864197,
    0.9963348765432098,
    0.9964120370370371,
    0.9970293209876543,
    0.9972993827160493,
    0.9972222222222222,
    0.9972608024691358,
    0.9975694444444444,
    0.9974151234567902,
    0.9976466049382716,
    0.9978780864197531,
    0.9974151234567902,
    0.997608024691358,
    0.9980324074074074,
    0.9978780864197531,
    0.9982638888888888,
    0.9984953703703704,
    0.9977237654320987,
    0.9988040123456791,
    0.9979166666666667,
    0.9988811728395062,
    0.9989969135802469,
    0.9984953703703704,
    0.9983024691358025,
    0.9988425925925926,
    0.9989197530864198
  ],
  "val_loss": [
    0.25046878821320007,
    0.12665445175435808,
    0.041782773389584485,
    0.03099475798662752,
    0.024426728644822208,
    0.016338435199253987,
    0.016537538583442153,
    0.016554486320819704,
    0.012267993434862647,
    0.010015129626521634,
    0.009335423225355853,
    0.016946546796437662,
    0.006616402288717735,
    0.010119102811192231,
    0.009209091045583288,
    0.009589033371028361,
    0.009469750519727111,
    0.008297661657848544,
    0.009761385967107749,
    0.0052263168542695995,
    0.00528152553573212,
    0.007961629443040389,
    0.007746675124063687,
    0.008168486503159834,
    0.0075242159414402624,
    0.007601451348859377,
    0.007782160548999349,
    0.006605633487035649,
    0.009731583710365359,
    0.004879262646399082,
    0.006510007742730926,
    0.008430504695085498,
    0.008899827911793383,
    0.006757244243393264,
    0.0055361077951804165
  ],
  "val_acc": [
    0.9375,
    0.9635416666666666,
    0.9885416666666667,
    0.9930555555555556,
    0.9930555555555556,
    0.99375,
    0.9947916666666666,
    0.9930555555555556,
    0.9958333333333333,
    0.9958333333333333,
    0.9961805555555555,
    0.9940972222222222,
    0.9975694444444444,
    0.9972222222222222,
    0.996875,
    0.9965277777777778,
    0.9965277777777778,
    0.996875,
    0.9961805555555555,
    0.9979166666666667,
    0.9975694444444444,
    0.9972222222222222,
    0.9975694444444444,
    0.9972222222222222,
    0.9979166666666667,
    0.9975694444444444,
    0.9986111111111111,
    0.9975694444444444,
    0.9958333333333333,
    0.9979166666666667,
    0.9979166666666667,
    0.9982638888888888,
    0.996875,
    0.9972222222222222,
    0.9975694444444444
  ]
}