{
  "split": 1,
  "fold": 4,
  "acc": 0.9975,
  "auc_unknown": 0.9030904861111112,
  "auc_drRX_V0": 0.6995547337962963,
  "auc_drRX_V1": 0.8533222685185184,
  "auc_drRX_V1k": 0.8154882175925925,
  "auc_drRX_V2": 0.4959935648148148,
  "auc_drRX_V3": 0.6286470833333334,
  "auc_drDAY_V0": 0.5502951581790123,
  "auc_drDAY_V1": 0.7559649980709876,
  "auc_drDAY_V1k": 0.740276294367284,
  "auc_drDAY_V2": 0.5366495582561728,
  "auc_drDAY_V3": 0.5103489891975308
}