{
  "train_loss": [
    1.4773579054504482,
    1.3093742052138762,
    1.2340302281913598,
    1.1843686826824316,
    1.152977080020555,
    1.124461437380591,
    1.1036465435132359,
    1.0861682343258983,
    1.074095109440633,
    1.0594031871714578,
    1.0458259668442753,
    1.0336080427513492,
    1.022019795271349,
    1.0165747440634239,
    1.0035225674567376,
    0.9943799716416886,
    0.981041405301202,
    0.9750034601097571,
    0.9667085624890465,
    0.9561220645794383,
    0.9479554931793965,
    0.928381345533873,
    0.926772133514214,
    0.9157712927276614,
    0.9050736925129381,
    0.8949472970300107,
    0.8873615321991128,
    0.8726831885803724,
    0.8607598050669164,
    0.8511384194609235,
    0.8354977595683112,
    0.832731618281599,
    0.8197380654914306,
    0.8073503387078985
  ],
  "train_acc": [
    0.40058524564916065,
    0.4844832896965963,
    0.512821500077006,
    0.5338056368396735,
    0.5417757585091637,
    0.5542507315570615,
    0.5651855844755891,
    0.5727706761127368,
    0.5740797782227014,
    0.5767364854458648,
    0.5837055290312645,
    0.5866702602803019,
    0.5903665485907901,
    0.5937163098721701,
    0.5981056522408748,
    0.6053827198521484,
    0.6080009240720776,
    0.6093870321885108,
    0.6158555367318651,
    0.6158555367318651,
    0.6161635607577391,
    0.6276759587247805,
    0.6278684737409518,
    0.6302171569382412,
    0.6354920683813338,
    0.6383412906206685,
    0.6440397350993378,
    0.6473124903742492,
    0.6552441090405051,
    0.6566687201601725,
    0.6645618358231942,
    0.6631757277067611,
    0.6714538734021254,
    0.6747266286770368
  ],
  "val_loss": [
    1.3697506038113731,
    1.2406787529768522,
    1.1803938909874425,
    1.1399400670978803,
    1.0933077882439466,
    1.087888332710729,
    1.0614571814727123,
    1.0660670154222789,
    1.057257153153213,
    1.036743431570625,
    1.0341256031956996,
    1.057417823165087,
    1.0559279572405889,
    1.0541667254793374,
    1.0218235900538426,
    1.0327436500653444,
    1.0349038949459017,
    1.0395455875471105,
    1.0518596370877178,
    1.0517154580798884,
    1.0304077895303325,
    1.052762711564631,
    1.033987077022136,
    1.042207207402902,
    1.0439035607582567,
    1.0576748267203517,
    1.0647127433294234,
    1.1041333342342277,
    1.0984810037050958,
    1.0923136743763704,
    1.0978095362463278,
    1.1168641935807992,
    1.0860882603729618,
    1.1170829071329207
  ],
  "val_acc": [
    0.4734835355285962,
    0.5088388214904679,
    0.5379549393414211,
    0.5559792027729636,
    0.5688041594454073,
    0.565684575389948,
    0.5819757365684576,
    0.5736568457538995,
    0.5788561525129983,
    0.5878682842287695,
    0.5882149046793761,
    0.5844020797227036,
    0.5819757365684576,
    0.5844020797227036,
    0.5916811091854419,
    0.5868284228769497,
    0.5951473136915078,
    0.5944540727902946,
    0.5882149046793761,
    0.5951473136915078,
    0.5920277296360485,
    0.5906412478336222,
    0.5954939341421144,
    0.5937608318890815,
    0.5951473136915078,
    0.5982668977469671,
    0.5854419410745234,
    0.5896013864818024,
    0.5961871750433275,
    0.5868284228769497,
    0.5916811091854419,
    0.5844020797227036,
    0.5892547660311959,
    0.5916811091854419
  ]
}