{
  "fold": 3,
  "acc_in_domain": 0.5022434099831744,
  "auc_unknown_by_Sid": 0.5424631557562247,
  "auc_drift_by_Sdom": 0.6063383623123298,
  "tau_id": 0.7546012997627258,
  "tau_dom": 91.37407684326172
}