{
  "tau_id_p05_stable": 0.7546012997627258,
  "tau_dom_p95_stable": 91.37407684326172
}