{
  "tau_id_single": -945.0636047363281,
  "tau_dom_single": 1923.916943359374,
  "tau_id_low": -4364.603583984374,
  "tau_id_high": -682.5919189453125,
  "tau_dom_dual": 1923.916943359374
}