{
  "split": 2,
  "fold": 2,
  "false_drift_target": 0.01,
  "tau_id": -1.2303075790405273,
  "tau_dom": 6043.12890625,
  "tau_conf": 0.9993936419487,
  "pseudo_acc_rx": 0.6475277777777778,
  "pseudo_acc_day": 0.7781666666666667,
  "pseudo_acc_all": 0.6801875,
  "gate_precision": 0.7265625,
  "gate_recall": 0.02325,
  "gate_keep_ratio": 0.0128,
  "conf_precision": 0.7265625,
  "conf_recall": 0.02325,
  "conf_keep_ratio": 0.0128,
  "conf_keep_given_gate": 1.0,
  "adapt_stream_size": 10000,
  "gate_size": 128,
  "conf_size": 128,
  "oracle_size": 4000,
  "NoAdapt": {
    "stable_acc": 0.9979166666666667,
    "drift_acc_rx": 0.633,
    "drift_acc_day": 0.7706666666666667,
    "drift_acc_all": 0.7018333333333333,
    "FRR_stable": 0.0591666666666667,
    "FAR_unknown_accept": 0.008,
    "miss_drift_rx": 0.28733333333333333,
    "miss_drift_day": 0.49566666666666664,
    "miss_drift_all": 0.3915,
    "auc_unknown_eval": 0.9951366666666667
  },
  "UngatedAdapt": {
    "stable_acc": 0.9979166666666667,
    "drift_acc_rx": 0.6333333333333333,
    "drift_acc_day": 0.774,
    "drift_acc_all": 0.7036666666666667,
    "FRR_stable": 0.17291666666666672,
    "FAR_unknown_accept": 0.011111111111111112,
    "miss_drift_rx": 0.16666666666666666,
    "miss_drift_day": 0.30633333333333335,
    "miss_drift_all": 0.2365,
    "auc_unknown_eval": 0.9867383796296296
  },
  "OracleGatePseudoAdapt": {
    "stable_acc": 0.9975,
    "drift_acc_rx": 0.6333333333333333,
    "drift_acc_day": 0.7796666666666666,
    "drift_acc_all": 0.7065,
    "FRR_stable": 0.09666666666666668,
    "FAR_unknown_accept": 0.002777777777777778,
    "miss_drift_rx": 0.25033333333333335,
    "miss_drift_day": 0.467,
    "miss_drift_all": 0.3586666666666667,
    "auc_unknown_eval": 0.9930818055555556
  },
  "OracleLabelAdapt": {
    "stable_acc": 0.9991666666666666,
    "drift_acc_rx": 0.9703333333333334,
    "drift_acc_day": 0.9976666666666667,
    "drift_acc_all": 0.984,
    "FRR_stable": 0.3154166666666667,
    "FAR_unknown_accept": 0.0005555555555555556,
    "miss_drift_rx": 0.162,
    "miss_drift_day": 0.30433333333333334,
    "miss_drift_all": 0.23316666666666666,
    "auc_unknown_eval": 0.994949537037037
  },
  "GatedAdapt": {
    "stable_acc": 0.9979166666666667,
    "drift_acc_rx": 0.639,
    "drift_acc_day": 0.792,
    "drift_acc_all": 0.7155,
    "FRR_stable": 0.05291666666666661,
    "FAR_unknown_accept": 0.00811111111111111,
    "miss_drift_rx": 0.2956666666666667,
    "miss_drift_day": 0.49966666666666665,
    "miss_drift_all": 0.39766666666666667,
    "auc_unknown_eval": 0.9953194444444443
  },
  "GatedConfAdapt": {
    "stable_acc": 0.9979166666666667,
    "drift_acc_rx": 0.636,
    "drift_acc_day": 0.7793333333333333,
    "drift_acc_all": 0.7076666666666667,
    "FRR_stable": 0.05625000000000002,
    "FAR_unknown_accept": 0.008,
    "miss_drift_rx": 0.2926666666666667,
    "miss_drift_day": 0.498,
    "miss_drift_all": 0.3953333333333333,
    "auc_unknown_eval": 0.9953519907407409
  }
}