{
  "split": 2,
  "fold": 2,
  "false_drift_target": 0.1,
  "tau_id": -1.2303075790405273,
  "tau_dom": 1583.65234375,
  "tau_conf": 0.9993936419487,
  "pseudo_acc_rx": 0.6475277777777778,
  "pseudo_acc_day": 0.7781666666666667,
  "pseudo_acc_all": 0.6801875,
  "gate_precision": 0.8989169675090253,
  "gate_recall": 0.18675,
  "gate_keep_ratio": 0.0831,
  "conf_precision": 0.8989169675090253,
  "conf_recall": 0.18675,
  "conf_keep_ratio": 0.0831,
  "conf_keep_given_gate": 1.0,
  "adapt_stream_size": 10000,
  "gate_size": 831,
  "conf_size": 831,
  "oracle_size": 4000,
  "NoAdapt": {
    "stable_acc": 0.9979166666666667,
    "drift_acc_rx": 0.633,
    "drift_acc_day": 0.7706666666666667,
    "drift_acc_all": 0.7018333333333333,
    "FRR_stable": 0.14500000000000002,
    "FAR_unknown_accept": 0.0,
    "miss_drift_rx": 0.15266666666666667,
    "miss_drift_day": 0.28833333333333333,
    "miss_drift_all": 0.2205,
    "auc_unknown_eval": 0.9951366666666667
  },
  "UngatedAdapt": {
    "stable_acc": 0.9979166666666667,
    "drift_acc_rx": 0.6333333333333333,
    "drift_acc_day": 0.774,
    "drift_acc_all": 0.7036666666666667,
    "FRR_stable": 0.25375000000000003,
    "FAR_unknown_accept": 0.0,
    "miss_drift_rx": 0.056,
    "miss_drift_day": 0.108,
    "miss_drift_all": 0.082,
    "auc_unknown_eval": 0.9867383796296296
  },
  "OracleGatePseudoAdapt": {
    "stable_acc": 0.9975,
    "drift_acc_rx": 0.6333333333333333,
    "drift_acc_day": 0.7796666666666666,
    "drift_acc_all": 0.7065,
    "FRR_stable": 0.18000000000000005,
    "FAR_unknown_accept": 0.0,
    "miss_drift_rx": 0.14633333333333334,
    "miss_drift_day": 0.27,
    "miss_drift_all": 0.20816666666666667,
    "auc_unknown_eval": 0.9930818055555556
  },
  "OracleLabelAdapt": {
    "stable_acc": 0.9991666666666666,
    "drift_acc_rx": 0.9703333333333334,
    "drift_acc_day": 0.9976666666666667,
    "drift_acc_all": 0.984,
    "FRR_stable": 0.38583333333333336,
    "FAR_unknown_accept": 0.0,
    "miss_drift_rx": 0.10366666666666667,
    "miss_drift_day": 0.154,
    "miss_drift_all": 0.12883333333333333,
    "auc_unknown_eval": 0.994949537037037
  },
  "GatedAdapt": {
    "stable_acc": 0.9975,
    "drift_acc_rx": 0.6393333333333333,
    "drift_acc_day": 0.8026666666666666,
    "drift_acc_all": 0.721,
    "FRR_stable": 0.1383333333333333,
    "FAR_unknown_accept": 0.0,
    "miss_drift_rx": 0.161,
    "miss_drift_day": 0.2926666666666667,
    "miss_drift_all": 0.22683333333333333,
    "auc_unknown_eval": 0.9953644212962962
  },
  "GatedConfAdapt": {
    "stable_acc": 0.9975,
    "drift_acc_rx": 0.6403333333333333,
    "drift_acc_day": 0.805,
    "drift_acc_all": 0.7226666666666667,
    "FRR_stable": 0.13958333333333328,
    "FAR_unknown_accept": 0.0,
    "miss_drift_rx": 0.15833333333333333,
    "miss_drift_day": 0.2926666666666667,
    "miss_drift_all": 0.2255,
    "auc_unknown_eval": 0.9953189814814815
  }
}