{
  "split": 2,
  "fold": 2,
  "false_drift_target": 0.05,
  "tau_id": -1.2303075790405273,
  "tau_dom": 2535.677001953125,
  "tau_conf": 0.9993936419487,
  "pseudo_acc_rx": 0.6475277777777778,
  "pseudo_acc_day": 0.7781666666666667,
  "pseudo_acc_all": 0.6801875,
  "gate_precision": 0.8526315789473684,
  "gate_recall": 0.1215,
  "gate_keep_ratio": 0.057,
  "conf_precision": 0.8526315789473684,
  "conf_recall": 0.1215,
  "conf_keep_ratio": 0.057,
  "conf_keep_given_gate": 1.0,
  "adapt_stream_size": 10000,
  "gate_size": 570,
  "conf_size": 570,
  "oracle_size": 4000,
  "NoAdapt": {
    "stable_acc": 0.9979166666666667,
    "drift_acc_rx": 0.633,
    "drift_acc_day": 0.7706666666666667,
    "drift_acc_all": 0.7018333333333333,
    "FRR_stable": 0.09750000000000003,
    "FAR_unknown_accept": 0.0,
    "miss_drift_rx": 0.198,
    "miss_drift_day": 0.37366666666666665,
    "miss_drift_all": 0.28583333333333333,
    "auc_unknown_eval": 0.9951366666666667
  },
  "UngatedAdapt": {
    "stable_acc": 0.9979166666666667,
    "drift_acc_rx": 0.6333333333333333,
    "drift_acc_day": 0.774,
    "drift_acc_all": 0.7036666666666667,
    "FRR_stable": 0.2091666666666666,
    "FAR_unknown_accept": 0.0,
    "miss_drift_rx": 0.08733333333333333,
    "miss_drift_day": 0.186,
    "miss_drift_all": 0.13666666666666666,
    "auc_unknown_eval": 0.9867383796296296
  },
  "OracleGatePseudoAdapt": {
    "stable_acc": 0.9975,
    "drift_acc_rx": 0.6333333333333333,
    "drift_acc_day": 0.7796666666666666,
    "drift_acc_all": 0.7065,
    "FRR_stable": 0.13375000000000004,
    "FAR_unknown_accept": 0.0,
    "miss_drift_rx": 0.183,
    "miss_drift_day": 0.347,
    "miss_drift_all": 0.265,
    "auc_unknown_eval": 0.9930818055555556
  },
  "OracleLabelAdapt": {
    "stable_acc": 0.9991666666666666,
    "drift_acc_rx": 0.9703333333333334,
    "drift_acc_day": 0.9976666666666667,
    "drift_acc_all": 0.984,
    "FRR_stable": 0.3470833333333333,
    "FAR_unknown_accept": 0.0,
    "miss_drift_rx": 0.12766666666666668,
    "miss_drift_day": 0.20733333333333334,
    "miss_drift_all": 0.1675,
    "auc_unknown_eval": 0.994949537037037
  },
  "GatedAdapt": {
    "stable_acc": 0.9975,
    "drift_acc_rx": 0.6406666666666667,
    "drift_acc_day": 0.8043333333333333,
    "drift_acc_all": 0.7225,
    "FRR_stable": 0.09125000000000005,
    "FAR_unknown_accept": 0.0,
    "miss_drift_rx": 0.20666666666666667,
    "miss_drift_day": 0.37766666666666665,
    "miss_drift_all": 0.2921666666666667,
    "auc_unknown_eval": 0.9952685648148147
  },
  "GatedConfAdapt": {
    "stable_acc": 0.9975,
    "drift_acc_rx": 0.6406666666666667,
    "drift_acc_day": 0.8036666666666666,
    "drift_acc_all": 0.7221666666666666,
    "FRR_stable": 0.0904166666666667,
    "FAR_unknown_accept": 0.0,
    "miss_drift_rx": 0.20633333333333334,
    "miss_drift_day": 0.37766666666666665,
    "miss_drift_all": 0.292,
    "auc_unknown_eval": 0.9954006018518519
  }
}