{
  "split": 2,
  "fold": 2,
  "false_drift_target": 0.2,
  "tau_id": -1.2303075790405273,
  "tau_dom": 1001.1024780273438,
  "tau_conf": 0.9993936419487,
  "pseudo_acc_rx": 0.6475277777777778,
  "pseudo_acc_day": 0.7781666666666667,
  "pseudo_acc_all": 0.6801875,
  "gate_precision": 0.9244444444444444,
  "gate_recall": 0.26,
  "gate_keep_ratio": 0.1125,
  "conf_precision": 0.9238351254480287,
  "conf_recall": 0.25775,
  "conf_keep_ratio": 0.1116,
  "conf_keep_given_gate": 0.992,
  "adapt_stream_size": 10000,
  "gate_size": 1125,
  "conf_size": 1116,
  "oracle_size": 4000,
  "NoAdapt": {
    "stable_acc": 0.9979166666666667,
    "drift_acc_rx": 0.633,
    "drift_acc_day": 0.7706666666666667,
    "drift_acc_all": 0.7018333333333333,
    "FRR_stable": 0.2416666666666667,
    "FAR_unknown_accept": 0.0,
    "miss_drift_rx": 0.08766666666666667,
    "miss_drift_day": 0.21533333333333332,
    "miss_drift_all": 0.1515,
    "auc_unknown_eval": 0.9951366666666667
  },
  "UngatedAdapt": {
    "stable_acc": 0.9979166666666667,
    "drift_acc_rx": 0.6333333333333333,
    "drift_acc_day": 0.774,
    "drift_acc_all": 0.7036666666666667,
    "FRR_stable": 0.33333333333333337,
    "FAR_unknown_accept": 0.0,
    "miss_drift_rx": 0.029,
    "miss_drift_day": 0.06333333333333334,
    "miss_drift_all": 0.04616666666666667,
    "auc_unknown_eval": 0.9867383796296296
  },
  "OracleGatePseudoAdapt": {
    "stable_acc": 0.9975,
    "drift_acc_rx": 0.6333333333333333,
    "drift_acc_day": 0.7796666666666666,
    "drift_acc_all": 0.7065,
    "FRR_stable": 0.2729166666666667,
    "FAR_unknown_accept": 0.0,
    "miss_drift_rx": 0.086,
    "miss_drift_day": 0.19966666666666666,
    "miss_drift_all": 0.14283333333333334,
    "auc_unknown_eval": 0.9930818055555556
  },
  "OracleLabelAdapt": {
    "stable_acc": 0.9991666666666666,
    "drift_acc_rx": 0.9703333333333334,
    "drift_acc_day": 0.9976666666666667,
    "drift_acc_all": 0.984,
    "FRR_stable": 0.44791666666666663,
    "FAR_unknown_accept": 0.0,
    "miss_drift_rx": 0.061,
    "miss_drift_day": 0.11433333333333333,
    "miss_drift_all": 0.08766666666666667,
    "auc_unknown_eval": 0.994949537037037
  },
  "GatedAdapt": {
    "stable_acc": 0.9975,
    "drift_acc_rx": 0.6393333333333333,
    "drift_acc_day": 0.802,
    "drift_acc_all": 0.7206666666666667,
    "FRR_stable": 0.23624999999999996,
    "FAR_unknown_accept": 0.0,
    "miss_drift_rx": 0.09066666666666667,
    "miss_drift_day": 0.21933333333333332,
    "miss_drift_all": 0.155,
    "auc_unknown_eval": 0.9953922222222222
  },
  "GatedConfAdapt": {
    "stable_acc": 0.9975,
    "drift_acc_rx": 0.641,
    "drift_acc_day": 0.8066666666666666,
    "drift_acc_all": 0.7238333333333333,
    "FRR_stable": 0.235,
    "FAR_unknown_accept": 0.0,
    "miss_drift_rx": 0.09166666666666666,
    "miss_drift_day": 0.219,
    "miss_drift_all": 0.15533333333333332,
    "auc_unknown_eval": 0.9952252314814816
  }
}