{
  "split": 3,
  "fold": 3,
  "tau_id": -1.4408214211463928,
  "tau_dom": 1878.1471008300775,
  "tau_conf": 0.9988391757011413,
  "pseudo_acc_rx": 0.6486666666666666,
  "pseudo_acc_day": 0.779,
  "pseudo_acc_all": 0.7138333333333333,
  "gate_precision": 0.5204941044357103,
  "gate_recall": 0.23175,
  "gate_keep_ratio": 0.1781,
  "conf_precision": 0.5351089588377724,
  "conf_recall": 0.221,
  "conf_keep_ratio": 0.1652,
  "conf_keep_given_gate": 0.9275687815833801,
  "adapt_stream_size": 10000,
  "gate_size": 1781,
  "conf_size": 1652,
  "oracle_size": 4000,
  "NoAdapt": {
    "stable_acc": 0.9941666666666666,
    "drift_acc_rx": 0.6486666666666666,
    "drift_acc_day": 0.779,
    "drift_acc_all": 0.7138333333333333,
    "FRR_stable": 0.09125000000000005,
    "FAR_unknown_accept": 0.030555555555555555,
    "miss_drift_rx": 0.24966666666666668,
    "miss_drift_day": 0.5066666666666667,
    "miss_drift_all": 0.37816666666666665,
    "auc_unknown_eval": 0.9419431944444444
  },
  "UngatedAdapt": {
    "stable_acc": 0.99625,
    "drift_acc_rx": 0.6506666666666666,
    "drift_acc_day": 0.785,
    "drift_acc_all": 0.7178333333333333,
    "FRR_stable": 0.08333333333333337,
    "FAR_unknown_accept": 0.04588888888888889,
    "miss_drift_rx": 0.257,
    "miss_drift_day": 0.49433333333333335,
    "miss_drift_all": 0.37566666666666665,
    "auc_unknown_eval": 0.9561420833333332
  },
  "GatedAdapt": {
    "stable_acc": 0.9979166666666667,
    "drift_acc_rx": 0.657,
    "drift_acc_day": 0.806,
    "drift_acc_all": 0.7315,
    "FRR_stable": 0.08374999999999999,
    "FAR_unknown_accept": 0.033,
    "miss_drift_rx": 0.25466666666666665,
    "miss_drift_day": 0.513,
    "miss_drift_all": 0.38383333333333336,
    "auc_unknown_eval": 0.9411411574074073
  },
  "GatedConfAdapt": {
    "stable_acc": 0.9975,
    "drift_acc_rx": 0.656,
    "drift_acc_day": 0.8083333333333333,
    "drift_acc_all": 0.7321666666666666,
    "FRR_stable": 0.08374999999999999,
    "FAR_unknown_accept": 0.03411111111111111,
    "miss_drift_rx": 0.25433333333333336,
    "miss_drift_day": 0.5096666666666667,
    "miss_drift_all": 0.382,
    "auc_unknown_eval": 0.9417996296296296
  },
  "OracleGatePseudoAdapt": {
    "stable_acc": 0.9954166666666666,
    "drift_acc_rx": 0.648,
    "drift_acc_day": 0.7766666666666666,
    "drift_acc_all": 0.7123333333333334,
    "FRR_stable": 0.08499999999999996,
    "FAR_unknown_accept": 0.03711111111111111,
    "miss_drift_rx": 0.24533333333333332,
    "miss_drift_day": 0.4563333333333333,
    "miss_drift_all": 0.35083333333333333,
    "auc_unknown_eval": 0.9334587962962962
  },
  "OracleLabelAdapt": {
    "stable_acc": 0.9908333333333333,
    "drift_acc_rx": 0.848,
    "drift_acc_day": 0.9146666666666666,
    "drift_acc_all": 0.8813333333333333,
    "FRR_stable": 0.5666666666666667,
    "FAR_unknown_accept": 0.002777777777777778,
    "miss_drift_rx": 0.11466666666666667,
    "miss_drift_day": 0.27166666666666667,
    "miss_drift_all": 0.19316666666666665,
    "auc_unknown_eval": 0.7162722222222222
  }
}