{
  "train_loss": [
    0.2845949015614611,
    0.01918899938809099,
    0.011328630863378446,
    0.008245587387311928,
    0.006052555505151826,
    0.005550910725637718,
    0.005472474929842132,
    0.005011565283078838,
    0.005457918120642986,
    0.004283198716412126,
    0.002950799569953233,
    0.003278469303579725,
    0.002862592523538128,
    0.003025359514113343,
    0.0036466688937421337,
    0.0021374507688624025,
    0.0017491898959700915,
    0.0026727017991813934,
    0.0022316682240300536,
    0.0017675535960868863,
    0.0013168681967524916,
    0.0022688677973174316,
    0.0017483286295221963
  ],
  "train_acc": [
    0.9012731481481482,
    0.997337962962963,
    0.9979166666666667,
    0.9980324074074074,
    0.9984953703703704,
    0.9986111111111111,
    0.9987268518518518,
    0.9984953703703704,
    0.9984953703703704,
    0.9987268518518518,
    0.9989583333333333,
    0.9988425925925926,
    0.9991898148148148,
    0.9991898148148148,
    0.9986111111111111,
    0.9990740740740741,
    0.9994212962962963,
    0.9989583333333333,
    0.9993055555555556,
    0.9991898148148148,
    0.9996527777777777,
    0.9990740740740741,
    0.9993055555555556
  ],
  "val_loss": [
    0.2663415551185608,
    0.10590227643648784,
    0.029967754893004895,
    0.04211838928361734,
    0.023416708006213108,
    0.023305122802654902,
    0.016490755633761487,
    0.010796173786123594,
    0.005967822833918035,
    0.009641015777985255,
    0.00985581533362468,
    0.010312421099903683,
    0.014194687354999284,
    0.03238354797164599,
    0.007646825249927739,
    0.009668349334970117,
    0.008276755907960858,
    0.014487774421771368,
    0.008544156777497846,
    0.008267140493747624,
    0.011238898364050934,
    0.01107114037440624,
    0.007741999369075833
  ],
  "val_acc": [
    0.903125,
    0.9677083333333333,
    0.9916666666666667,
    0.9864583333333333,
    0.99375,
    0.9895833333333334,
    0.9947916666666666,
    0.9958333333333333,
    0.9979166666666667,
    0.9958333333333333,
    0.9979166666666667,
    0.9958333333333333,
    0.996875,
    0.9916666666666667,
    0.9989583333333333,
    0.9979166666666667,
    0.9979166666666667,
    0.996875,
    0.9979166666666667,
    0.9979166666666667,
    0.9979166666666667,
    0.9979166666666667,
    0.9979166666666667
  ]
}