{
  "split": 2,
  "fold": 2,
  "acc": 0.9979166666666667,
  "auc_unknown": {
    "cosine_proto": 0.7916437500000001,
    "MSP": 0.7205319097222221,
    "Energy": 0.7189808680555555,
    "NegEntropy": 0.7217409027777778,
    "Margin": 0.7145435416666668,
    "EmbMaha": 0.997478888888889
  },
  "auc_drRX": {
    "V1_minDist": 0.9234896412037037,
    "V1_softminDist": 0.9234896412037036,
    "V1_mixNLL": 0.9245257523148147,
    "V1_weightedMixNLL": 0.888420295138889,
    "V0_deviceDist": 0.8019553877314816,
    "V2_rxPooledMinDist": 0.7571147511574075,
    "VZ_pca_minDist": 0.8386803009259259
  },
  "auc_drDAY": {
    "V1_minDist": 0.8408164930555556,
    "V1_softminDist": 0.8408157638888889,
    "V1_mixNLL": 0.84253421875,
    "V1_weightedMixNLL": 0.7880171527777778,
    "V0_deviceDist": 0.6406985416666666,
    "V2_rxPooledMinDist": 0.5967291493055555,
    "VZ_pca_minDist": 0.693144375
  }
}