{
  "train_loss": [
    0.2583340832480678,
    0.01502762740150232,
    0.009657977073004953,
    0.007649761591865509,
    0.003730925842171052,
    0.006149351996093713,
    0.003048465848055289,
    0.004757795554016613,
    0.002717288164421916,
    0.0026594098465499917,
    0.0033341518573083537,
    0.0029353331940472818,
    0.0017336536500671947,
    0.0023924500252447884,
    0.001974865805607772,
    0.0026500912513627017,
    0.0012185357464693004,
    0.0030210759538156842,
    0.0013266626602099105,
    0.0012057501901937132
  ],
  "train_acc": [
    0.9118055555555555,
    0.9980324074074074,
    0.9984953703703704,
    0.9988425925925926,
    0.9990740740740741,
    0.9986111111111111,
    0.9994212962962963,
    0.9988425925925926,
    0.9991898148148148,
    0.9993055555555556,
    0.9989583333333333,
    0.9993055555555556,
    0.999537037037037,
    0.9990740740740741,
    0.9994212962962963,
    0.9994212962962963,
    0.9996527777777777,
    0.9994212962962963,
    0.9997685185185186,
    0.9996527777777777
  ],
  "val_loss": [
    0.8858221928278606,
    0.6833836873372395,
    0.16542239487171173,
    0.06500624964634577,
    0.0756455898284912,
    0.08119488110144933,
    0.04019321476419767,
    0.014287128920356433,
    0.01257130311181148,
    0.01563654119769732,
    0.05327960352102915,
    0.008429561508819461,
    0.010075213736854494,
    0.09019233832756678,
    0.008071359846023066,
    0.0117795907969897,
    0.005827088438187881,
    0.0034919289173558354,
    0.007369808938043813,
    0.017276240264376005
  ],
  "val_acc": [
    0.740625,
    0.775,
    0.921875,
    0.9791666666666666,
    0.9729166666666667,
    0.971875,
    0.9885416666666667,
    0.996875,
    0.9979166666666667,
    0.9979166666666667,
    0.9833333333333333,
    0.9989583333333333,
    0.9989583333333333,
    0.9635416666666666,
    0.9989583333333333,
    0.9989583333333333,
    0.9989583333333333,
    0.9989583333333333,
    0.9989583333333333,
    0.9947916666666666
  ]
}