{
  "split": 2,
  "fold": 5,
  "acc": 0.9970833333333333,
  "auc_unknown": 0.994926736111111,
  "auc_drift_rx": 0.9250594155092593,
  "auc_drift_day": 0.8140384895833332,
  "tau_id": -1.4953707456588745,
  "tau_dom": 2245.087646484375,
  "FRR_stable": 0.09750000000000003,
  "false_drift_stable": 0.0475,
  "FAR_unknown_accept": 0.00013333333333333334,
  "miss_drift": 0.22391666666666668,
  "confusion_matrix": [
    [
      2166,
      114,
      120
    ],
    [
      10748,
      6837,
      30415
    ],
    [
      4,
      285,
      29711
    ]
  ]
}