{
  "tau_id": -1.4953707456588745,
  "tau_dom": 2245.087646484375
}