{
  "split": 4,
  "fold": 3,
  "false_drift_target": 0.2,
  "tau_id": -1.0671786069869995,
  "tau_dom": 977.0291748046875,
  "tau_conf": 0.9997944831848145,
  "pseudo_acc_rx": 0.6402777777777777,
  "pseudo_acc_day": 0.73175,
  "pseudo_acc_all": 0.6631458333333333,
  "gate_precision": 0.9252252252252252,
  "gate_recall": 0.25675,
  "gate_keep_ratio": 0.111,
  "conf_precision": 0.9242700729927007,
  "conf_recall": 0.25325,
  "conf_keep_ratio": 0.1096,
  "conf_keep_given_gate": 0.9873873873873874,
  "adapt_stream_size": 10000,
  "gate_size": 1110,
  "conf_size": 1096,
  "oracle_size": 4000,
  "NoAdapt": {
    "stable_acc": 0.9970833333333333,
    "drift_acc_rx": 0.6316666666666667,
    "drift_acc_day": 0.7253333333333334,
    "drift_acc_all": 0.6785,
    "FRR_stable": 0.24124999999999996,
    "FAR_unknown_accept": 0.0,
    "miss_drift_rx": 0.08633333333333333,
    "miss_drift_day": 0.22733333333333333,
    "miss_drift_all": 0.15683333333333332,
    "auc_unknown_eval": 0.9943518518518519
  },
  "UngatedAdapt": {
    "stable_acc": 0.9966666666666667,
    "drift_acc_rx": 0.631,
    "drift_acc_day": 0.728,
    "drift_acc_all": 0.6795,
    "FRR_stable": 0.24291666666666667,
    "FAR_unknown_accept": 0.0,
    "miss_drift_rx": 0.08066666666666666,
    "miss_drift_day": 0.22333333333333333,
    "miss_drift_all": 0.152,
    "auc_unknown_eval": 0.992296111111111
  },
  "OracleGatePseudoAdapt": {
    "stable_acc": 0.9970833333333333,
    "drift_acc_rx": 0.6313333333333333,
    "drift_acc_day": 0.7266666666666667,
    "drift_acc_all": 0.679,
    "FRR_stable": 0.4258333333333333,
    "FAR_unknown_accept": 0.0,
    "miss_drift_rx": 0.008333333333333333,
    "miss_drift_day": 0.01633333333333333,
    "miss_drift_all": 0.012333333333333333,
    "auc_unknown_eval": 0.9913132407407408
  },
  "OracleLabelAdapt": {
    "stable_acc": 0.99875,
    "drift_acc_rx": 0.9496666666666667,
    "drift_acc_day": 0.998,
    "drift_acc_all": 0.9738333333333333,
    "FRR_stable": 0.5141666666666667,
    "FAR_unknown_accept": 0.0,
    "miss_drift_rx": 0.012666666666666666,
    "miss_drift_day": 0.05733333333333333,
    "miss_drift_all": 0.035,
    "auc_unknown_eval": 0.9954658333333334
  },
  "GatedAdapt": {
    "stable_acc": 0.9975,
    "drift_acc_rx": 0.6333333333333333,
    "drift_acc_day": 0.7266666666666667,
    "drift_acc_all": 0.68,
    "FRR_stable": 0.23833333333333329,
    "FAR_unknown_accept": 0.0,
    "miss_drift_rx": 0.08666666666666667,
    "miss_drift_day": 0.22766666666666666,
    "miss_drift_all": 0.15716666666666668,
    "auc_unknown_eval": 0.9944416666666667
  },
  "GatedConfAdapt": {
    "stable_acc": 0.9975,
    "drift_acc_rx": 0.6336666666666667,
    "drift_acc_day": 0.7266666666666667,
    "drift_acc_all": 0.6801666666666667,
    "FRR_stable": 0.23833333333333329,
    "FAR_unknown_accept": 0.0,
    "miss_drift_rx": 0.08666666666666667,
    "miss_drift_day": 0.22733333333333333,
    "miss_drift_all": 0.157,
    "auc_unknown_eval": 0.9944446296296297
  }
}