{
  "split": 4,
  "fold": 3,
  "false_drift_target": 0.1,
  "tau_id": -1.0671786069869995,
  "tau_dom": 1514.5565185546875,
  "tau_conf": 0.9997944831848145,
  "pseudo_acc_rx": 0.6402777777777777,
  "pseudo_acc_day": 0.73175,
  "pseudo_acc_all": 0.6631458333333333,
  "gate_precision": 0.9060022650056625,
  "gate_recall": 0.2,
  "gate_keep_ratio": 0.0883,
  "conf_precision": 0.9060022650056625,
  "conf_recall": 0.2,
  "conf_keep_ratio": 0.0883,
  "conf_keep_given_gate": 1.0,
  "adapt_stream_size": 10000,
  "gate_size": 883,
  "conf_size": 883,
  "oracle_size": 4000,
  "NoAdapt": {
    "stable_acc": 0.9970833333333333,
    "drift_acc_rx": 0.6316666666666667,
    "drift_acc_day": 0.7253333333333334,
    "drift_acc_all": 0.6785,
    "FRR_stable": 0.14458333333333329,
    "FAR_unknown_accept": 0.0,
    "miss_drift_rx": 0.13733333333333334,
    "miss_drift_day": 0.2976666666666667,
    "miss_drift_all": 0.2175,
    "auc_unknown_eval": 0.9943518518518519
  },
  "UngatedAdapt": {
    "stable_acc": 0.9966666666666667,
    "drift_acc_rx": 0.631,
    "drift_acc_day": 0.728,
    "drift_acc_all": 0.6795,
    "FRR_stable": 0.14625,
    "FAR_unknown_accept": 0.0,
    "miss_drift_rx": 0.12866666666666668,
    "miss_drift_day": 0.2936666666666667,
    "miss_drift_all": 0.21116666666666667,
    "auc_unknown_eval": 0.992296111111111
  },
  "OracleGatePseudoAdapt": {
    "stable_acc": 0.9970833333333333,
    "drift_acc_rx": 0.6313333333333333,
    "drift_acc_day": 0.7266666666666667,
    "drift_acc_all": 0.679,
    "FRR_stable": 0.3720833333333333,
    "FAR_unknown_accept": 0.0,
    "miss_drift_rx": 0.023,
    "miss_drift_day": 0.037333333333333336,
    "miss_drift_all": 0.030166666666666668,
    "auc_unknown_eval": 0.9913132407407408
  },
  "OracleLabelAdapt": {
    "stable_acc": 0.99875,
    "drift_acc_rx": 0.9496666666666667,
    "drift_acc_day": 0.998,
    "drift_acc_all": 0.9738333333333333,
    "FRR_stable": 0.45833333333333337,
    "FAR_unknown_accept": 0.0,
    "miss_drift_rx": 0.024666666666666667,
    "miss_drift_day": 0.08166666666666667,
    "miss_drift_all": 0.05316666666666667,
    "auc_unknown_eval": 0.9954658333333334
  },
  "GatedAdapt": {
    "stable_acc": 0.9975,
    "drift_acc_rx": 0.6336666666666667,
    "drift_acc_day": 0.7266666666666667,
    "drift_acc_all": 0.6801666666666667,
    "FRR_stable": 0.14083333333333337,
    "FAR_unknown_accept": 0.0,
    "miss_drift_rx": 0.13766666666666666,
    "miss_drift_day": 0.298,
    "miss_drift_all": 0.21783333333333332,
    "auc_unknown_eval": 0.9944429629629629
  },
  "GatedConfAdapt": {
    "stable_acc": 0.9975,
    "drift_acc_rx": 0.6336666666666667,
    "drift_acc_day": 0.7266666666666667,
    "drift_acc_all": 0.6801666666666667,
    "FRR_stable": 0.1429166666666667,
    "FAR_unknown_accept": 0.0,
    "miss_drift_rx": 0.13766666666666666,
    "miss_drift_day": 0.298,
    "miss_drift_all": 0.21783333333333332,
    "auc_unknown_eval": 0.9945699999999998
  }
}