{
  "split": 4,
  "fold": 3,
  "false_drift_target": 0.05,
  "tau_id": -1.0671786069869995,
  "tau_dom": 2427.046875,
  "tau_conf": 0.9997944831848145,
  "pseudo_acc_rx": 0.6402777777777777,
  "pseudo_acc_day": 0.73175,
  "pseudo_acc_all": 0.6631458333333333,
  "gate_precision": 0.8656957928802589,
  "gate_recall": 0.13375,
  "gate_keep_ratio": 0.0618,
  "conf_precision": 0.8656957928802589,
  "conf_recall": 0.13375,
  "conf_keep_ratio": 0.0618,
  "conf_keep_given_gate": 1.0,
  "adapt_stream_size": 10000,
  "gate_size": 618,
  "conf_size": 618,
  "oracle_size": 4000,
  "NoAdapt": {
    "stable_acc": 0.9970833333333333,
    "drift_acc_rx": 0.6316666666666667,
    "drift_acc_day": 0.7253333333333334,
    "drift_acc_all": 0.6785,
    "FRR_stable": 0.09750000000000003,
    "FAR_unknown_accept": 0.0,
    "miss_drift_rx": 0.177,
    "miss_drift_day": 0.38333333333333336,
    "miss_drift_all": 0.2801666666666667,
    "auc_unknown_eval": 0.9943518518518519
  },
  "UngatedAdapt": {
    "stable_acc": 0.9966666666666667,
    "drift_acc_rx": 0.631,
    "drift_acc_day": 0.728,
    "drift_acc_all": 0.6795,
    "FRR_stable": 0.09916666666666663,
    "FAR_unknown_accept": 0.0,
    "miss_drift_rx": 0.16866666666666666,
    "miss_drift_day": 0.37966666666666665,
    "miss_drift_all": 0.27416666666666667,
    "auc_unknown_eval": 0.992296111111111
  },
  "OracleGatePseudoAdapt": {
    "stable_acc": 0.9970833333333333,
    "drift_acc_rx": 0.6313333333333333,
    "drift_acc_day": 0.7266666666666667,
    "drift_acc_all": 0.679,
    "FRR_stable": 0.3308333333333333,
    "FAR_unknown_accept": 0.0,
    "miss_drift_rx": 0.053,
    "miss_drift_day": 0.11733333333333333,
    "miss_drift_all": 0.08516666666666667,
    "auc_unknown_eval": 0.9913132407407408
  },
  "OracleLabelAdapt": {
    "stable_acc": 0.99875,
    "drift_acc_rx": 0.9496666666666667,
    "drift_acc_day": 0.998,
    "drift_acc_all": 0.9738333333333333,
    "FRR_stable": 0.42708333333333337,
    "FAR_unknown_accept": 0.0,
    "miss_drift_rx": 0.04133333333333333,
    "miss_drift_day": 0.12,
    "miss_drift_all": 0.08066666666666666,
    "auc_unknown_eval": 0.9954658333333334
  },
  "GatedAdapt": {
    "stable_acc": 0.9975,
    "drift_acc_rx": 0.6333333333333333,
    "drift_acc_day": 0.7266666666666667,
    "drift_acc_all": 0.68,
    "FRR_stable": 0.09458333333333335,
    "FAR_unknown_accept": 0.0,
    "miss_drift_rx": 0.17733333333333334,
    "miss_drift_day": 0.38333333333333336,
    "miss_drift_all": 0.2803333333333333,
    "auc_unknown_eval": 0.9943322685185185
  },
  "GatedConfAdapt": {
    "stable_acc": 0.9970833333333333,
    "drift_acc_rx": 0.6333333333333333,
    "drift_acc_day": 0.7266666666666667,
    "drift_acc_all": 0.68,
    "FRR_stable": 0.09375,
    "FAR_unknown_accept": 0.0,
    "miss_drift_rx": 0.17733333333333334,
    "miss_drift_day": 0.38333333333333336,
    "miss_drift_all": 0.2803333333333333,
    "auc_unknown_eval": 0.9943532870370372
  }
}