{
  "split": 4,
  "fold": 3,
  "false_drift_target": 0.01,
  "tau_id": -1.0671786069869995,
  "tau_dom": 4751.1826171875,
  "tau_conf": 0.9997944831848145,
  "pseudo_acc_rx": 0.6402777777777777,
  "pseudo_acc_day": 0.73175,
  "pseudo_acc_all": 0.6631458333333333,
  "gate_precision": 0.6928838951310862,
  "gate_recall": 0.04625,
  "gate_keep_ratio": 0.0267,
  "conf_precision": 0.6928838951310862,
  "conf_recall": 0.04625,
  "conf_keep_ratio": 0.0267,
  "conf_keep_given_gate": 1.0,
  "adapt_stream_size": 10000,
  "gate_size": 267,
  "conf_size": 267,
  "oracle_size": 4000,
  "NoAdapt": {
    "stable_acc": 0.9970833333333333,
    "drift_acc_rx": 0.6316666666666667,
    "drift_acc_day": 0.7253333333333334,
    "drift_acc_all": 0.6785,
    "FRR_stable": 0.05874999999999997,
    "FAR_unknown_accept": 0.0003333333333333333,
    "miss_drift_rx": 0.26033333333333336,
    "miss_drift_day": 0.476,
    "miss_drift_all": 0.36816666666666664,
    "auc_unknown_eval": 0.9943518518518519
  },
  "UngatedAdapt": {
    "stable_acc": 0.9966666666666667,
    "drift_acc_rx": 0.631,
    "drift_acc_day": 0.728,
    "drift_acc_all": 0.6795,
    "FRR_stable": 0.060416666666666674,
    "FAR_unknown_accept": 0.0006666666666666666,
    "miss_drift_rx": 0.25233333333333335,
    "miss_drift_day": 0.47333333333333333,
    "miss_drift_all": 0.36283333333333334,
    "auc_unknown_eval": 0.992296111111111
  },
  "OracleGatePseudoAdapt": {
    "stable_acc": 0.9970833333333333,
    "drift_acc_rx": 0.6313333333333333,
    "drift_acc_day": 0.7266666666666667,
    "drift_acc_all": 0.679,
    "FRR_stable": 0.29208333333333336,
    "FAR_unknown_accept": 0.00011111111111111112,
    "miss_drift_rx": 0.124,
    "miss_drift_day": 0.20633333333333334,
    "miss_drift_all": 0.16516666666666666,
    "auc_unknown_eval": 0.9913132407407408
  },
  "OracleLabelAdapt": {
    "stable_acc": 0.99875,
    "drift_acc_rx": 0.9496666666666667,
    "drift_acc_day": 0.998,
    "drift_acc_all": 0.9738333333333333,
    "FRR_stable": 0.3983333333333333,
    "FAR_unknown_accept": 0.0,
    "miss_drift_rx": 0.06366666666666666,
    "miss_drift_day": 0.16733333333333333,
    "miss_drift_all": 0.1155,
    "auc_unknown_eval": 0.9954658333333334
  },
  "GatedAdapt": {
    "stable_acc": 0.9975,
    "drift_acc_rx": 0.6333333333333333,
    "drift_acc_day": 0.7266666666666667,
    "drift_acc_all": 0.68,
    "FRR_stable": 0.05666666666666664,
    "FAR_unknown_accept": 0.0003333333333333333,
    "miss_drift_rx": 0.25966666666666666,
    "miss_drift_day": 0.47633333333333333,
    "miss_drift_all": 0.368,
    "auc_unknown_eval": 0.9945556481481481
  },
  "GatedConfAdapt": {
    "stable_acc": 0.9970833333333333,
    "drift_acc_rx": 0.6333333333333333,
    "drift_acc_day": 0.7266666666666667,
    "drift_acc_all": 0.68,
    "FRR_stable": 0.05541666666666667,
    "FAR_unknown_accept": 0.0003333333333333333,
    "miss_drift_rx": 0.26066666666666666,
    "miss_drift_day": 0.47633333333333333,
    "miss_drift_all": 0.3685,
    "auc_unknown_eval": 0.99441
  }
}