{
  "split": 1,
  "fold": 2,
  "acc": 0.99625,
  "auc_drift_rx": 0.9517358912037037,
  "auc_drift_day": 0.8518270659722222,
  "tau_dom": 2459.278564453119,
  "sid_results": {
    "EmbMaha": {
      "tau_id": -1069.6046936035157,
      "auc_unknown": 0.5422605902777777,
      "FRR_stable": 0.09458333333333335,
      "false_drift_stable": 0.044583333333333336,
      "FAR_unknown_accept": 0.40176666666666666,
      "miss_drift": 0.17808333333333334,
      "confusion_matrix": [
        [
          2173,
          107,
          120
        ],
        [
          8548,
          8532,
          30920
        ],
        [
          12053,
          12812,
          5135
        ]
      ]
    },
    "Energy": {
      "tau_id": 5.055506253242493,
      "auc_unknown": 0.7304829166666669,
      "FRR_stable": 0.09666666666666668,
      "false_drift_stable": 0.04666666666666667,
      "FAR_unknown_accept": 0.40963333333333335,
      "miss_drift": 0.20325,
      "confusion_matrix": [
        [
          2168,
          112,
          120
        ],
        [
          9756,
          14038,
          24206
        ],
        [
          12289,
          12563,
          5148
        ]
      ]
    },
    "Fusion_lam0.25": {
      "tau_id": -0.9683381348848342,
      "auc_unknown": 0.6744805555555555,
      "FRR_stable": 0.09291666666666665,
      "false_drift_stable": 0.042916666666666665,
      "FAR_unknown_accept": 0.4009,
      "miss_drift": 0.1736875,
      "confusion_matrix": [
        [
          2177,
          103,
          120
        ],
        [
          8337,
          8272,
          31391
        ],
        [
          12027,
          12396,
          5577
        ]
      ]
    },
    "Fusion_lam0.5": {
      "tau_id": -1.2349840462207793,
      "auc_unknown": 0.6965527083333333,
      "FRR_stable": 0.09458333333333335,
      "false_drift_stable": 0.044583333333333336,
      "FAR_unknown_accept": 0.4005666666666667,
      "miss_drift": 0.17222916666666666,
      "confusion_matrix": [
        [
          2173,
          107,
          120
        ],
        [
          8267,
          8333,
          31400
        ],
        [
          12017,
          12219,
          5764
        ]
      ]
    },
    "Fusion_lam1.0": {
      "tau_id": -1.7668769299983977,
      "auc_unknown": 0.7165669791666667,
      "FRR_stable": 0.09458333333333335,
      "false_drift_stable": 0.044583333333333336,
      "FAR_unknown_accept": 0.39976666666666666,
      "miss_drift": 0.16875,
      "confusion_matrix": [
        [
          2173,
          107,
          120
        ],
        [
          8100,
          8487,
          31413
        ],
        [
          11993,
          11995,
          6012
        ]
      ]
    },
    "Fusion_lam1.5": {
      "tau_id": -2.3808075189590454,
      "auc_unknown": 0.7252911111111109,
      "FRR_stable": 0.09499999999999997,
      "false_drift_stable": 0.045,
      "FAR_unknown_accept": 0.40016666666666667,
      "miss_drift": 0.17210416666666667,
      "confusion_matrix": [
        [
          2172,
          108,
          120
        ],
        [
          8261,
          8797,
          30942
        ],
        [
          12005,
          11976,
          6019
        ]
      ]
    },
    "Fusion_lam2.0": {
      "tau_id": -3.0305521845817567,
      "auc_unknown": 0.7276469791666668,
      "FRR_stable": 0.09583333333333333,
      "false_drift_stable": 0.04583333333333333,
      "FAR_unknown_accept": 0.4006,
      "miss_drift": 0.17695833333333333,
      "confusion_matrix": [
        [
          2170,
          110,
          120
        ],
        [
          8494,
          9125,
          30381
        ],
        [
          12018,
          12022,
          5960
        ]
      ]
    }
  },
  "best_sid": "Energy"
}