{
  "tau_id_single": -978.2321899414062,
  "tau_dom_single": 2737.837109374983,
  "tau_id_low": -2848.4390527343744,
  "tau_id_high": -682.0424560546875,
  "tau_dom_dual": 2737.837109374983
}