{
  "split": 2,
  "fold": 4,
  "acc": 0.9991666666666666,
  "auc_unknown": 0.9966168055555555,
  "auc_drift_rx": 0.9295980902777778,
  "auc_drift_day": 0.8360282812500001,
  "tau_id_single": -893.1746276855469,
  "tau_dom_single": 2036.0365661621051,
  "tau_id_low": -2392.8314746093747,
  "tau_id_high": -588.131982421875,
  "tau_dom_dual": 2036.0365661621051,
  "single": {
    "FRR_stable": 0.09583333333333333,
    "false_drift_stable": 0.04583333333333333,
    "FAR_unknown_accept": 0.0,
    "miss_drift": 0.21722916666666667
  },
  "dual_conservative": {
    "FRR_stable": 0.14458333333333329,
    "false_drift_stable": 0.04833333333333333,
    "FAR_unknown_accept": 0.0,
    "miss_drift": 0.20172916666666665
  },
  "dual_balanced": {
    "FRR_stable": 0.05833333333333335,
    "false_drift_stable": 0.04833333333333333,
    "FAR_unknown_accept": 0.0002,
    "miss_drift": 0.2545
  },
  "confusion_matrix_single": [
    [
      2170,
      110,
      120
    ],
    [
      10427,
      6099,
      31474
    ],
    [
      0,
      175,
      29825
    ]
  ],
  "confusion_matrix_dual_conservative": [
    [
      2053,
      116,
      231
    ],
    [
      9683,
      8546,
      29771
    ],
    [
      0,
      1012,
      28988
    ]
  ],
  "confusion_matrix_dual_balanced": [
    [
      2260,
      116,
      24
    ],
    [
      12216,
      8546,
      27238
    ],
    [
      6,
      1012,
      28982
    ]
  ],
  "semantic_region_counts": {
    "0": 11736,
    "1": 5413,
    "2": 11441,
    "3": 44803,
    "4": 2746,
    "5": 4261
  }
}