{
  "tau_id_single": -893.1746276855469,
  "tau_dom_single": 2036.0365661621051,
  "tau_id_low": -2392.8314746093747,
  "tau_id_high": -588.131982421875,
  "tau_dom_dual": 2036.0365661621051
}