{
  "split": 10,
  "fold": 5,
  "acc": 0.9975,
  "auc_drift_rx": 0.9363383796296296,
  "auc_drift_day": 0.844304861111111,
  "tau_dom": 2409.3063354492147,
  "sid_results": {
    "EmbMaha": {
      "tau_id": -915.3066040039063,
      "auc_unknown": 0.9996188194444444,
      "FRR_stable": 0.0904166666666667,
      "false_drift_stable": 0.04041666666666666,
      "FAR_unknown_accept": 3.3333333333333335e-05,
      "miss_drift": 0.27410416666666665,
      "confusion_matrix": [
        [
          2183,
          97,
          120
        ],
        [
          13157,
          7419,
          27424
        ],
        [
          1,
          22,
          29977
        ]
      ]
    },
    "Energy": {
      "tau_id": 7.46117513179779,
      "auc_unknown": 0.9932231944444445,
      "FRR_stable": 0.0920833333333333,
      "false_drift_stable": 0.042083333333333334,
      "FAR_unknown_accept": 0.003966666666666667,
      "miss_drift": 0.2962708333333333,
      "confusion_matrix": [
        [
          2179,
          101,
          120
        ],
        [
          14221,
          11528,
          22251
        ],
        [
          119,
          5446,
          24435
        ]
      ]
    },
    "Fusion_lam0.25": {
      "tau_id": -1.0900075614452363,
      "auc_unknown": 0.9996469444444445,
      "FRR_stable": 0.09083333333333332,
      "false_drift_stable": 0.04083333333333333,
      "FAR_unknown_accept": 0.0,
      "miss_drift": 0.2757291666666667,
      "confusion_matrix": [
        [
          2182,
          98,
          120
        ],
        [
          13235,
          7874,
          26891
        ],
        [
          0,
          13,
          29987
        ]
      ]
    },
    "Fusion_lam0.5": {
      "tau_id": -1.385132259130478,
      "auc_unknown": 0.9996675694444445,
      "FRR_stable": 0.09083333333333332,
      "false_drift_stable": 0.04083333333333333,
      "FAR_unknown_accept": 0.0,
      "miss_drift": 0.27927083333333336,
      "confusion_matrix": [
        [
          2182,
          98,
          120
        ],
        [
          13405,
          8332,
          26263
        ],
        [
          0,
          10,
          29990
        ]
      ]
    },
    "Fusion_lam1.0": {
      "tau_id": -1.9963710308074951,
      "auc_unknown": 0.9997029861111111,
      "FRR_stable": 0.09166666666666667,
      "false_drift_stable": 0.041666666666666664,
      "FAR_unknown_accept": 0.0,
      "miss_drift": 0.2826875,
      "confusion_matrix": [
        [
          2180,
          100,
          120
        ],
        [
          13569,
          8811,
          25620
        ],
        [
          0,
          5,
          29995
        ]
      ]
    },
    "Fusion_lam1.5": {
      "tau_id": -2.669313609600067,
      "auc_unknown": 0.9997204166666667,
      "FRR_stable": 0.0920833333333333,
      "false_drift_stable": 0.042083333333333334,
      "FAR_unknown_accept": 0.0,
      "miss_drift": 0.28575,
      "confusion_matrix": [
        [
          2179,
          101,
          120
        ],
        [
          13716,
          9175,
          25109
        ],
        [
          0,
          3,
          29997
        ]
      ]
    },
    "Fusion_lam2.0": {
      "tau_id": -3.309374976158142,
      "auc_unknown": 0.9997370833333333,
      "FRR_stable": 0.0920833333333333,
      "false_drift_stable": 0.042083333333333334,
      "FAR_unknown_accept": 0.0,
      "miss_drift": 0.2868125,
      "confusion_matrix": [
        [
          2179,
          101,
          120
        ],
        [
          13767,
          9332,
          24901
        ],
        [
          0,
          4,
          29996
        ]
      ]
    }
  },
  "best_sid": "Fusion_lam2.0"
}