{
  "train_loss": [
    0.9170644760131836,
    0.3622350404659907,
    0.10308134141895506,
    0.02462783883222275,
    0.01861338322568271,
    0.014838895719084476,
    0.011172607665260632,
    0.011743389892702301,
    0.00982803800660703,
    0.006119035261993607,
    0.005950002605095506,
    0.008901516950896218,
    0.00425465200872471,
    0.00521096988943302,
    0.005095858680498269,
    0.0033521991740498277,
    0.0019310174639233285,
    0.0022896314790058466,
    0.0028509580025759835,
    0.002254363078261829,
    0.003497822898336583,
    0.0015120109400918913,
    0.002834062112702264,
    0.0033191819494176244,
    0.0013112162285122192,
    0.0019260515368336604,
    0.0015673771681677963,
    0.0012715831373093856,
    0.0006700036723891066,
    0.0009918560286880367,
    0.0007697594843597876,
    0.0008835540748097831,
    0.0008502330023071004,
    0.0008988221661032487,
    0.0006463218677607882,
    0.0007019841901233627,
    0.0005074169409150878,
    0.0006656652620424413,
    0.0012541225432263067,
    0.0006542741599130547
  ],
  "train_acc": [
    0.5934027777777777,
    0.8923611111111112,
    0.9715277777777778,
    0.9934027777777777,
    0.9947916666666666,
    0.9947916666666666,
    0.9975694444444444,
    0.9972222222222222,
    0.9975694444444444,
    0.9982638888888888,
    0.9979166666666667,
    0.9975694444444444,
    0.9993055555555556,
    0.9989583333333333,
    0.9982638888888888,
    0.9993055555555556,
    0.9996527777777777,
    1.0,
    0.9993055555555556,
    0.9996527777777777,
    0.9989583333333333,
    1.0,
    0.9993055555555556,
    0.9996527777777777,
    1.0,
    0.9996527777777777,
    1.0,
    1.0,
    1.0,
    1.0,
    1.0,
    1.0,
    1.0,
    0.9996527777777777,
    1.0,
    1.0,
    1.0,
    1.0,
    0.9996527777777777,
    1.0
  ],
  "val_loss": [
    3.0269064903259277,
    2.3410600662231444,
    1.5095449447631837,
    0.9638256549835205,
    0.7872016429901123,
    0.7685805559158325,
    0.5101748943328858,
    0.32388662099838256,
    0.40488567352294924,
    0.3602168679237366,
    0.43599672317504884,
    0.29325686693191527,
    0.1885996252298355,
    0.22917933762073517,
    0.21525554060935975,
    0.1673828989267349,
    0.13601452112197876,
    0.12686797380447387,
    0.1172187328338623,
    0.18185052573680877,
    0.06558742374181747,
    0.11434096544981003,
    0.11582247614860534,
    0.053398752212524415,
    0.07176573425531388,
    0.10281307548284531,
    0.10337990820407868,
    0.06409993171691894,
    0.045644854009151456,
    0.045907411724328995,
    0.05423367321491242,
    0.025508616119623184,
    0.03172767199575901,
    0.028149205073714257,
    0.02239641025662422,
    0.022715553641319275,
    0.02896522358059883,
    0.028068597242236138,
    0.017947008833289146,
    0.015945357084274293
  ],
  "val_acc": [
    0.265625,
    0.54375,
    0.728125,
    0.728125,
    0.728125,
    0.734375,
    0.784375,
    0.878125,
    0.846875,
    0.8625,
    0.8125,
    0.884375,
    0.925,
    0.89375,
    0.909375,
    0.925,
    0.934375,
    0.94375,
    0.953125,
    0.91875,
    0.984375,
    0.953125,
    0.95,
    0.990625,
    0.984375,
    0.9625,
    0.959375,
    0.984375,
    0.990625,
    0.990625,
    0.984375,
    0.99375,
    0.99375,
    0.99375,
    0.99375,
    0.99375,
    0.99375,
    0.99375,
    0.99375,
    0.99375
  ]
}