{
  "fold": 1,
  "acc_in_domain": 0.9975,
  "auc_unknown": 0.9930562500000001,
  "auc_drift_rx": 0.9909315340909091,
  "auc_drift_day": 0.8952399999999999,
  "tau_id": 0.9752940535545349,
  "tau_dom": 7268.595703125
}