{
  "split": 5,
  "fold": 2,
  "tau_id": -1.094898372888565,
  "tau_dom": 2591.587646484374,
  "tau_conf": 0.9998669505119324,
  "pseudo_acc_rx": 0.559,
  "pseudo_acc_day": 0.7586666666666667,
  "pseudo_acc_all": 0.6588333333333334,
  "gate_precision": 0.44048734770384257,
  "gate_recall": 0.1175,
  "gate_keep_ratio": 0.1067,
  "conf_precision": 0.44048734770384257,
  "conf_recall": 0.1175,
  "conf_keep_ratio": 0.1067,
  "conf_keep_given_gate": 1.0,
  "adapt_stream_size": 10000,
  "gate_size": 1067,
  "conf_size": 1067,
  "oracle_size": 4000,
  "NoAdapt": {
    "stable_acc": 0.99875,
    "drift_acc_rx": 0.559,
    "drift_acc_day": 0.7586666666666667,
    "drift_acc_all": 0.6588333333333334,
    "FRR_stable": 0.09375,
    "FAR_unknown_accept": 0.2141111111111111,
    "miss_drift_rx": 0.13966666666666666,
    "miss_drift_day": 0.34833333333333333,
    "miss_drift_all": 0.244,
    "auc_unknown_eval": 0.8942053703703703
  },
  "UngatedAdapt": {
    "stable_acc": 0.99875,
    "drift_acc_rx": 0.56,
    "drift_acc_day": 0.76,
    "drift_acc_all": 0.66,
    "FRR_stable": 0.08583333333333332,
    "FAR_unknown_accept": 0.21488888888888888,
    "miss_drift_rx": 0.13533333333333333,
    "miss_drift_day": 0.361,
    "miss_drift_all": 0.24816666666666667,
    "auc_unknown_eval": 0.8925941666666667
  },
  "GatedAdapt": {
    "stable_acc": 0.99875,
    "drift_acc_rx": 0.5676666666666667,
    "drift_acc_day": 0.7756666666666666,
    "drift_acc_all": 0.6716666666666666,
    "FRR_stable": 0.09166666666666667,
    "FAR_unknown_accept": 0.2131111111111111,
    "miss_drift_rx": 0.14166666666666666,
    "miss_drift_day": 0.35033333333333333,
    "miss_drift_all": 0.246,
    "auc_unknown_eval": 0.8983275925925926
  },
  "GatedConfAdapt": {
    "stable_acc": 0.99875,
    "drift_acc_rx": 0.5673333333333334,
    "drift_acc_day": 0.779,
    "drift_acc_all": 0.6731666666666667,
    "FRR_stable": 0.0904166666666667,
    "FAR_unknown_accept": 0.213,
    "miss_drift_rx": 0.14233333333333334,
    "miss_drift_day": 0.352,
    "miss_drift_all": 0.24716666666666667,
    "auc_unknown_eval": 0.9018052314814816
  },
  "OracleGatePseudoAdapt": {
    "stable_acc": 0.99875,
    "drift_acc_rx": 0.5606666666666666,
    "drift_acc_day": 0.7576666666666667,
    "drift_acc_all": 0.6591666666666667,
    "FRR_stable": 0.10666666666666669,
    "FAR_unknown_accept": 0.21122222222222223,
    "miss_drift_rx": 0.13233333333333333,
    "miss_drift_day": 0.3303333333333333,
    "miss_drift_all": 0.23133333333333334,
    "auc_unknown_eval": 0.9133759722222221
  },
  "OracleLabelAdapt": {
    "stable_acc": 0.9970833333333333,
    "drift_acc_rx": 0.9233333333333333,
    "drift_acc_day": 0.9883333333333333,
    "drift_acc_all": 0.9558333333333333,
    "FRR_stable": 0.39249999999999996,
    "FAR_unknown_accept": 0.0,
    "miss_drift_rx": 0.03866666666666667,
    "miss_drift_day": 0.14233333333333334,
    "miss_drift_all": 0.0905,
    "auc_unknown_eval": 0.9127906944444446
  }
}