{
  "split": 2,
  "fold": 5,
  "tau_id": -1.518796968460083,
  "tau_dom": 2316.2909057617167,
  "thr_precision": 0.8493788819875776,
  "thr_recall": 0.13675,
  "thr_keep_ratio": 0.0644,
  "topq_precision": 0.8248175182481752,
  "topq_recall": 0.113,
  "topq_keep_ratio": 0.0548,
  "adapt_stream_size": 10000,
  "thr_size": 644,
  "topq_size": 548,
  "oracle_size": 4000,
  "NoAdapt": {
    "stable_acc": 0.9925,
    "drift_acc_rx": 0.5916666666666667,
    "drift_acc_day": 0.5983333333333334,
    "drift_acc_all": 0.595,
    "FRR_stable": 0.09250000000000003,
    "FAR_unknown_accept": 0.0,
    "miss_drift_rx": 0.19633333333333333,
    "miss_drift_day": 0.398,
    "miss_drift_all": 0.2971666666666667,
    "auc_unknown_eval": 0.9949874537037037
  },
  "UngatedAdapt": {
    "stable_acc": 0.9958333333333333,
    "drift_acc_rx": 0.593,
    "drift_acc_day": 0.598,
    "drift_acc_all": 0.5955,
    "FRR_stable": 0.08374999999999999,
    "FAR_unknown_accept": 0.0,
    "miss_drift_rx": 0.18933333333333333,
    "miss_drift_day": 0.417,
    "miss_drift_all": 0.30316666666666664,
    "auc_unknown_eval": 0.9949831018518519
  },
  "GatedAdapt": {
    "stable_acc": 0.9945833333333334,
    "drift_acc_rx": 0.5963333333333334,
    "drift_acc_day": 0.602,
    "drift_acc_all": 0.5991666666666666,
    "FRR_stable": 0.0904166666666667,
    "FAR_unknown_accept": 0.0,
    "miss_drift_rx": 0.19633333333333333,
    "miss_drift_day": 0.403,
    "miss_drift_all": 0.2996666666666667,
    "auc_unknown_eval": 0.9957463425925926
  },
  "GatedTopQAdapt": {
    "stable_acc": 0.9945833333333334,
    "drift_acc_rx": 0.597,
    "drift_acc_day": 0.6013333333333334,
    "drift_acc_all": 0.5991666666666666,
    "FRR_stable": 0.08999999999999997,
    "FAR_unknown_accept": 0.0,
    "miss_drift_rx": 0.19633333333333333,
    "miss_drift_day": 0.4013333333333333,
    "miss_drift_all": 0.29883333333333334,
    "auc_unknown_eval": 0.9951982407407407
  },
  "OracleGateAdapt": {
    "stable_acc": 0.9954166666666666,
    "drift_acc_rx": 0.5903333333333334,
    "drift_acc_day": 0.5963333333333334,
    "drift_acc_all": 0.5933333333333334,
    "FRR_stable": 0.09125000000000005,
    "FAR_unknown_accept": 0.0,
    "miss_drift_rx": 0.18666666666666668,
    "miss_drift_day": 0.41,
    "miss_drift_all": 0.29833333333333334,
    "auc_unknown_eval": 0.9946717129629629
  }
}