{
  "train_loss": [
    0.5138936433527205,
    0.173027229419461,
    0.06785672563645574,
    0.03986766261772977,
    0.026579484060682633,
    0.020269635281767007,
    0.01679248839823736,
    0.014995321850464852,
    0.01485275181217326,
    0.011717334683743063,
    0.010648093566177758,
    0.009535538115435177,
    0.00842778709527381,
    0.006823158078757977,
    0.005374589369684044,
    0.005774564307217521,
    0.005845171845673273,
    0.0052352168422658,
    0.003026852738090653,
    0.009880256809345964,
    0.0038374240141517174,
    0.004230152720723439,
    0.005021868212821169
  ],
  "train_acc": [
    0.7716435185185185,
    0.9278935185185185,
    0.9774305555555556,
    0.9869212962962963,
    0.991087962962963,
    0.99375,
    0.9943287037037037,
    0.9947916666666666,
    0.9945601851851852,
    0.9960648148148148,
    0.9964120370370371,
    0.9967592592592592,
    0.997337962962963,
    0.997800925925926,
    0.9982638888888888,
    0.9982638888888888,
    0.9984953703703704,
    0.9984953703703704,
    0.9993055555555556,
    0.9969907407407408,
    0.9987268518518518,
    0.9987268518518518,
    0.9987268518518518
  ],
  "val_loss": [
    2.401544936498006,
    1.0999799648920694,
    0.5575364708900452,
    0.3246694306532542,
    0.19864674707253774,
    0.16192181905110678,
    0.1384434590737025,
    0.2400745173295339,
    0.1005280484755834,
    0.0422073012838761,
    0.08362431575854619,
    0.025191095471382142,
    0.029775569836298626,
    0.018195455148816108,
    0.010476663211981456,
    0.009410909749567509,
    0.03180092343439658,
    0.02434684199591478,
    0.010736470359067123,
    0.01274143047630787,
    0.022022474308808646,
    0.004443751345388591,
    0.010247172539432843
  ],
  "val_acc": [
    0.528125,
    0.6604166666666667,
    0.825,
    0.875,
    0.91875,
    0.9322916666666666,
    0.9510416666666667,
    0.8958333333333334,
    0.9614583333333333,
    0.9895833333333334,
    0.9666666666666667,
    0.996875,
    0.9916666666666667,
    0.996875,
    0.9989583333333333,
    0.9989583333333333,
    0.990625,
    0.99375,
    0.9979166666666667,
    0.9979166666666667,
    0.996875,
    0.9989583333333333,
    0.996875
  ]
}