{
  "split": 3,
  "fold": 4,
  "acc": 0.9975,
  "auc_unknown": 0.98754,
  "auc_drift_rx": 0.9330604745370371,
  "auc_drift_day": 0.8300078472222223,
  "tau_id": -1.1659661531448364,
  "tau_dom": 1804.124755859375,
  "FRR_stable": 0.09499999999999997,
  "false_drift_stable": 0.045,
  "FAR_unknown_accept": 0.015466666666666667,
  "miss_drift": 0.2755208333333333,
  "confusion_matrix": [
    [
      2172,
      108,
      120
    ],
    [
      13225,
      7408,
      27367
    ],
    [
      464,
      2335,
      27201
    ]
  ]
}