{
  "tau_id": -1.1659661531448364,
  "tau_dom": 1804.124755859375
}