{
  "train_loss": [
    0.5416910197999742,
    0.16850421376250407,
    0.06577903081973394,
    0.03742512312752229,
    0.02871907178864435,
    0.02247982363699487,
    0.018715158503295647,
    0.014967330085562058,
    0.018370984029024838,
    0.014879518300639811,
    0.012180848837036778,
    0.009618316696853273,
    0.00933109400405859,
    0.007791617673097385,
    0.00885390962637892,
    0.005529887662959043,
    0.009216947802471825,
    0.005158268046755067,
    0.006221496934260897,
    0.006235948360645799,
    0.005468083009192789,
    0.007019886624982098,
    0.004417950737600525,
    0.008991888053801463,
    0.0037444088362260826,
    0.0040963707474508775
  ],
  "train_acc": [
    0.7490740740740741,
    0.9327546296296296,
    0.9780092592592593,
    0.9886574074074074,
    0.990625,
    0.9920138888888889,
    0.9935185185185185,
    0.9946759259259259,
    0.99375,
    0.9949074074074075,
    0.9952546296296296,
    0.996875,
    0.9972222222222222,
    0.9976851851851852,
    0.9967592592592592,
    0.9980324074074074,
    0.9971064814814815,
    0.9990740740740741,
    0.9975694444444444,
    0.9975694444444444,
    0.9982638888888888,
    0.9972222222222222,
    0.9980324074074074,
    0.997800925925926,
    0.9986111111111111,
    0.9986111111111111
  ],
  "val_loss": [
    1.6664955218633015,
    0.640619033575058,
    0.29303632080554964,
    0.1761228288213412,
    0.0681535022954146,
    0.09463362606863181,
    0.062378093724449475,
    0.03456222539146741,
    0.06578652324775855,
    0.021664027931789558,
    0.03345006108283997,
    0.01972118349124988,
    0.024319637970378002,
    0.019399865080292025,
    0.014471041442205509,
    0.011743177597721418,
    0.006187948180983464,
    0.00644088601693511,
    0.012378809213017424,
    0.006536573691604038,
    0.007973345640736321,
    0.007990772327563416,
    0.006866897386498749,
    0.021195173170417546,
    0.022606999271859725,
    0.004184896991743395
  ],
  "val_acc": [
    0.615625,
    0.6947916666666667,
    0.86875,
    0.94375,
    0.9791666666666666,
    0.9729166666666667,
    0.9822916666666667,
    0.9927083333333333,
    0.978125,
    0.99375,
    0.9885416666666667,
    0.9927083333333333,
    0.9916666666666667,
    0.9927083333333333,
    0.9947916666666666,
    0.9979166666666667,
    0.9979166666666667,
    0.9989583333333333,
    0.9947916666666666,
    0.9979166666666667,
    0.9989583333333333,
    0.9979166666666667,
    0.996875,
    0.99375,
    0.9916666666666667,
    0.9979166666666667
  ]
}