{
  "split": 8,
  "fold": 4,
  "acc": 0.9975,
  "auc_unknown": 0.9955488194444444,
  "auc_drift_rx": 0.9451011921296295,
  "auc_drift_day": 0.8283995659722222,
  "tau_id": -1.157291293144226,
  "tau_dom": 2454.963623046875,
  "FRR_stable": 0.09333333333333338,
  "false_drift_stable": 0.043333333333333335,
  "FAR_unknown_accept": 0.0014333333333333333,
  "miss_drift": 0.21477083333333333,
  "confusion_matrix": [
    [
      2176,
      104,
      120
    ],
    [
      10309,
      9480,
      28211
    ],
    [
      43,
      975,
      28982
    ]
  ]
}