{
  "tau_id": -1.157291293144226,
  "tau_dom": 2454.963623046875
}