{
  "train_loss": [
    0.4993815330443559,
    0.15210484862327575,
    0.05204229721178611,
    0.03609744673249898,
    0.026311605920394263,
    0.020023912864012852,
    0.015990807850741678,
    0.016104471200594196,
    0.010544584600116919,
    0.012289590717086362,
    0.00926596282688142,
    0.010056941392314103,
    0.010044561592534322,
    0.0064345204775842525,
    0.006699837670937457,
    0.005628880259098002,
    0.008244781926084585,
    0.004989056421564547,
    0.0046814250690793546,
    0.0066202999392300154,
    0.006105537519195221,
    0.005271913888389934,
    0.004097335798562401,
    0.0035689677830776888,
    0.004725794743367091,
    0.003265738069657581,
    0.0025205887171776136,
    0.005739688096973286,
    0.004209444260319557,
    0.004091050073340604,
    0.003883825295660817,
    0.003013960759293426,
    0.0032632545905437803
  ],
  "train_acc": [
    0.7704861111111111,
    0.935300925925926,
    0.9819444444444444,
    0.9879629629629629,
    0.9913194444444444,
    0.99375,
    0.9950231481481482,
    0.9949074074074075,
    0.996875,
    0.9953703703703703,
    0.9969907407407408,
    0.9960648148148148,
    0.9965277777777778,
    0.9981481481481481,
    0.997800925925926,
    0.9981481481481481,
    0.9971064814814815,
    0.9988425925925926,
    0.9981481481481481,
    0.9979166666666667,
    0.9976851851851852,
    0.9983796296296297,
    0.9984953703703704,
    0.9990740740740741,
    0.9983796296296297,
    0.9989583333333333,
    0.9991898148148148,
    0.9982638888888888,
    0.9986111111111111,
    0.9982638888888888,
    0.9986111111111111,
    0.9987268518518518,
    0.9989583333333333
  ],
  "val_loss": [
    2.1899273713429768,
    0.7809711217880249,
    0.49382076064745584,
    0.4640344142913818,
    0.4378352244695028,
    0.19938435057799023,
    0.16733139554659526,
    0.1780659317970276,
    0.1288138305147489,
    0.05897037337223689,
    0.060487256944179536,
    0.05241573428114255,
    0.05223630877832572,
    0.04599215593189001,
    0.06365988502899805,
    0.06649219517906507,
    0.04350288112958272,
    0.067772630477945,
    0.036280946262801685,
    0.043343554437160495,
    0.05566424938539664,
    0.022753716469742356,
    0.04747542473487556,
    0.04544333809365829,
    0.016370279524320117,
    0.044198381388559936,
    0.045504443917889145,
    0.022133654918676863,
    0.05739857057730357,
    0.024407258074885856,
    0.04191064325471719,
    0.023137372344111402,
    0.03883476313203573
  ],
  "val_acc": [
    0.48854166666666665,
    0.703125,
    0.7947916666666667,
    0.8145833333333333,
    0.8302083333333333,
    0.93125,
    0.9458333333333333,
    0.93125,
    0.9677083333333333,
    0.9854166666666667,
    0.984375,
    0.9875,
    0.9864583333333333,
    0.9875,
    0.9864583333333333,
    0.9864583333333333,
    0.9875,
    0.984375,
    0.990625,
    0.9875,
    0.9854166666666667,
    0.9927083333333333,
    0.9895833333333334,
    0.9916666666666667,
    0.996875,
    0.990625,
    0.9927083333333333,
    0.9958333333333333,
    0.9864583333333333,
    0.9958333333333333,
    0.9916666666666667,
    0.9958333333333333,
    0.990625
  ]
}