{
  "split": 14,
  "fold": 4,
  "acc": 0.99625,
  "auc_unknown": 0.9907888888888889,
  "auc_drift_rx": 0.922198923611111,
  "auc_drift_day": 0.7979349305555554,
  "tau_id": -1.2677382230758667,
  "tau_dom": 2009.450927734375,
  "FRR_stable": 0.09166666666666667,
  "false_drift_stable": 0.041666666666666664,
  "FAR_unknown_accept": 0.0055,
  "miss_drift": 0.28754166666666664,
  "confusion_matrix": [
    [
      2180,
      100,
      120
    ],
    [
      13802,
      6567,
      27631
    ],
    [
      165,
      1655,
      28180
    ]
  ]
}