{
  "tau_id": -1.2677382230758667,
  "tau_dom": 2009.450927734375
}