{
  "split": 3,
  "fold": 2,
  "acc": 0.9945833333333334,
  "auc_unknown": 0.9899644444444443,
  "auc_drift_rx": 0.9362036400462963,
  "auc_drift_day": 0.8421025694444444,
  "tau_id_single": -1141.3566284179688,
  "tau_dom_single": 1971.0597717285145,
  "tau_id_low": -4001.109260253906,
  "tau_id_high": -707.7819274902344,
  "tau_dom_dual": 1971.0597717285145,
  "single": {
    "FRR_stable": 0.0920833333333333,
    "false_drift_stable": 0.042083333333333334,
    "FAR_unknown_accept": 0.058,
    "miss_drift": 0.334
  },
  "dual_conservative": {
    "FRR_stable": 0.14083333333333337,
    "false_drift_stable": 0.04541666666666667,
    "FAR_unknown_accept": 0.0306,
    "miss_drift": 0.28389583333333335
  },
  "dual_balanced": {
    "FRR_stable": 0.05541666666666667,
    "false_drift_stable": 0.04541666666666667,
    "FAR_unknown_accept": 0.1246,
    "miss_drift": 0.39779166666666665
  },
  "confusion_matrix_single": [
    [
      2179,
      101,
      120
    ],
    [
      16032,
      8349,
      23619
    ],
    [
      1740,
      2069,
      26191
    ]
  ],
  "confusion_matrix_dual_conservative": [
    [
      2062,
      109,
      229
    ],
    [
      13627,
      16373,
      18000
    ],
    [
      918,
      10075,
      19007
    ]
  ],
  "confusion_matrix_dual_balanced": [
    [
      2267,
      109,
      24
    ],
    [
      19094,
      16373,
      12533
    ],
    [
      3738,
      10075,
      16187
    ]
  ],
  "semantic_region_counts": {
    "0": 16607,
    "1": 6695,
    "2": 2523,
    "3": 26221,
    "4": 8492,
    "5": 19862
  }
}