{
  "tau_id_single": -1141.3566284179688,
  "tau_dom_single": 1971.0597717285145,
  "tau_id_low": -4001.109260253906,
  "tau_id_high": -707.7819274902344,
  "tau_dom_dual": 1971.0597717285145
}