{
  "split": 2,
  "fold": 1,
  "acc": 0.99625,
  "auc_drift_rx": 0.9218294444444445,
  "auc_drift_day": 0.8360522743055554,
  "tau_dom": 2410.314611816405,
  "sid_results": {
    "EmbMaha": {
      "tau_id": -939.6219421386719,
      "auc_unknown": 0.9965427083333334,
      "FRR_stable": 0.09583333333333333,
      "false_drift_stable": 0.04583333333333333,
      "FAR_unknown_accept": 0.0,
      "miss_drift": 0.262,
      "confusion_matrix": [
        [
          2170,
          110,
          120
        ],
        [
          12576,
          5505,
          29919
        ],
        [
          0,
          83,
          29917
        ]
      ]
    },
    "Energy": {
      "tau_id": 5.321378517150879,
      "auc_unknown": 0.7584986458333334,
      "FRR_stable": 0.09875,
      "false_drift_stable": 0.04875,
      "FAR_unknown_accept": 0.0187,
      "miss_drift": 0.27527083333333335,
      "confusion_matrix": [
        [
          2163,
          117,
          120
        ],
        [
          13213,
          13814,
          20973
        ],
        [
          561,
          18084,
          11355
        ]
      ]
    },
    "Fusion_lam0.25": {
      "tau_id": -1.0055051743984222,
      "auc_unknown": 0.9955919444444444,
      "FRR_stable": 0.09624999999999995,
      "false_drift_stable": 0.04625,
      "FAR_unknown_accept": 0.0,
      "miss_drift": 0.25645833333333334,
      "confusion_matrix": [
        [
          2169,
          111,
          120
        ],
        [
          12310,
          5988,
          29702
        ],
        [
          0,
          158,
          29842
        ]
      ]
    },
    "Fusion_lam0.5": {
      "tau_id": -1.3497916638851166,
      "auc_unknown": 0.9939925000000001,
      "FRR_stable": 0.09666666666666668,
      "false_drift_stable": 0.04666666666666667,
      "FAR_unknown_accept": 3.3333333333333335e-05,
      "miss_drift": 0.25733333333333336,
      "confusion_matrix": [
        [
          2168,
          112,
          120
        ],
        [
          12352,
          6488,
          29160
        ],
        [
          1,
          293,
          29706
        ]
      ]
    },
    "Fusion_lam1.0": {
      "tau_id": -2.1322612047195433,
      "auc_unknown": 0.989030625,
      "FRR_stable": 0.0970833333333333,
      "false_drift_stable": 0.04708333333333333,
      "FAR_unknown_accept": 3.3333333333333335e-05,
      "miss_drift": 0.259375,
      "confusion_matrix": [
        [
          2167,
          113,
          120
        ],
        [
          12450,
          7138,
          28412
        ],
        [
          1,
          655,
          29344
        ]
      ]
    },
    "Fusion_lam1.5": {
      "tau_id": -3.0208422899246217,
      "auc_unknown": 0.9824723611111112,
      "FRR_stable": 0.0970833333333333,
      "false_drift_stable": 0.04708333333333333,
      "FAR_unknown_accept": 0.00013333333333333334,
      "miss_drift": 0.26177083333333334,
      "confusion_matrix": [
        [
          2167,
          113,
          120
        ],
        [
          12565,
          7571,
          27864
        ],
        [
          4,
          1103,
          28893
        ]
      ]
    },
    "Fusion_lam2.0": {
      "tau_id": -3.892501187324524,
      "auc_unknown": 0.9752112499999999,
      "FRR_stable": 0.0970833333333333,
      "false_drift_stable": 0.04708333333333333,
      "FAR_unknown_accept": 0.0002,
      "miss_drift": 0.2627291666666667,
      "confusion_matrix": [
        [
          2167,
          113,
          120
        ],
        [
          12611,
          7871,
          27518
        ],
        [
          6,
          1570,
          28424
        ]
      ]
    }
  },
  "best_sid": "EmbMaha"
}