{
  "train_loss": [
    0.4344060077711388,
    0.06003152330716451,
    0.03376448053728651,
    0.018478539796477116,
    0.016143601801660325,
    0.012030445651530667,
    0.009453484382376903,
    0.009735235992681097,
    0.008169842484683075,
    0.00624231086888661,
    0.00549802913684053,
    0.005362970059461616,
    0.005556248716095945,
    0.004951493437531301,
    0.005268180911877641,
    0.005356925977523335,
    0.0034494900672817257,
    0.0040930527493064466,
    0.0028724958168351335,
    0.00432017615810899
  ],
  "train_acc": [
    0.8128472222222223,
    0.9846064814814814,
    0.991550925925926,
    0.9964120370370371,
    0.9958333333333333,
    0.996875,
    0.997800925925926,
    0.9976851851851852,
    0.9980324074074074,
    0.9980324074074074,
    0.9986111111111111,
    0.9988425925925926,
    0.9983796296296297,
    0.9984953703703704,
    0.9983796296296297,
    0.9986111111111111,
    0.9988425925925926,
    0.9987268518518518,
    0.9990740740740741,
    0.9986111111111111
  ],
  "val_loss": [
    0.9716991821924845,
    0.21387726962566375,
    0.08104763353864351,
    0.054889941758786635,
    0.051737940621872744,
    0.030018848661954204,
    0.04471596955942611,
    0.025219970712593447,
    0.022524660841251414,
    0.022964927829646816,
    0.022882928337397364,
    0.014753589786899586,
    0.019223095728860547,
    0.016813176797586493,
    0.027692578566347947,
    0.019190734383300878,
    0.019573383268834732,
    0.012861885355475049,
    0.014892566315271931,
    0.01955139338533627
  ],
  "val_acc": [
    0.6739583333333333,
    0.940625,
    0.9822916666666667,
    0.990625,
    0.9916666666666667,
    0.9927083333333333,
    0.9927083333333333,
    0.99375,
    0.99375,
    0.9947916666666666,
    0.9947916666666666,
    0.996875,
    0.9947916666666666,
    0.9947916666666666,
    0.9947916666666666,
    0.9947916666666666,
    0.9947916666666666,
    0.9947916666666666,
    0.9947916666666666,
    0.996875
  ]
}