{
  "split": 1,
  "fold": 4,
  "acc": 0.9983333333333333,
  "auc_unknown": 0.7716122916666666,
  "auc_drift_rx": 0.9449165104166667,
  "auc_drift_day": 0.8551998958333333,
  "tau_id": -1.1720869541168213,
  "tau_dom": 2737.863037109375,
  "FRR_stable": 0.09499999999999997,
  "false_drift_stable": 0.045,
  "FAR_unknown_accept": 0.43323333333333336,
  "miss_drift": 0.1495,
  "confusion_matrix": [
    [
      2172,
      108,
      120
    ],
    [
      7176,
      6769,
      34055
    ],
    [
      12997,
      10459,
      6544
    ]
  ]
}