{
  "tau_id": -1.1720869541168213,
  "tau_dom": 2737.863037109375
}