{
  "split": 9,
  "fold": 2,
  "acc": 0.9979166666666667,
  "auc_drift_rx": 0.933433894675926,
  "auc_drift_day": 0.8332852777777778,
  "tau_dom": 1898.496154785156,
  "sid_results": {
    "EmbMaha": {
      "tau_id": -1161.1920959472657,
      "auc_unknown": 0.9894320138888888,
      "FRR_stable": 0.0920833333333333,
      "false_drift_stable": 0.042083333333333334,
      "FAR_unknown_accept": 0.027133333333333332,
      "miss_drift": 0.24920833333333334,
      "confusion_matrix": [
        [
          2179,
          101,
          120
        ],
        [
          11962,
          6004,
          30034
        ],
        [
          814,
          2417,
          26769
        ]
      ]
    },
    "Energy": {
      "tau_id": 6.370710659027099,
      "auc_unknown": 0.8636779861111111,
      "FRR_stable": 0.09499999999999997,
      "false_drift_stable": 0.045,
      "FAR_unknown_accept": 0.062,
      "miss_drift": 0.2833541666666667,
      "confusion_matrix": [
        [
          2172,
          108,
          120
        ],
        [
          13601,
          13582,
          20817
        ],
        [
          1860,
          11587,
          16553
        ]
      ]
    },
    "Fusion_lam0.25": {
      "tau_id": -0.9545088618993759,
      "auc_unknown": 0.9915421527777777,
      "FRR_stable": 0.0920833333333333,
      "false_drift_stable": 0.042083333333333334,
      "FAR_unknown_accept": 0.0094,
      "miss_drift": 0.23877083333333332,
      "confusion_matrix": [
        [
          2179,
          101,
          120
        ],
        [
          11461,
          5910,
          30629
        ],
        [
          282,
          1777,
          27941
        ]
      ]
    },
    "Fusion_lam0.5": {
      "tau_id": -1.132756531238556,
      "auc_unknown": 0.9920565972222221,
      "FRR_stable": 0.09291666666666665,
      "false_drift_stable": 0.042916666666666665,
      "FAR_unknown_accept": 0.005866666666666667,
      "miss_drift": 0.2350625,
      "confusion_matrix": [
        [
          2177,
          103,
          120
        ],
        [
          11283,
          6266,
          30451
        ],
        [
          176,
          1550,
          28274
        ]
      ]
    },
    "Fusion_lam1.0": {
      "tau_id": -1.7560410618782043,
      "auc_unknown": 0.9913319444444444,
      "FRR_stable": 0.09250000000000003,
      "false_drift_stable": 0.0425,
      "FAR_unknown_accept": 0.017,
      "miss_drift": 0.24025,
      "confusion_matrix": [
        [
          2178,
          102,
          120
        ],
        [
          11532,
          7192,
          29276
        ],
        [
          510,
          1693,
          27797
        ]
      ]
    },
    "Fusion_lam1.5": {
      "tau_id": -2.387611997127533,
      "auc_unknown": 0.9903279861111111,
      "FRR_stable": 0.09166666666666667,
      "false_drift_stable": 0.041666666666666664,
      "FAR_unknown_accept": 0.02036666666666667,
      "miss_drift": 0.2443125,
      "confusion_matrix": [
        [
          2180,
          100,
          120
        ],
        [
          11727,
          7781,
          28492
        ],
        [
          611,
          1799,
          27590
        ]
      ]
    },
    "Fusion_lam2.0": {
      "tau_id": -3.098124051094055,
      "auc_unknown": 0.9894190972222222,
      "FRR_stable": 0.09250000000000003,
      "false_drift_stable": 0.0425,
      "FAR_unknown_accept": 0.0226,
      "miss_drift": 0.25235416666666666,
      "confusion_matrix": [
        [
          2178,
          102,
          120
        ],
        [
          12113,
          8378,
          27509
        ],
        [
          678,
          1973,
          27349
        ]
      ]
    }
  },
  "best_sid": "Fusion_lam0.5"
}