{
  "split": 4,
  "fold": 2,
  "acc": 0.9979166666666667,
  "auc_drift_rx": 0.9244667361111111,
  "auc_drift_day": 0.8269281944444445,
  "tau_dom": 2301.654101562495,
  "sid_results": {
    "EmbMaha": {
      "tau_id": -917.1759460449218,
      "auc_unknown": 0.9972870138888889,
      "FRR_stable": 0.09458333333333335,
      "false_drift_stable": 0.044583333333333336,
      "FAR_unknown_accept": 6.666666666666667e-05,
      "miss_drift": 0.22789583333333333,
      "confusion_matrix": [
        [
          2173,
          107,
          120
        ],
        [
          10939,
          6410,
          30651
        ],
        [
          2,
          77,
          29921
        ]
      ]
    },
    "Energy": {
      "tau_id": 5.594268751144409,
      "auc_unknown": 0.7579740972222223,
      "FRR_stable": 0.09833333333333338,
      "false_drift_stable": 0.04833333333333333,
      "FAR_unknown_accept": 0.07643333333333334,
      "miss_drift": 0.2543958333333333,
      "confusion_matrix": [
        [
          2164,
          116,
          120
        ],
        [
          12211,
          16719,
          19070
        ],
        [
          2293,
          20828,
          6879
        ]
      ]
    },
    "Fusion_lam0.25": {
      "tau_id": -1.2014322221279143,
      "auc_unknown": 0.996582638888889,
      "FRR_stable": 0.09499999999999997,
      "false_drift_stable": 0.045,
      "FAR_unknown_accept": 6.666666666666667e-05,
      "miss_drift": 0.2196875,
      "confusion_matrix": [
        [
          2172,
          108,
          120
        ],
        [
          10545,
          6848,
          30607
        ],
        [
          2,
          125,
          29873
        ]
      ]
    },
    "Fusion_lam0.5": {
      "tau_id": -1.4836100518703461,
      "auc_unknown": 0.9956477777777778,
      "FRR_stable": 0.09499999999999997,
      "false_drift_stable": 0.045,
      "FAR_unknown_accept": 0.0001,
      "miss_drift": 0.2165625,
      "confusion_matrix": [
        [
          2172,
          108,
          120
        ],
        [
          10395,
          7226,
          30379
        ],
        [
          3,
          180,
          29817
        ]
      ]
    },
    "Fusion_lam1.0": {
      "tau_id": -2.1909739136695863,
      "auc_unknown": 0.9927925694444445,
      "FRR_stable": 0.0954166666666667,
      "false_drift_stable": 0.04541666666666667,
      "FAR_unknown_accept": 0.00016666666666666666,
      "miss_drift": 0.2169375,
      "confusion_matrix": [
        [
          2171,
          109,
          120
        ],
        [
          10413,
          7771,
          29816
        ],
        [
          5,
          375,
          29620
        ]
      ]
    },
    "Fusion_lam1.5": {
      "tau_id": -3.0209812998771666,
      "auc_unknown": 0.9886740972222223,
      "FRR_stable": 0.09624999999999995,
      "false_drift_stable": 0.04625,
      "FAR_unknown_accept": 0.0002,
      "miss_drift": 0.22422916666666667,
      "confusion_matrix": [
        [
          2169,
          111,
          120
        ],
        [
          10763,
          8210,
          29027
        ],
        [
          6,
          635,
          29359
        ]
      ]
    },
    "Fusion_lam2.0": {
      "tau_id": -3.8955785393714906,
      "auc_unknown": 0.9837309722222223,
      "FRR_stable": 0.09666666666666668,
      "false_drift_stable": 0.04666666666666667,
      "FAR_unknown_accept": 0.0003,
      "miss_drift": 0.23035416666666667,
      "confusion_matrix": [
        [
          2168,
          112,
          120
        ],
        [
          11057,
          8461,
          28482
        ],
        [
          9,
          933,
          29058
        ]
      ]
    }
  },
  "best_sid": "EmbMaha"
}