{
  "train_loss": [
    0.8538069526354471,
    0.34206974969969856,
    0.09033789080050257,
    0.034246943559911515,
    0.022412301103274027,
    0.017546110175963907,
    0.016986441384587023,
    0.013291832194146183,
    0.011356359264916844,
    0.009568774138784243,
    0.00883076528294219,
    0.008401386666163389,
    0.007115857054789861,
    0.008009485398522682,
    0.005021350921338631,
    0.0040707003351093994,
    0.0031669504267887935,
    0.0018362220894131396,
    0.00302628670922584,
    0.002093848706378291,
    0.0016602018356530203
  ],
  "train_acc": [
    0.6190972222222222,
    0.8940972222222222,
    0.9736111111111111,
    0.9923611111111111,
    0.9944444444444445,
    0.9958333333333333,
    0.9958333333333333,
    0.9972222222222222,
    0.9975694444444444,
    0.9986111111111111,
    0.9975694444444444,
    0.9972222222222222,
    0.9982638888888888,
    0.9979166666666667,
    0.9989583333333333,
    0.9989583333333333,
    0.9993055555555556,
    1.0,
    0.9996527777777777,
    1.0,
    1.0
  ],
  "val_loss": [
    3.1419958114624023,
    3.049153995513916,
    1.6718153476715087,
    1.5013528347015381,
    1.3194591045379638,
    1.0546932935714721,
    1.3365031242370606,
    0.945375919342041,
    0.8099057674407959,
    0.7298624753952027,
    0.49780712127685545,
    0.601483690738678,
    0.23364264369010926,
    0.45703587532043455,
    0.42550126314163206,
    0.46820477247238157,
    0.3854372501373291,
    0.41547589302062987,
    0.29480952620506284,
    0.5642876267433167,
    0.3149320423603058
  ],
  "val_acc": [
    0.265625,
    0.4375,
    0.69375,
    0.740625,
    0.74375,
    0.74375,
    0.740625,
    0.746875,
    0.75,
    0.746875,
    0.759375,
    0.753125,
    0.878125,
    0.771875,
    0.7875,
    0.76875,
    0.7875,
    0.78125,
    0.83125,
    0.75625,
    0.825
  ]
}