{
  "fold": 3,
  "acc_in_domain": 0.90125,
  "auc_unknown": 0.980806875,
  "auc_drift_rx": 0.9908965340909093,
  "auc_drift_day": 0.8707665625000001,
  "tau_id": 0.9647750854492188,
  "tau_dom": 7401.9306640625
}