{
  "train_loss": [
    0.46478816635078857,
    0.11348408121201727,
    0.041566518218153055,
    0.027432758092052405,
    0.021612652291164353,
    0.01875382089745943,
    0.015099129872396588,
    0.012868856245444881,
    0.011866582813672722,
    0.010203975272640862,
    0.01107180935623883,
    0.010114877971096172,
    0.009788928347363793,
    0.008387516062982657,
    0.0074409007849344224,
    0.007412267751836528,
    0.007271783686829386,
    0.007248954760790285,
    0.0051617073431973245,
    0.007704550432282742,
    0.00589402220147248,
    0.007546448751344104
  ],
  "train_acc": [
    0.8001157407407408,
    0.955324074074074,
    0.9857638888888889,
    0.9913194444444444,
    0.9936342592592593,
    0.9939814814814815,
    0.9947916666666666,
    0.9949074074074075,
    0.9953703703703703,
    0.9965277777777778,
    0.9961805555555555,
    0.9960648148148148,
    0.9961805555555555,
    0.9967592592592592,
    0.996875,
    0.9969907407407408,
    0.9969907407407408,
    0.997337962962963,
    0.9982638888888888,
    0.997800925925926,
    0.9981481481481481,
    0.9976851851851852
  ],
  "val_loss": [
    1.4121426502863565,
    0.635797776778539,
    0.3618834137916565,
    0.12681751375397046,
    0.12185395707686743,
    0.09806094219287237,
    0.04339374117553234,
    0.0375232254465421,
    0.027822684993346534,
    0.033430794874827065,
    0.018048061694328984,
    0.019816428873067102,
    0.012744507100433112,
    0.008660765748936683,
    0.008468360127881169,
    0.008872294179551925,
    0.009290295385289938,
    0.007474125044730802,
    0.013170320263210062,
    0.00846493014250882,
    0.010074228545029958,
    0.012291280921393385
  ],
  "val_acc": [
    0.6125,
    0.7822916666666667,
    0.8479166666666667,
    0.9583333333333334,
    0.9677083333333333,
    0.9729166666666667,
    0.9895833333333334,
    0.990625,
    0.9947916666666666,
    0.9916666666666667,
    0.9947916666666666,
    0.9958333333333333,
    0.996875,
    0.9989583333333333,
    0.9979166666666667,
    0.996875,
    0.996875,
    0.9979166666666667,
    0.9979166666666667,
    0.9989583333333333,
    0.9979166666666667,
    0.996875
  ]
}