{
  "split": 3,
  "fold": 1,
  "acc": 0.99625,
  "auc_unknown": 0.9883058333333333,
  "auc_drift_rx": 0.9284947511574075,
  "auc_drift_day": 0.8268611458333334,
  "tau_id": -1.1627850532531738,
  "tau_dom": 1927.4310302734375,
  "FRR_stable": 0.09291666666666665,
  "false_drift_stable": 0.042916666666666665,
  "FAR_unknown_accept": 0.027733333333333332,
  "miss_drift": 0.2826666666666667,
  "confusion_matrix": [
    [
      2177,
      103,
      120
    ],
    [
      13568,
      8494,
      25938
    ],
    [
      832,
      3800,
      25368
    ]
  ]
}