{
  "tau_id": -1.1627850532531738,
  "tau_dom": 1927.4310302734375
}