{
  "train_loss": [
    0.4722115876498046,
    0.13775995884228637,
    0.04952924255695608,
    0.03721155085842367,
    0.023572041929044104,
    0.018237307543555896,
    0.01713169974412907,
    0.016423322736389107,
    0.013763531007700495,
    0.012685644993972447,
    0.011571629032389157,
    0.009093257094112536,
    0.007853342989390647,
    0.00889723952471589,
    0.008239239237823144,
    0.0067046206397073415,
    0.005852082416553188,
    0.005820974846870673,
    0.006914248318558007,
    0.005635597595203392,
    0.003902066112237258,
    0.004492943741691609,
    0.004617600001101555,
    0.0036236844463187648,
    0.0038571108988468984,
    0.003565689809059862,
    0.002161258390535497,
    0.003113854117583725,
    0.0027385279291559494,
    0.006833306843354539,
    0.005995658582455858,
    0.0024202791924364175
  ],
  "train_acc": [
    0.7890046296296296,
    0.9502314814814815,
    0.9833333333333333,
    0.9884259259259259,
    0.9931712962962963,
    0.99375,
    0.9940972222222222,
    0.9947916666666666,
    0.9958333333333333,
    0.9956018518518519,
    0.9964120370370371,
    0.9969907407407408,
    0.9975694444444444,
    0.9967592592592592,
    0.996875,
    0.9975694444444444,
    0.9980324074074074,
    0.9981481481481481,
    0.9979166666666667,
    0.9983796296296297,
    0.9984953703703704,
    0.9983796296296297,
    0.9986111111111111,
    0.9989583333333333,
    0.9986111111111111,
    0.9991898148148148,
    0.9997685185185186,
    0.9991898148148148,
    0.9993055555555556,
    0.9982638888888888,
    0.9980324074074074,
    0.9993055555555556
  ],
  "val_loss": [
    1.438147004445394,
    0.7820975065231324,
    0.3486829102039337,
    0.17703704237937928,
    0.12457746515671413,
    0.09547797118624052,
    0.13967800612250963,
    0.050623809546232225,
    0.06506321243941784,
    0.057929675094783306,
    0.07400113691886266,
    0.046833242600162826,
    0.06344236855705579,
    0.03174597839436804,
    0.03098991981629903,
    0.0351640279404819,
    0.0352993952925317,
    0.03574500322962801,
    0.04525295048176001,
    0.0417364843073301,
    0.029851835636266817,
    0.04163191972766071,
    0.029499226323484132,
    0.019903270543242493,
    0.02711585876531899,
    0.038092930188092095,
    0.03359290005840497,
    0.02412498265815278,
    0.04201645298162475,
    0.029756609657003233,
    0.01761174747904685,
    0.02005872364825336
  ],
  "val_acc": [
    0.5854166666666667,
    0.71875,
    0.8802083333333334,
    0.9458333333333333,
    0.959375,
    0.9739583333333334,
    0.95625,
    0.9885416666666667,
    0.9864583333333333,
    0.9822916666666667,
    0.9729166666666667,
    0.9885416666666667,
    0.9791666666666666,
    0.9895833333333334,
    0.9916666666666667,
    0.9916666666666667,
    0.9916666666666667,
    0.9927083333333333,
    0.9854166666666667,
    0.9927083333333333,
    0.9927083333333333,
    0.99375,
    0.9927083333333333,
    0.996875,
    0.9947916666666666,
    0.99375,
    0.9947916666666666,
    0.9947916666666666,
    0.9947916666666666,
    0.9947916666666666,
    0.9947916666666666,
    0.9958333333333333
  ]
}