{
  "split": 3,
  "fold": 5,
  "acc": 0.9970833333333333,
  "auc_unknown": 0.9952875000000001,
  "auc_drift_rx": 0.9264003298611112,
  "auc_drift_day": 0.8006242187499999,
  "tau_id": -1.3571627140045166,
  "tau_dom": 2041.4447021484375,
  "FRR_stable": 0.0920833333333333,
  "false_drift_stable": 0.042083333333333334,
  "FAR_unknown_accept": 0.03626666666666667,
  "miss_drift": 0.277125,
  "confusion_matrix": [
    [
      2179,
      101,
      120
    ],
    [
      13302,
      8486,
      26212
    ],
    [
      1088,
      2474,
      26438
    ]
  ]
}