{
  "tau_id": -1.3571627140045166,
  "tau_dom": 2041.4447021484375
}