{
  "split": 2,
  "fold": 3,
  "acc": 0.9983333333333333,
  "auc_unknown": 0.9983744444444443,
  "auc_drift_rx": 0.9175969270833333,
  "auc_drift_day": 0.8379626041666667,
  "tau_id_single": -848.422216796875,
  "tau_dom_single": 2476.83488769531,
  "tau_id_low": -1686.1233740234375,
  "tau_id_high": -627.6807373046875,
  "tau_dom_dual": 2476.83488769531,
  "single": {
    "FRR_stable": 0.09624999999999995,
    "false_drift_stable": 0.04625,
    "FAR_unknown_accept": 0.0,
    "miss_drift": 0.22291666666666668
  },
  "dual_conservative": {
    "FRR_stable": 0.14500000000000002,
    "false_drift_stable": 0.049166666666666664,
    "FAR_unknown_accept": 0.0,
    "miss_drift": 0.21325
  },
  "dual_balanced": {
    "FRR_stable": 0.0591666666666667,
    "false_drift_stable": 0.049166666666666664,
    "FAR_unknown_accept": 0.0001,
    "miss_drift": 0.2543125
  },
  "confusion_matrix_single": [
    [
      2169,
      111,
      120
    ],
    [
      10700,
      5648,
      31652
    ],
    [
      0,
      54,
      29946
    ]
  ],
  "confusion_matrix_dual_conservative": [
    [
      2052,
      118,
      230
    ],
    [
      10236,
      7206,
      30558
    ],
    [
      0,
      313,
      29687
    ]
  ],
  "confusion_matrix_dual_balanced": [
    [
      2258,
      118,
      24
    ],
    [
      12207,
      7206,
      28587
    ],
    [
      3,
      313,
      29684
    ]
  ],
  "semantic_region_counts": {
    "0": 12288,
    "1": 4926,
    "2": 14999,
    "3": 43296,
    "4": 2180,
    "5": 2711
  }
}