{
  "tau_id_single": -848.422216796875,
  "tau_dom_single": 2476.83488769531,
  "tau_id_low": -1686.1233740234375,
  "tau_id_high": -627.6807373046875,
  "tau_dom_dual": 2476.83488769531
}