{
  "split": 3,
  "fold": 2,
  "acc": 0.99375,
  "auc_unknown": 0.9834701388888888,
  "auc_drift_rx": 0.9351780613425926,
  "auc_drift_day": 0.8347457291666667,
  "tau_id": -1045.0958251953125,
  "tau_dom": 1974.7137451171875,
  "FRR_stable": 0.08999999999999997,
  "false_drift_stable": 0.04,
  "FAR_unknown_accept": 0.037566666666666665,
  "miss_drift": 0.270625,
  "confusion_matrix": [
    [
      2184,
      96,
      120
    ],
    [
      12990,
      7170,
      27840
    ],
    [
      1127,
      665,
      28208
    ]
  ]
}