{
  "tau_id": -1045.0958251953125,
  "tau_dom": 1974.7137451171875
}