{
  "train_loss": [
    0.4945226620744776,
    0.12108806559333095,
    0.04458486012838505,
    0.02920354933960846,
    0.022390133873732003,
    0.016737940945421106,
    0.013825833530130761,
    0.012583854163272514,
    0.012117992520021896,
    0.012373426004692361,
    0.012713138328830677,
    0.008511406741174007,
    0.006567543274205592,
    0.011095872013915882,
    0.008451217170632273,
    0.00583221325693928,
    0.006193510439954008,
    0.006429098973792322,
    0.005687963036837539,
    0.00628071649396723,
    0.005578611260150663,
    0.004174042450419317,
    0.004394959965375839,
    0.004928044611545003,
    0.0047113832980998,
    0.00725628494929643,
    0.004359231367103617,
    0.003831317645057829,
    0.004470723605374116,
    0.004457436464468224
  ],
  "train_acc": [
    0.7780092592592592,
    0.9513888888888888,
    0.9858796296296296,
    0.9903935185185185,
    0.9930555555555556,
    0.9934027777777777,
    0.9952546296296296,
    0.9954861111111111,
    0.9959490740740741,
    0.9956018518518519,
    0.9960648148148148,
    0.997337962962963,
    0.9976851851851852,
    0.9960648148148148,
    0.9966435185185185,
    0.9979166666666667,
    0.9979166666666667,
    0.997800925925926,
    0.9981481481481481,
    0.9976851851851852,
    0.9982638888888888,
    0.9983796296296297,
    0.9986111111111111,
    0.9983796296296297,
    0.9981481481481481,
    0.9971064814814815,
    0.9989583333333333,
    0.9989583333333333,
    0.9980324074074074,
    0.9986111111111111
  ],
  "val_loss": [
    1.6619311173756917,
    0.6633501132329305,
    0.32540391087532045,
    0.15302211046218872,
    0.09332248270511627,
    0.065041171759367,
    0.05857360487182935,
    0.03466838945945104,
    0.027936304298539955,
    0.01508943671360612,
    0.03367476773758729,
    0.04652610446015994,
    0.038489127283295,
    0.012883111260210474,
    0.01606190427361677,
    0.02019290275250872,
    0.007235748413950205,
    0.03249666417638461,
    0.007107134660085042,
    0.02227504688780755,
    0.03392615212748448,
    0.0015757067575274655,
    0.002819580732223888,
    0.006146050081588328,
    0.0013814872072543949,
    0.0048172891954891385,
    0.004063502574960391,
    0.0021451484334344666,
    0.0018018929307193805,
    0.0041945813097603
  ],
  "val_acc": [
    0.5572916666666666,
    0.7354166666666667,
    0.8677083333333333,
    0.9510416666666667,
    0.9760416666666667,
    0.9854166666666667,
    0.9875,
    0.9916666666666667,
    0.9947916666666666,
    0.9958333333333333,
    0.9916666666666667,
    0.9895833333333334,
    0.9927083333333333,
    0.99375,
    0.99375,
    0.9958333333333333,
    0.996875,
    0.99375,
    0.9989583333333333,
    0.9947916666666666,
    0.99375,
    1.0,
    1.0,
    0.9989583333333333,
    0.9989583333333333,
    0.9979166666666667,
    0.9979166666666667,
    0.9989583333333333,
    1.0,
    0.9989583333333333
  ]
}