{
  "split": 3,
  "fold": 3,
  "acc": 0.9958333333333333,
  "auc_unknown": 0.9926568749999999,
  "auc_drift_rx": 0.9256203125,
  "auc_drift_day": 0.8171128819444444,
  "tau_id": -1.5199579000473022,
  "tau_dom": 1766.7740478515625,
  "FRR_stable": 0.09375,
  "false_drift_stable": 0.04375,
  "FAR_unknown_accept": 0.0252,
  "miss_drift": 0.28570833333333334,
  "confusion_matrix": [
    [
      2175,
      105,
      120
    ],
    [
      13714,
      7004,
      27282
    ],
    [
      756,
      2349,
      26895
    ]
  ]
}