{
  "tau_id": -1.5199579000473022,
  "tau_dom": 1766.7740478515625
}