{
  "split": 8,
  "fold": 2,
  "acc": 0.9983333333333333,
  "auc_drift_rx": 0.9461018113425926,
  "auc_drift_day": 0.8749050520833334,
  "tau_dom": 2434.4077270507796,
  "sid_results": {
    "EmbMaha": {
      "tau_id": -1132.578955078125,
      "auc_unknown": 0.9841097222222224,
      "FRR_stable": 0.09083333333333332,
      "false_drift_stable": 0.04083333333333333,
      "FAR_unknown_accept": 0.0655,
      "miss_drift": 0.21039583333333334,
      "confusion_matrix": [
        [
          2182,
          98,
          120
        ],
        [
          10099,
          11207,
          26694
        ],
        [
          1965,
          262,
          27773
        ]
      ]
    },
    "Energy": {
      "tau_id": 6.716853475570678,
      "auc_unknown": 0.9655809722222222,
      "FRR_stable": 0.09499999999999997,
      "false_drift_stable": 0.045,
      "FAR_unknown_accept": 0.0552,
      "miss_drift": 0.2326875,
      "confusion_matrix": [
        [
          2172,
          108,
          120
        ],
        [
          11169,
          13970,
          22861
        ],
        [
          1656,
          5506,
          22838
        ]
      ]
    },
    "Fusion_lam0.25": {
      "tau_id": -1.162737113237381,
      "auc_unknown": 0.9888181944444445,
      "FRR_stable": 0.09166666666666667,
      "false_drift_stable": 0.041666666666666664,
      "FAR_unknown_accept": 0.0489,
      "miss_drift": 0.20158333333333334,
      "confusion_matrix": [
        [
          2180,
          100,
          120
        ],
        [
          9676,
          10761,
          27563
        ],
        [
          1467,
          126,
          28407
        ]
      ]
    },
    "Fusion_lam0.5": {
      "tau_id": -1.4170005917549133,
      "auc_unknown": 0.99041875,
      "FRR_stable": 0.0920833333333333,
      "false_drift_stable": 0.042083333333333334,
      "FAR_unknown_accept": 0.04033333333333333,
      "miss_drift": 0.19885416666666667,
      "confusion_matrix": [
        [
          2179,
          101,
          120
        ],
        [
          9545,
          10681,
          27774
        ],
        [
          1210,
          96,
          28694
        ]
      ]
    },
    "Fusion_lam1.0": {
      "tau_id": -2.118826687335968,
      "auc_unknown": 0.9909425694444445,
      "FRR_stable": 0.09250000000000003,
      "false_drift_stable": 0.0425,
      "FAR_unknown_accept": 0.03623333333333333,
      "miss_drift": 0.20214583333333333,
      "confusion_matrix": [
        [
          2178,
          102,
          120
        ],
        [
          9703,
          10999,
          27298
        ],
        [
          1087,
          116,
          28797
        ]
      ]
    },
    "Fusion_lam1.5": {
      "tau_id": -2.929065835475922,
      "auc_unknown": 0.9906189583333332,
      "FRR_stable": 0.09250000000000003,
      "false_drift_stable": 0.0425,
      "FAR_unknown_accept": 0.03623333333333333,
      "miss_drift": 0.20916666666666667,
      "confusion_matrix": [
        [
          2178,
          102,
          120
        ],
        [
          10040,
          11431,
          26529
        ],
        [
          1087,
          195,
          28718
        ]
      ]
    },
    "Fusion_lam2.0": {
      "tau_id": -3.670108234882355,
      "auc_unknown": 0.9900288888888888,
      "FRR_stable": 0.09250000000000003,
      "false_drift_stable": 0.0425,
      "FAR_unknown_accept": 0.0348,
      "miss_drift": 0.21335416666666668,
      "confusion_matrix": [
        [
          2178,
          102,
          120
        ],
        [
          10241,
          11608,
          26151
        ],
        [
          1044,
          332,
          28624
        ]
      ]
    }
  },
  "best_sid": "Fusion_lam1.0"
}