{
  "split": 6,
  "fold": 4,
  "acc": 0.9958333333333333,
  "auc_drift_rx": 0.929941261574074,
  "auc_drift_day": 0.8368851388888889,
  "tau_dom": 2479.7742553710877,
  "sid_results": {
    "EmbMaha": {
      "tau_id": -1127.7129516601562,
      "auc_unknown": 0.9758922916666667,
      "FRR_stable": 0.09291666666666665,
      "false_drift_stable": 0.042916666666666665,
      "FAR_unknown_accept": 0.024433333333333335,
      "miss_drift": 0.30052083333333335,
      "confusion_matrix": [
        [
          2177,
          103,
          120
        ],
        [
          14425,
          7314,
          26261
        ],
        [
          733,
          1841,
          27426
        ]
      ]
    },
    "Energy": {
      "tau_id": 5.783726048469544,
      "auc_unknown": 0.8410952083333334,
      "FRR_stable": 0.09291666666666665,
      "false_drift_stable": 0.042916666666666665,
      "FAR_unknown_accept": 0.042333333333333334,
      "miss_drift": 0.3170625,
      "confusion_matrix": [
        [
          2177,
          103,
          120
        ],
        [
          15219,
          13290,
          19491
        ],
        [
          1270,
          11716,
          17014
        ]
      ]
    },
    "Fusion_lam0.25": {
      "tau_id": -0.8720383912324905,
      "auc_unknown": 0.979333125,
      "FRR_stable": 0.0920833333333333,
      "false_drift_stable": 0.042083333333333334,
      "FAR_unknown_accept": 0.009066666666666667,
      "miss_drift": 0.28854166666666664,
      "confusion_matrix": [
        [
          2179,
          101,
          120
        ],
        [
          13850,
          6431,
          27719
        ],
        [
          272,
          1314,
          28414
        ]
      ]
    },
    "Fusion_lam0.5": {
      "tau_id": -1.2398641049861907,
      "auc_unknown": 0.9762606250000001,
      "FRR_stable": 0.09250000000000003,
      "false_drift_stable": 0.0425,
      "FAR_unknown_accept": 0.008066666666666666,
      "miss_drift": 0.28679166666666667,
      "confusion_matrix": [
        [
          2178,
          102,
          120
        ],
        [
          13766,
          6496,
          27738
        ],
        [
          242,
          1558,
          28200
        ]
      ]
    },
    "Fusion_lam1.0": {
      "tau_id": -2.0863738298416137,
      "auc_unknown": 0.9658881249999999,
      "FRR_stable": 0.09250000000000003,
      "false_drift_stable": 0.0425,
      "FAR_unknown_accept": 0.011733333333333333,
      "miss_drift": 0.2921875,
      "confusion_matrix": [
        [
          2178,
          102,
          120
        ],
        [
          14025,
          7123,
          26852
        ],
        [
          352,
          2120,
          27528
        ]
      ]
    },
    "Fusion_lam1.5": {
      "tau_id": -2.9705856442451477,
      "auc_unknown": 0.9544680555555556,
      "FRR_stable": 0.09291666666666665,
      "false_drift_stable": 0.042916666666666665,
      "FAR_unknown_accept": 0.015666666666666666,
      "miss_drift": 0.29591666666666666,
      "confusion_matrix": [
        [
          2177,
          103,
          120
        ],
        [
          14204,
          7682,
          26114
        ],
        [
          470,
          2589,
          26941
        ]
      ]
    },
    "Fusion_lam2.0": {
      "tau_id": -3.8238004207611085,
      "auc_unknown": 0.9446352777777779,
      "FRR_stable": 0.09291666666666665,
      "false_drift_stable": 0.042916666666666665,
      "FAR_unknown_accept": 0.0183,
      "miss_drift": 0.2980625,
      "confusion_matrix": [
        [
          2177,
          103,
          120
        ],
        [
          14307,
          8190,
          25503
        ],
        [
          549,
          3067,
          26384
        ]
      ]
    }
  },
  "best_sid": "Fusion_lam0.25"
}