{
  "split": 2,
  "fold": 1,
  "tau_id": -1.275997644662857,
  "tau_dom": 2414.8697998046846,
  "thr_precision": 0.9061102831594635,
  "thr_recall": 0.152,
  "thr_keep_ratio": 0.0671,
  "topq_precision": 0.8848263254113345,
  "topq_recall": 0.121,
  "topq_keep_ratio": 0.0547,
  "adapt_stream_size": 10000,
  "thr_size": 671,
  "topq_size": 547,
  "oracle_size": 4000,
  "NoAdapt": {
    "stable_acc": 0.9966666666666667,
    "drift_acc_rx": 0.6526666666666666,
    "drift_acc_day": 0.76,
    "drift_acc_all": 0.7063333333333334,
    "FRR_stable": 0.0970833333333333,
    "FAR_unknown_accept": 0.0,
    "miss_drift_rx": 0.183,
    "miss_drift_day": 0.38466666666666666,
    "miss_drift_all": 0.2838333333333333,
    "auc_unknown_eval": 0.9960294444444445
  },
  "UngatedAdapt": {
    "stable_acc": 0.9966666666666667,
    "drift_acc_rx": 0.6523333333333333,
    "drift_acc_day": 0.7563333333333333,
    "drift_acc_all": 0.7043333333333334,
    "FRR_stable": 0.09083333333333332,
    "FAR_unknown_accept": 0.0,
    "miss_drift_rx": 0.183,
    "miss_drift_day": 0.4003333333333333,
    "miss_drift_all": 0.2916666666666667,
    "auc_unknown_eval": 0.9950867592592592
  },
  "GatedAdapt": {
    "stable_acc": 0.9975,
    "drift_acc_rx": 0.6623333333333333,
    "drift_acc_day": 0.7613333333333333,
    "drift_acc_all": 0.7118333333333333,
    "FRR_stable": 0.0904166666666667,
    "FAR_unknown_accept": 0.0,
    "miss_drift_rx": 0.184,
    "miss_drift_day": 0.39,
    "miss_drift_all": 0.287,
    "auc_unknown_eval": 0.9962283333333334
  },
  "GatedTopQAdapt": {
    "stable_acc": 0.9975,
    "drift_acc_rx": 0.6606666666666666,
    "drift_acc_day": 0.762,
    "drift_acc_all": 0.7113333333333334,
    "FRR_stable": 0.0920833333333333,
    "FAR_unknown_accept": 0.0,
    "miss_drift_rx": 0.184,
    "miss_drift_day": 0.39066666666666666,
    "miss_drift_all": 0.28733333333333333,
    "auc_unknown_eval": 0.9961420833333333
  },
  "OracleGateAdapt": {
    "stable_acc": 0.9975,
    "drift_acc_rx": 0.657,
    "drift_acc_day": 0.761,
    "drift_acc_all": 0.709,
    "FRR_stable": 0.09333333333333338,
    "FAR_unknown_accept": 0.0,
    "miss_drift_rx": 0.18433333333333332,
    "miss_drift_day": 0.39366666666666666,
    "miss_drift_all": 0.289,
    "auc_unknown_eval": 0.9955962500000001
  }
}