{
  "split": 5,
  "fold": 2,
  "acc": 0.99875,
  "auc_drift_rx": 0.9424924594907408,
  "auc_drift_day": 0.8362485590277777,
  "tau_dom": 2591.587646484374,
  "sid_results": {
    "EmbMaha": {
      "tau_id": -866.8475921630859,
      "auc_unknown": 0.6356000694444445,
      "FRR_stable": 0.09333333333333338,
      "false_drift_stable": 0.043333333333333335,
      "FAR_unknown_accept": 0.4343,
      "miss_drift": 0.19541666666666666,
      "confusion_matrix": [
        [
          2176,
          104,
          120
        ],
        [
          9380,
          5157,
          33463
        ],
        [
          13029,
          8623,
          8348
        ]
      ]
    },
    "Energy": {
      "tau_id": 6.683857655525207,
      "auc_unknown": 0.7686535416666667,
      "FRR_stable": 0.09624999999999995,
      "false_drift_stable": 0.04625,
      "FAR_unknown_accept": 0.4398,
      "miss_drift": 0.226625,
      "confusion_matrix": [
        [
          2169,
          111,
          120
        ],
        [
          10878,
          8678,
          28444
        ],
        [
          13194,
          11179,
          5627
        ]
      ]
    },
    "Fusion_lam0.25": {
      "tau_id": -0.5913721293210983,
      "auc_unknown": 0.738242986111111,
      "FRR_stable": 0.09416666666666662,
      "false_drift_stable": 0.04416666666666667,
      "FAR_unknown_accept": 0.4346,
      "miss_drift": 0.18920833333333334,
      "confusion_matrix": [
        [
          2174,
          106,
          120
        ],
        [
          9082,
          5554,
          33364
        ],
        [
          13038,
          8566,
          8396
        ]
      ]
    },
    "Fusion_lam0.5": {
      "tau_id": -1.0732478618621826,
      "auc_unknown": 0.7558658333333332,
      "FRR_stable": 0.09458333333333335,
      "false_drift_stable": 0.044583333333333336,
      "FAR_unknown_accept": 0.43646666666666667,
      "miss_drift": 0.20241666666666666,
      "confusion_matrix": [
        [
          2173,
          107,
          120
        ],
        [
          9716,
          6039,
          32245
        ],
        [
          13094,
          9228,
          7678
        ]
      ]
    },
    "Fusion_lam1.0": {
      "tau_id": -2.004160761833191,
      "auc_unknown": 0.7637797222222222,
      "FRR_stable": 0.09499999999999997,
      "false_drift_stable": 0.045,
      "FAR_unknown_accept": 0.4374,
      "miss_drift": 0.20985416666666667,
      "confusion_matrix": [
        [
          2172,
          108,
          120
        ],
        [
          10073,
          6485,
          31442
        ],
        [
          13122,
          9750,
          7128
        ]
      ]
    },
    "Fusion_lam1.5": {
      "tau_id": -2.960833191871643,
      "auc_unknown": 0.7659603472222223,
      "FRR_stable": 0.0954166666666667,
      "false_drift_stable": 0.04541666666666667,
      "FAR_unknown_accept": 0.4381333333333333,
      "miss_drift": 0.21397916666666666,
      "confusion_matrix": [
        [
          2171,
          109,
          120
        ],
        [
          10271,
          6778,
          30951
        ],
        [
          13144,
          10087,
          6769
        ]
      ]
    },
    "Fusion_lam2.0": {
      "tau_id": -3.929236650466919,
      "auc_unknown": 0.7669110069444445,
      "FRR_stable": 0.09583333333333333,
      "false_drift_stable": 0.04583333333333333,
      "FAR_unknown_accept": 0.43846666666666667,
      "miss_drift": 0.21664583333333334,
      "confusion_matrix": [
        [
          2170,
          110,
          120
        ],
        [
          10399,
          7004,
          30597
        ],
        [
          13154,
          10295,
          6551
        ]
      ]
    }
  },
  "best_sid": "Energy"
}