{
  "split": 5,
  "fold": 4,
  "tau_id": -1.4964150667190552,
  "tau_dom": 2696.8947998046856,
  "tau_conf": 0.9925597846508026,
  "pseudo_acc_rx": 0.595,
  "pseudo_acc_day": 0.689,
  "pseudo_acc_all": 0.642,
  "gate_precision": 0.2618464052287582,
  "gate_recall": 0.16025,
  "gate_keep_ratio": 0.2448,
  "conf_precision": 0.2619534123416428,
  "conf_recall": 0.16025,
  "conf_keep_ratio": 0.2447,
  "conf_keep_given_gate": 0.9995915032679739,
  "adapt_stream_size": 10000,
  "gate_size": 2448,
  "conf_size": 2447,
  "oracle_size": 4000,
  "NoAdapt": {
    "stable_acc": 0.9954166666666666,
    "drift_acc_rx": 0.595,
    "drift_acc_day": 0.689,
    "drift_acc_all": 0.642,
    "FRR_stable": 0.09291666666666665,
    "FAR_unknown_accept": 0.4637777777777778,
    "miss_drift_rx": 0.086,
    "miss_drift_day": 0.31933333333333336,
    "miss_drift_all": 0.20266666666666666,
    "auc_unknown_eval": 0.7018591666666667
  },
  "UngatedAdapt": {
    "stable_acc": 0.995,
    "drift_acc_rx": 0.5956666666666667,
    "drift_acc_day": 0.686,
    "drift_acc_all": 0.6408333333333334,
    "FRR_stable": 0.09166666666666667,
    "FAR_unknown_accept": 0.4567777777777778,
    "miss_drift_rx": 0.09466666666666666,
    "miss_drift_day": 0.31333333333333335,
    "miss_drift_all": 0.204,
    "auc_unknown_eval": 0.7752031944444445
  },
  "GatedAdapt": {
    "stable_acc": 0.9954166666666666,
    "drift_acc_rx": 0.6126666666666667,
    "drift_acc_day": 0.6996666666666667,
    "drift_acc_all": 0.6561666666666667,
    "FRR_stable": 0.08791666666666664,
    "FAR_unknown_accept": 0.4641111111111111,
    "miss_drift_rx": 0.09866666666666667,
    "miss_drift_day": 0.337,
    "miss_drift_all": 0.21783333333333332,
    "auc_unknown_eval": 0.743657824074074
  },
  "GatedConfAdapt": {
    "stable_acc": 0.9954166666666666,
    "drift_acc_rx": 0.6126666666666667,
    "drift_acc_day": 0.6996666666666667,
    "drift_acc_all": 0.6561666666666667,
    "FRR_stable": 0.08875,
    "FAR_unknown_accept": 0.4637777777777778,
    "miss_drift_rx": 0.09866666666666667,
    "miss_drift_day": 0.337,
    "miss_drift_all": 0.21783333333333332,
    "auc_unknown_eval": 0.7721681944444444
  },
  "OracleGatePseudoAdapt": {
    "stable_acc": 0.9954166666666666,
    "drift_acc_rx": 0.6026666666666667,
    "drift_acc_day": 0.7036666666666667,
    "drift_acc_all": 0.6531666666666667,
    "FRR_stable": 0.09666666666666668,
    "FAR_unknown_accept": 0.4471111111111111,
    "miss_drift_rx": 0.09533333333333334,
    "miss_drift_day": 0.31666666666666665,
    "miss_drift_all": 0.206,
    "auc_unknown_eval": 0.7791642592592593
  },
  "OracleLabelAdapt": {
    "stable_acc": 0.9975,
    "drift_acc_rx": 0.909,
    "drift_acc_day": 0.9866666666666667,
    "drift_acc_all": 0.9478333333333333,
    "FRR_stable": 0.35791666666666666,
    "FAR_unknown_accept": 0.0007777777777777777,
    "miss_drift_rx": 0.016666666666666666,
    "miss_drift_day": 0.121,
    "miss_drift_all": 0.06883333333333333,
    "auc_unknown_eval": 0.9254537731481483
  }
}