{
  "train_loss": [
    0.4916459814265922,
    0.1630664441872526,
    0.06423529968769462,
    0.03545401052882274,
    0.03058087742301049,
    0.01930477959966218,
    0.017254261003324278,
    0.016259647751468476,
    0.01324988586151179,
    0.011618531651415482,
    0.010561623492416133,
    0.01127307641889072,
    0.008347124421831083,
    0.00772057875421726,
    0.0071629182685649505,
    0.0066864619738663785,
    0.00525350886983452,
    0.008405279362556972,
    0.005604016354859427,
    0.005434013574052154,
    0.004738179311216636,
    0.003439431184799307,
    0.00454366130870767,
    0.003044503368006122,
    0.006713039951649046,
    0.0033290603325305573,
    0.002915974116358147,
    0.004503478598673138,
    0.002162849120537026,
    0.002801383537007496
  ],
  "train_acc": [
    0.774537037037037,
    0.934375,
    0.9770833333333333,
    0.9893518518518518,
    0.9900462962962963,
    0.9940972222222222,
    0.9938657407407407,
    0.9950231481481482,
    0.9956018518518519,
    0.9961805555555555,
    0.9964120370370371,
    0.9962962962962963,
    0.997337962962963,
    0.9974537037037037,
    0.9975694444444444,
    0.9976851851851852,
    0.9984953703703704,
    0.9972222222222222,
    0.9983796296296297,
    0.9982638888888888,
    0.9986111111111111,
    0.9988425925925926,
    0.9984953703703704,
    0.9993055555555556,
    0.9981481481481481,
    0.9989583333333333,
    0.9993055555555556,
    0.9986111111111111,
    0.9994212962962963,
    0.9991898148148148
  ],
  "val_loss": [
    1.8185655275980632,
    0.6708659529685974,
    0.27494165698687234,
    0.1151504968603452,
    0.07599103525280952,
    0.075478595495224,
    0.029673160488406815,
    0.0212834058329463,
    0.02406302746385336,
    0.017043028585612775,
    0.02192664990822474,
    0.012105273408815264,
    0.010774745450665554,
    0.01246427302248776,
    0.006730483712938925,
    0.011446348701914152,
    0.010950849577784538,
    0.016376037884037943,
    0.022323084203526376,
    0.022103085989753406,
    0.012025110113124052,
    0.005099604123582443,
    0.002274560008663684,
    0.005495832518984874,
    0.005546652125970771,
    0.0076735718874260785,
    0.003890634494018741,
    0.007247357776698967,
    0.003214039971741537,
    0.003354967393291493
  ],
  "val_acc": [
    0.528125,
    0.7895833333333333,
    0.9145833333333333,
    0.971875,
    0.9854166666666667,
    0.98125,
    0.9916666666666667,
    0.99375,
    0.9927083333333333,
    0.99375,
    0.99375,
    0.9947916666666666,
    0.9958333333333333,
    0.99375,
    0.9958333333333333,
    0.9947916666666666,
    0.996875,
    0.99375,
    0.9927083333333333,
    0.9947916666666666,
    0.9958333333333333,
    0.9989583333333333,
    0.9989583333333333,
    0.9989583333333333,
    0.9979166666666667,
    0.9979166666666667,
    0.9989583333333333,
    0.9958333333333333,
    0.9989583333333333,
    0.9989583333333333
  ]
}