{
  "split": 14,
  "fold": 3,
  "acc": 0.9970833333333333,
  "auc_unknown": 0.9937570833333333,
  "auc_drift_rx": 0.9211751851851853,
  "auc_drift_day": 0.8257218749999999,
  "tau_id": -1.2189114093780518,
  "tau_dom": 1956.559814453125,
  "FRR_stable": 0.09083333333333332,
  "false_drift_stable": 0.04083333333333333,
  "FAR_unknown_accept": 0.0039,
  "miss_drift": 0.2470625,
  "confusion_matrix": [
    [
      2182,
      98,
      120
    ],
    [
      11859,
      6510,
      29631
    ],
    [
      117,
      1790,
      28093
    ]
  ]
}