{
  "tau_id": -1.2189114093780518,
  "tau_dom": 1956.559814453125
}