{
  "train_loss": [
    0.17403825292202793,
    0.021403678885465603,
    0.015827374116598087,
    0.010097066337030013,
    0.009108747993768365,
    0.007969004364057593,
    0.0073168506265192486,
    0.0069634842205602955,
    0.006621725263683424,
    0.006188091601965155,
    0.006378855847934675,
    0.006126352601697565,
    0.005001658845598016
  ],
  "train_acc": [
    0.944675925925926,
    0.9942515432098765,
    0.995216049382716,
    0.9966820987654321,
    0.9970679012345679,
    0.9973765432098766,
    0.9974537037037037,
    0.9976851851851852,
    0.997608024691358,
    0.997800925925926,
    0.9977237654320987,
    0.9976851851851852,
    0.9981867283950617
  ],
  "val_loss": [
    0.14947059684329564,
    0.019779459111547718,
    0.014785819503271746,
    0.012845442631320718,
    0.010612112691726199,
    0.011713599300290096,
    0.01062414469167076,
    0.014500675651692694,
    0.010001920450001004,
    0.012626869574736096,
    0.017718033798539385,
    0.008671353351383004,
    0.014333329123534593
  ],
  "val_acc": [
    0.9479166666666666,
    0.9947916666666666,
    0.9951388888888889,
    0.9958333333333333,
    0.9965277777777778,
    0.9954861111111111,
    0.9961805555555555,
    0.9958333333333333,
    0.9965277777777778,
    0.9965277777777778,
    0.9954861111111111,
    0.9965277777777778,
    0.9961805555555555
  ]
}