{
  "split": 2,
  "fold": 1,
  "acc": 0.9970833333333333,
  "auc_unknown": 0.8222857445987655,
  "auc_drRX_V0": 0.7292696932870371,
  "auc_drRX_V1": 0.8825304803240741,
  "auc_drRX_V1k": 0.8695769618055555,
  "auc_drRX_V2": 0.6039191840277778,
  "auc_drRX_V3": 0.6836204282407408,
  "auc_drDAY_V0": 0.5254555979938271,
  "auc_drDAY_V1": 0.7190809529320988,
  "auc_drDAY_V1k": 0.7074192573302469,
  "auc_drDAY_V2": 0.5269406674382716,
  "auc_drDAY_V3": 0.518553360339506
}