{
  "train_loss": [
    0.5151908807180546,
    0.1560960825946596,
    0.0639542914375111,
    0.03579111363462828,
    0.026897473108989222,
    0.025940065227310967,
    0.019007079441238334,
    0.01806613871551774,
    0.016624825229626838,
    0.01219139568404191,
    0.01178471397617142,
    0.011907413664825813,
    0.012354087206983456,
    0.009440185976456161,
    0.008784812853533637,
    0.007504146870363642,
    0.0064515934830221035,
    0.0059669230870592095,
    0.009139391985566665,
    0.00641569489940863,
    0.005199047671717212,
    0.00603270384836597,
    0.0036663671580350232,
    0.0024548063965522927,
    0.002327563919351195,
    0.005482632146514435
  ],
  "train_acc": [
    0.7776620370370371,
    0.9384259259259259,
    0.9787037037037037,
    0.9894675925925925,
    0.990625,
    0.9913194444444444,
    0.9931712962962963,
    0.9940972222222222,
    0.9947916666666666,
    0.9962962962962963,
    0.9966435185185185,
    0.9962962962962963,
    0.9958333333333333,
    0.9972222222222222,
    0.9975694444444444,
    0.997337962962963,
    0.9982638888888888,
    0.9980324074074074,
    0.9974537037037037,
    0.9981481481481481,
    0.9981481481481481,
    0.9984953703703704,
    0.9989583333333333,
    0.9991898148148148,
    0.9991898148148148,
    0.9986111111111111
  ],
  "val_loss": [
    1.7135398785273235,
    0.5687152981758118,
    0.1246793215473493,
    0.0860298715531826,
    0.04585948617508014,
    0.03701970965291063,
    0.03158354417731365,
    0.023795115916679304,
    0.014294756079713504,
    0.016435275847713152,
    0.011840557803710301,
    0.022322663152590395,
    0.013139089716908832,
    0.00949540211392256,
    0.007590895691343273,
    0.012436496435354154,
    0.020897160462724666,
    0.0073858368986596664,
    0.006629598996369168,
    0.007564456421338643,
    0.008949540772785742,
    0.010226380867728342,
    0.003848162574771171,
    0.005398355420523634,
    0.004379340975234906,
    0.007711055789453288
  ],
  "val_acc": [
    0.5614583333333333,
    0.7427083333333333,
    0.9625,
    0.975,
    0.9885416666666667,
    0.9895833333333334,
    0.9927083333333333,
    0.99375,
    0.9958333333333333,
    0.9947916666666666,
    0.9958333333333333,
    0.9947916666666666,
    0.9958333333333333,
    0.9979166666666667,
    0.9979166666666667,
    0.9947916666666666,
    0.9947916666666666,
    0.9989583333333333,
    0.9979166666666667,
    0.9989583333333333,
    0.9989583333333333,
    0.9958333333333333,
    0.9989583333333333,
    0.9989583333333333,
    0.9989583333333333,
    0.9989583333333333
  ]
}