{
  "split": 6,
  "fold": 5,
  "acc": 0.99625,
  "auc_unknown": 0.9819956249999999,
  "auc_drift_rx": 0.9379756076388889,
  "auc_drift_day": 0.8531139583333334,
  "tau_id": -1.4326766729354858,
  "tau_dom": 2322.57373046875,
  "FRR_stable": 0.09458333333333335,
  "false_drift_stable": 0.044583333333333336,
  "FAR_unknown_accept": 0.0029,
  "miss_drift": 0.25166666666666665,
  "confusion_matrix": [
    [
      2173,
      107,
      120
    ],
    [
      12080,
      6176,
      29744
    ],
    [
      87,
      2099,
      27814
    ]
  ]
}