{
  "tau_id": -1.4326766729354858,
  "tau_dom": 2322.57373046875
}