{
  "split": 1,
  "fold": 1,
  "tau_id": -1.3686396479606628,
  "tau_dom": 2846.4205566406144,
  "thr_precision": 0.2625673249551167,
  "thr_recall": 0.14625,
  "thr_keep_ratio": 0.2228,
  "topq_precision": 0.25481563015960373,
  "topq_recall": 0.11575,
  "topq_keep_ratio": 0.1817,
  "adapt_stream_size": 10000,
  "thr_size": 2228,
  "topq_size": 1817,
  "oracle_size": 4000,
  "NoAdapt": {
    "stable_acc": 0.99875,
    "drift_acc_rx": 0.5263333333333333,
    "drift_acc_day": 0.645,
    "drift_acc_all": 0.5856666666666667,
    "FRR_stable": 0.0954166666666667,
    "FAR_unknown_accept": 0.4886666666666667,
    "miss_drift_rx": 0.08666666666666667,
    "miss_drift_day": 0.37333333333333335,
    "miss_drift_all": 0.23,
    "auc_unknown_eval": 0.735246111111111
  },
  "UngatedAdapt": {
    "stable_acc": 0.9983333333333333,
    "drift_acc_rx": 0.522,
    "drift_acc_day": 0.6346666666666667,
    "drift_acc_all": 0.5783333333333334,
    "FRR_stable": 0.08999999999999997,
    "FAR_unknown_accept": 0.49277777777777776,
    "miss_drift_rx": 0.088,
    "miss_drift_day": 0.395,
    "miss_drift_all": 0.2415,
    "auc_unknown_eval": 0.7337294907407408
  },
  "GatedAdapt": {
    "stable_acc": 0.9983333333333333,
    "drift_acc_rx": 0.5286666666666666,
    "drift_acc_day": 0.645,
    "drift_acc_all": 0.5868333333333333,
    "FRR_stable": 0.09125000000000005,
    "FAR_unknown_accept": 0.4886666666666667,
    "miss_drift_rx": 0.087,
    "miss_drift_day": 0.382,
    "miss_drift_all": 0.2345,
    "auc_unknown_eval": 0.7412704166666666
  },
  "GatedTopQAdapt": {
    "stable_acc": 0.9983333333333333,
    "drift_acc_rx": 0.528,
    "drift_acc_day": 0.644,
    "drift_acc_all": 0.586,
    "FRR_stable": 0.0920833333333333,
    "FAR_unknown_accept": 0.49033333333333334,
    "miss_drift_rx": 0.08666666666666667,
    "miss_drift_day": 0.38166666666666665,
    "miss_drift_all": 0.23416666666666666,
    "auc_unknown_eval": 0.7362993981481483
  },
  "OracleGateAdapt": {
    "stable_acc": 0.9983333333333333,
    "drift_acc_rx": 0.524,
    "drift_acc_day": 0.6366666666666667,
    "drift_acc_all": 0.5803333333333334,
    "FRR_stable": 0.0954166666666667,
    "FAR_unknown_accept": 0.49133333333333334,
    "miss_drift_rx": 0.088,
    "miss_drift_day": 0.39566666666666667,
    "miss_drift_all": 0.24183333333333334,
    "auc_unknown_eval": 0.7314495370370371
  }
}