{
  "train_loss": [
    0.3396889471690412,
    0.023880603385192378,
    0.017344804868722957,
    0.0120739814100994,
    0.009176858959512578,
    0.00713558873437621,
    0.007367476453590724,
    0.006931859585973952,
    0.004868258756188745,
    0.006582204339577368,
    0.0036182200919871255,
    0.004311277499612145,
    0.0027483917451549874,
    0.003042672736423642,
    0.002713434794956508,
    0.0040251257012305025,
    0.004009742937611278,
    0.0022739440047492582,
    0.002991205630759295,
    0.0020733977795181864,
    0.00282175798503751,
    0.002409812019322999,
    0.0012054134965486204,
    0.0018572317060143514,
    0.0024706567410181313,
    0.0016383648111648788,
    0.0009026198019489164,
    0.002594873824542716,
    0.0020441840503028492,
    0.0028780367455005437,
    0.0032871812442964356,
    0.0018496185897405397,
    0.002584632501303632,
    0.003180536619631177,
    0.0014792133316708109
  ],
  "train_acc": [
    0.867824074074074,
    0.9958333333333333,
    0.996875,
    0.9971064814814815,
    0.9969907407407408,
    0.9982638888888888,
    0.9979166666666667,
    0.9981481481481481,
    0.9987268518518518,
    0.9984953703703704,
    0.9989583333333333,
    0.9986111111111111,
    0.9989583333333333,
    0.9993055555555556,
    0.9991898148148148,
    0.9989583333333333,
    0.9983796296296297,
    0.9996527777777777,
    0.9991898148148148,
    0.9991898148148148,
    0.9988425925925926,
    0.9991898148148148,
    0.9997685185185186,
    0.9996527777777777,
    0.999537037037037,
    0.999537037037037,
    0.9997685185185186,
    0.9990740740740741,
    0.999537037037037,
    0.9991898148148148,
    0.9991898148148148,
    0.999537037037037,
    0.9993055555555556,
    0.9989583333333333,
    0.9996527777777777
  ],
  "val_loss": [
    1.3305679480234782,
    0.714542555809021,
    0.5442899227142334,
    0.22807520826657612,
    0.16748965283234915,
    0.15228962202866872,
    0.16057449479897817,
    0.04137793978055318,
    0.1197482372323672,
    0.1488734503587087,
    0.23580528299013773,
    0.06166918973128001,
    0.01975129044925173,
    0.07812613422671953,
    0.021497899666428566,
    0.03730913698673248,
    0.018759098773201307,
    0.03202810374399026,
    0.020398397433261075,
    0.008666554287386437,
    0.01176375433957825,
    0.007985458903325101,
    0.015877942275255918,
    0.024129585456103088,
    0.010648920821646849,
    0.004626655015939226,
    0.0011440408479150696,
    0.021964687233169872,
    0.00964987293506662,
    0.009010086539880528,
    0.00043706936570136654,
    0.0027722509342614408,
    0.000376966209114471,
    0.0006285550543301117,
    0.00047299662328441626
  ],
  "val_acc": [
    0.6239583333333333,
    0.7541666666666667,
    0.79375,
    0.9145833333333333,
    0.9364583333333333,
    0.9458333333333333,
    0.9385416666666667,
    0.9885416666666667,
    0.9552083333333333,
    0.953125,
    0.9125,
    0.98125,
    0.9958333333333333,
    0.9802083333333333,
    0.9958333333333333,
    0.9916666666666667,
    0.9958333333333333,
    0.9895833333333334,
    0.9927083333333333,
    0.9979166666666667,
    0.9979166666666667,
    0.9989583333333333,
    0.996875,
    0.99375,
    0.9979166666666667,
    0.9989583333333333,
    1.0,
    0.9958333333333333,
    0.9979166666666667,
    0.9989583333333333,
    1.0,
    0.9989583333333333,
    1.0,
    1.0,
    1.0
  ]
}