{
  "split": 11,
  "fold": 2,
  "acc": 0.99875,
  "auc_unknown": 0.6481654513888889,
  "auc_drift_rx": 0.9285583680555555,
  "auc_drift_day": 0.835402951388889,
  "tau_id": -1.6498265266418457,
  "tau_dom": 2285.637939453125,
  "FRR_stable": 0.09375,
  "false_drift_stable": 0.04375,
  "FAR_unknown_accept": 0.07323333333333333,
  "miss_drift": 0.20445833333333333,
  "confusion_matrix": [
    [
      2175,
      105,
      120
    ],
    [
      9814,
      7234,
      30952
    ],
    [
      2197,
      16623,
      11180
    ]
  ]
}