{
  "tau_id": -1.6498265266418457,
  "tau_dom": 2285.637939453125
}