{
  "split": 2,
  "fold": 4,
  "acc": 0.9991666666666666,
  "auc_unknown": 0.9979271527777778,
  "auc_drift_rx": 0.9221510069444445,
  "auc_drift_day": 0.8182709027777777,
  "tau_id": -876.3909301757812,
  "tau_dom": 2036.0372314453125,
  "FRR_stable": 0.09624999999999995,
  "false_drift_stable": 0.04625,
  "FAR_unknown_accept": 0.0,
  "miss_drift": 0.24304166666666666,
  "confusion_matrix": [
    [
      2169,
      111,
      120
    ],
    [
      11666,
      6833,
      29501
    ],
    [
      0,
      64,
      29936
    ]
  ]
}