{
  "tau_id": -876.3909301757812,
  "tau_dom": 2036.0372314453125
}