{
  "train_loss": [
    0.5749505759389312,
    0.18250171743609286,
    0.07162380894577061,
    0.04659207965833721,
    0.02946239839549418,
    0.026859666403658965,
    0.016767875080997193,
    0.016504278151249444,
    0.01203679199916897,
    0.010131811550645917,
    0.009881304198427608,
    0.010801833215669764,
    0.008881953490587572,
    0.009220948117285,
    0.007710217182627982,
    0.006243826538600303,
    0.005405759663510792,
    0.004708676431888576,
    0.008025760821679054,
    0.0036807427217287044,
    0.005342573682449896,
    0.0056015460064238005,
    0.00411162163600912,
    0.004263072068527065,
    0.0035776801258584276,
    0.004345232004912018,
    0.002550237125898194,
    0.0027318683598423375,
    0.003781201453670359,
    0.0036224283099053774,
    0.005659571759989141,
    0.0022179413209583057,
    0.0028314748642043453,
    0.002305263439538302,
    0.004249786256372722
  ],
  "train_acc": [
    0.7285879629629629,
    0.9259259259259259,
    0.975925925925926,
    0.984837962962963,
    0.9895833333333334,
    0.9912037037037037,
    0.9943287037037037,
    0.9947916666666666,
    0.9959490740740741,
    0.9966435185185185,
    0.996875,
    0.9959490740740741,
    0.9967592592592592,
    0.9967592592592592,
    0.997800925925926,
    0.9980324074074074,
    0.9982638888888888,
    0.9986111111111111,
    0.9972222222222222,
    0.9988425925925926,
    0.9983796296296297,
    0.9983796296296297,
    0.9984953703703704,
    0.9984953703703704,
    0.9990740740740741,
    0.9986111111111111,
    0.9991898148148148,
    0.9991898148148148,
    0.9989583333333333,
    0.9987268518518518,
    0.9981481481481481,
    0.9993055555555556,
    0.9989583333333333,
    0.999537037037037,
    0.9984953703703704
  ],
  "val_loss": [
    2.146266810099284,
    0.9212295293807984,
    0.26948832869529726,
    0.2202114423116048,
    0.12411347329616547,
    0.10945963064829509,
    0.08399562487999598,
    0.0876211553812027,
    0.053971257309118906,
    0.07680537501970927,
    0.06043963332970937,
    0.03470646366477013,
    0.034551856790979704,
    0.041083057721455894,
    0.022793071841200194,
    0.038537097225586577,
    0.02483225427567959,
    0.016589475826670728,
    0.019857906612257163,
    0.03438630774617195,
    0.02153546822567781,
    0.026243467008074124,
    0.012216954429944357,
    0.008877495924631754,
    0.002914111774104337,
    0.026403350631395976,
    0.003705568937584758,
    0.010938175084690253,
    0.002474921150133014,
    0.006985364481806755,
    0.004381933722955486,
    0.010178923358519871,
    0.0022271042709083606,
    0.012673123530112207,
    0.003236651661184927
  ],
  "val_acc": [
    0.5,
    0.6697916666666667,
    0.9010416666666666,
    0.9229166666666667,
    0.9583333333333334,
    0.965625,
    0.9770833333333333,
    0.9791666666666666,
    0.9864583333333333,
    0.978125,
    0.984375,
    0.99375,
    0.9916666666666667,
    0.9854166666666667,
    0.9979166666666667,
    0.9864583333333333,
    0.9958333333333333,
    0.9979166666666667,
    0.996875,
    0.990625,
    0.99375,
    0.9947916666666666,
    0.9989583333333333,
    0.9989583333333333,
    0.9979166666666667,
    0.9958333333333333,
    1.0,
    0.9958333333333333,
    1.0,
    0.9989583333333333,
    0.9989583333333333,
    0.996875,
    0.9989583333333333,
    0.9947916666666666,
    0.9989583333333333
  ]
}