{
  "split": 12,
  "fold": 4,
  "acc": 0.9991666666666666,
  "auc_unknown": 0.9975418055555555,
  "auc_drift_rx": 0.9402226446759259,
  "auc_drift_day": 0.8833791840277778,
  "tau_id": -1.5860551595687866,
  "tau_dom": 2659.725830078125,
  "FRR_stable": 0.09583333333333333,
  "false_drift_stable": 0.04583333333333333,
  "FAR_unknown_accept": 0.0013333333333333333,
  "miss_drift": 0.219125,
  "confusion_matrix": [
    [
      2170,
      110,
      120
    ],
    [
      10518,
      8910,
      28572
    ],
    [
      40,
      179,
      29781
    ]
  ]
}