{
  "tau_id": -1.5860551595687866,
  "tau_dom": 2659.725830078125
}