{
  "split": 2,
  "fold": 3,
  "false_drift_target": 0.01,
  "tau_id": -1.2901601791381836,
  "tau_dom": 5341.32177734375,
  "tau_conf": 0.9990107417106628,
  "pseudo_acc_rx": 0.6428611111111111,
  "pseudo_acc_day": 0.6099166666666667,
  "pseudo_acc_all": 0.634625,
  "gate_precision": 0.8823529411764706,
  "gate_recall": 0.045,
  "gate_keep_ratio": 0.0204,
  "conf_precision": 0.8823529411764706,
  "conf_recall": 0.045,
  "conf_keep_ratio": 0.0204,
  "conf_keep_given_gate": 1.0,
  "adapt_stream_size": 10000,
  "gate_size": 204,
  "conf_size": 204,
  "oracle_size": 4000,
  "NoAdapt": {
    "stable_acc": 0.9966666666666667,
    "drift_acc_rx": 0.636,
    "drift_acc_day": 0.615,
    "drift_acc_all": 0.6255,
    "FRR_stable": 0.05666666666666664,
    "FAR_unknown_accept": 0.006666666666666667,
    "miss_drift_rx": 0.2813333333333333,
    "miss_drift_day": 0.481,
    "miss_drift_all": 0.38116666666666665,
    "auc_unknown_eval": 0.9955027314814814
  },
  "UngatedAdapt": {
    "stable_acc": 0.9970833333333333,
    "drift_acc_rx": 0.6293333333333333,
    "drift_acc_day": 0.6153333333333333,
    "drift_acc_all": 0.6223333333333333,
    "FRR_stable": 0.06625000000000003,
    "FAR_unknown_accept": 0.0003333333333333333,
    "miss_drift_rx": 0.21633333333333332,
    "miss_drift_day": 0.433,
    "miss_drift_all": 0.32466666666666666,
    "auc_unknown_eval": 0.9983644444444444
  },
  "OracleGatePseudoAdapt": {
    "stable_acc": 0.9966666666666667,
    "drift_acc_rx": 0.631,
    "drift_acc_day": 0.6146666666666667,
    "drift_acc_all": 0.6228333333333333,
    "FRR_stable": 0.5358333333333334,
    "FAR_unknown_accept": 0.0,
    "miss_drift_rx": 0.007333333333333333,
    "miss_drift_day": 0.033666666666666664,
    "miss_drift_all": 0.0205,
    "auc_unknown_eval": 0.9969731018518517
  },
  "OracleLabelAdapt": {
    "stable_acc": 0.99875,
    "drift_acc_rx": 0.9503333333333334,
    "drift_acc_day": 0.9966666666666667,
    "drift_acc_all": 0.9735,
    "FRR_stable": 0.6466666666666667,
    "FAR_unknown_accept": 0.0,
    "miss_drift_rx": 0.053,
    "miss_drift_day": 0.058666666666666666,
    "miss_drift_all": 0.05583333333333333,
    "auc_unknown_eval": 0.9664446296296296
  },
  "GatedAdapt": {
    "stable_acc": 0.9970833333333333,
    "drift_acc_rx": 0.642,
    "drift_acc_day": 0.6196666666666667,
    "drift_acc_all": 0.6308333333333334,
    "FRR_stable": 0.04916666666666669,
    "FAR_unknown_accept": 0.006666666666666667,
    "miss_drift_rx": 0.2833333333333333,
    "miss_drift_day": 0.48333333333333334,
    "miss_drift_all": 0.38333333333333336,
    "auc_unknown_eval": 0.9957109259259261
  },
  "GatedConfAdapt": {
    "stable_acc": 0.9970833333333333,
    "drift_acc_rx": 0.64,
    "drift_acc_day": 0.6173333333333333,
    "drift_acc_all": 0.6286666666666667,
    "FRR_stable": 0.05208333333333337,
    "FAR_unknown_accept": 0.006666666666666667,
    "miss_drift_rx": 0.2816666666666667,
    "miss_drift_day": 0.4826666666666667,
    "miss_drift_all": 0.38216666666666665,
    "auc_unknown_eval": 0.9954967592592593
  }
}