{
  "split": 2,
  "fold": 3,
  "false_drift_target": 0.05,
  "tau_id": -1.2901601791381836,
  "tau_dom": 2491.98388671875,
  "tau_conf": 0.9990107417106628,
  "pseudo_acc_rx": 0.6428611111111111,
  "pseudo_acc_day": 0.6099166666666667,
  "pseudo_acc_all": 0.634625,
  "gate_precision": 0.8982785602503912,
  "gate_recall": 0.1435,
  "gate_keep_ratio": 0.0639,
  "conf_precision": 0.8981191222570533,
  "conf_recall": 0.14325,
  "conf_keep_ratio": 0.0638,
  "conf_keep_given_gate": 0.9984350547730829,
  "adapt_stream_size": 10000,
  "gate_size": 639,
  "conf_size": 638,
  "oracle_size": 4000,
  "NoAdapt": {
    "stable_acc": 0.9966666666666667,
    "drift_acc_rx": 0.636,
    "drift_acc_day": 0.615,
    "drift_acc_all": 0.6255,
    "FRR_stable": 0.09458333333333335,
    "FAR_unknown_accept": 0.00011111111111111112,
    "miss_drift_rx": 0.18866666666666668,
    "miss_drift_day": 0.371,
    "miss_drift_all": 0.2798333333333333,
    "auc_unknown_eval": 0.9955027314814814
  },
  "UngatedAdapt": {
    "stable_acc": 0.9970833333333333,
    "drift_acc_rx": 0.6293333333333333,
    "drift_acc_day": 0.6153333333333333,
    "drift_acc_all": 0.6223333333333333,
    "FRR_stable": 0.10250000000000004,
    "FAR_unknown_accept": 0.00011111111111111112,
    "miss_drift_rx": 0.16533333333333333,
    "miss_drift_day": 0.3486666666666667,
    "miss_drift_all": 0.257,
    "auc_unknown_eval": 0.9983644444444444
  },
  "OracleGatePseudoAdapt": {
    "stable_acc": 0.9966666666666667,
    "drift_acc_rx": 0.631,
    "drift_acc_day": 0.6146666666666667,
    "drift_acc_all": 0.6228333333333333,
    "FRR_stable": 0.5475,
    "FAR_unknown_accept": 0.0,
    "miss_drift_rx": 0.006333333333333333,
    "miss_drift_day": 0.03266666666666666,
    "miss_drift_all": 0.0195,
    "auc_unknown_eval": 0.9969731018518517
  },
  "OracleLabelAdapt": {
    "stable_acc": 0.99875,
    "drift_acc_rx": 0.9503333333333334,
    "drift_acc_day": 0.9966666666666667,
    "drift_acc_all": 0.9735,
    "FRR_stable": 0.6541666666666667,
    "FAR_unknown_accept": 0.0,
    "miss_drift_rx": 0.050666666666666665,
    "miss_drift_day": 0.05266666666666667,
    "miss_drift_all": 0.051666666666666666,
    "auc_unknown_eval": 0.9664446296296296
  },
  "GatedAdapt": {
    "stable_acc": 0.9975,
    "drift_acc_rx": 0.634,
    "drift_acc_day": 0.6256666666666667,
    "drift_acc_all": 0.6298333333333334,
    "FRR_stable": 0.09333333333333338,
    "FAR_unknown_accept": 0.00011111111111111112,
    "miss_drift_rx": 0.18633333333333332,
    "miss_drift_day": 0.36433333333333334,
    "miss_drift_all": 0.2753333333333333,
    "auc_unknown_eval": 0.9988412037037038
  },
  "GatedConfAdapt": {
    "stable_acc": 0.9979166666666667,
    "drift_acc_rx": 0.6363333333333333,
    "drift_acc_day": 0.6326666666666667,
    "drift_acc_all": 0.6345,
    "FRR_stable": 0.08708333333333329,
    "FAR_unknown_accept": 0.00011111111111111112,
    "miss_drift_rx": 0.187,
    "miss_drift_day": 0.37133333333333335,
    "miss_drift_all": 0.2791666666666667,
    "auc_unknown_eval": 0.9978678703703704
  }
}