{
  "split": 2,
  "fold": 3,
  "false_drift_target": 0.2,
  "tau_id": -1.2901601791381836,
  "tau_dom": 986.3062133789062,
  "tau_conf": 0.9990107417106628,
  "pseudo_acc_rx": 0.6428611111111111,
  "pseudo_acc_day": 0.6099166666666667,
  "pseudo_acc_all": 0.634625,
  "gate_precision": 0.9389671361502347,
  "gate_recall": 0.25,
  "gate_keep_ratio": 0.1065,
  "conf_precision": 0.9385633270321361,
  "conf_recall": 0.24825,
  "conf_keep_ratio": 0.1058,
  "conf_keep_given_gate": 0.9934272300469483,
  "adapt_stream_size": 10000,
  "gate_size": 1065,
  "conf_size": 1058,
  "oracle_size": 4000,
  "NoAdapt": {
    "stable_acc": 0.9966666666666667,
    "drift_acc_rx": 0.636,
    "drift_acc_day": 0.615,
    "drift_acc_all": 0.6255,
    "FRR_stable": 0.23583333333333334,
    "FAR_unknown_accept": 0.0,
    "miss_drift_rx": 0.10266666666666667,
    "miss_drift_day": 0.24066666666666667,
    "miss_drift_all": 0.17166666666666666,
    "auc_unknown_eval": 0.9955027314814814
  },
  "UngatedAdapt": {
    "stable_acc": 0.9970833333333333,
    "drift_acc_rx": 0.6293333333333333,
    "drift_acc_day": 0.6153333333333333,
    "drift_acc_all": 0.6223333333333333,
    "FRR_stable": 0.24208333333333332,
    "FAR_unknown_accept": 0.0,
    "miss_drift_rx": 0.09433333333333334,
    "miss_drift_day": 0.24066666666666667,
    "miss_drift_all": 0.1675,
    "auc_unknown_eval": 0.9983644444444444
  },
  "OracleGatePseudoAdapt": {
    "stable_acc": 0.9966666666666667,
    "drift_acc_rx": 0.631,
    "drift_acc_day": 0.6146666666666667,
    "drift_acc_all": 0.6228333333333333,
    "FRR_stable": 0.585,
    "FAR_unknown_accept": 0.0,
    "miss_drift_rx": 0.002,
    "miss_drift_day": 0.029,
    "miss_drift_all": 0.0155,
    "auc_unknown_eval": 0.9969731018518517
  },
  "OracleLabelAdapt": {
    "stable_acc": 0.99875,
    "drift_acc_rx": 0.9503333333333334,
    "drift_acc_day": 0.9966666666666667,
    "drift_acc_all": 0.9735,
    "FRR_stable": 0.6950000000000001,
    "FAR_unknown_accept": 0.0,
    "miss_drift_rx": 0.03133333333333333,
    "miss_drift_day": 0.043,
    "miss_drift_all": 0.03716666666666667,
    "auc_unknown_eval": 0.9664446296296296
  },
  "GatedAdapt": {
    "stable_acc": 0.9983333333333333,
    "drift_acc_rx": 0.6443333333333333,
    "drift_acc_day": 0.7066666666666667,
    "drift_acc_all": 0.6755,
    "FRR_stable": 0.24083333333333334,
    "FAR_unknown_accept": 0.0,
    "miss_drift_rx": 0.10433333333333333,
    "miss_drift_day": 0.244,
    "miss_drift_all": 0.17416666666666666,
    "auc_unknown_eval": 0.9991797222222222
  },
  "GatedConfAdapt": {
    "stable_acc": 0.9983333333333333,
    "drift_acc_rx": 0.632,
    "drift_acc_day": 0.6856666666666666,
    "drift_acc_all": 0.6588333333333334,
    "FRR_stable": 0.2370833333333333,
    "FAR_unknown_accept": 0.0,
    "miss_drift_rx": 0.10466666666666667,
    "miss_drift_day": 0.24366666666666667,
    "miss_drift_all": 0.17416666666666666,
    "auc_unknown_eval": 0.9986608796296297
  }
}