{
  "split": 2,
  "fold": 3,
  "false_drift_target": 0.1,
  "tau_id": -1.2901601791381836,
  "tau_dom": 1539.670654296875,
  "tau_conf": 0.9990107417106628,
  "pseudo_acc_rx": 0.6428611111111111,
  "pseudo_acc_day": 0.6099166666666667,
  "pseudo_acc_all": 0.634625,
  "gate_precision": 0.9257142857142857,
  "gate_recall": 0.2025,
  "gate_keep_ratio": 0.0875,
  "conf_precision": 0.9255441008018328,
  "conf_recall": 0.202,
  "conf_keep_ratio": 0.0873,
  "conf_keep_given_gate": 0.9977142857142857,
  "adapt_stream_size": 10000,
  "gate_size": 875,
  "conf_size": 873,
  "oracle_size": 4000,
  "NoAdapt": {
    "stable_acc": 0.9966666666666667,
    "drift_acc_rx": 0.636,
    "drift_acc_day": 0.615,
    "drift_acc_all": 0.6255,
    "FRR_stable": 0.14083333333333337,
    "FAR_unknown_accept": 0.00011111111111111112,
    "miss_drift_rx": 0.14833333333333334,
    "miss_drift_day": 0.298,
    "miss_drift_all": 0.22316666666666668,
    "auc_unknown_eval": 0.9955027314814814
  },
  "UngatedAdapt": {
    "stable_acc": 0.9970833333333333,
    "drift_acc_rx": 0.6293333333333333,
    "drift_acc_day": 0.6153333333333333,
    "drift_acc_all": 0.6223333333333333,
    "FRR_stable": 0.1479166666666667,
    "FAR_unknown_accept": 0.00011111111111111112,
    "miss_drift_rx": 0.13633333333333333,
    "miss_drift_day": 0.2976666666666667,
    "miss_drift_all": 0.217,
    "auc_unknown_eval": 0.9983644444444444
  },
  "OracleGatePseudoAdapt": {
    "stable_acc": 0.9966666666666667,
    "drift_acc_rx": 0.631,
    "drift_acc_day": 0.6146666666666667,
    "drift_acc_all": 0.6228333333333333,
    "FRR_stable": 0.5666666666666667,
    "FAR_unknown_accept": 0.0,
    "miss_drift_rx": 0.0036666666666666666,
    "miss_drift_day": 0.03133333333333333,
    "miss_drift_all": 0.0175,
    "auc_unknown_eval": 0.9969731018518517
  },
  "OracleLabelAdapt": {
    "stable_acc": 0.99875,
    "drift_acc_rx": 0.9503333333333334,
    "drift_acc_day": 0.9966666666666667,
    "drift_acc_all": 0.9735,
    "FRR_stable": 0.6699999999999999,
    "FAR_unknown_accept": 0.0,
    "miss_drift_rx": 0.04633333333333333,
    "miss_drift_day": 0.04833333333333333,
    "miss_drift_all": 0.04733333333333333,
    "auc_unknown_eval": 0.9664446296296296
  },
  "GatedAdapt": {
    "stable_acc": 0.9979166666666667,
    "drift_acc_rx": 0.6233333333333333,
    "drift_acc_day": 0.6473333333333333,
    "drift_acc_all": 0.6353333333333333,
    "FRR_stable": 0.15249999999999997,
    "FAR_unknown_accept": 0.00011111111111111112,
    "miss_drift_rx": 0.14966666666666667,
    "miss_drift_day": 0.3,
    "miss_drift_all": 0.22483333333333333,
    "auc_unknown_eval": 0.9969587499999999
  },
  "GatedConfAdapt": {
    "stable_acc": 0.9983333333333333,
    "drift_acc_rx": 0.63,
    "drift_acc_day": 0.669,
    "drift_acc_all": 0.6495,
    "FRR_stable": 0.15500000000000003,
    "FAR_unknown_accept": 0.00011111111111111112,
    "miss_drift_rx": 0.14933333333333335,
    "miss_drift_day": 0.2996666666666667,
    "miss_drift_all": 0.2245,
    "auc_unknown_eval": 0.9973241666666668
  }
}