{
  "train_loss": [
    0.5276444563159236,
    0.1759941209245611,
    0.06406620015148763,
    0.04030699322207106,
    0.032057458352021596,
    0.024604077033560583,
    0.021244439175697388,
    0.021207952451098848,
    0.015549226369087895,
    0.014998333404461543,
    0.012126799591782469,
    0.010676249596980159,
    0.00752749959765761,
    0.010012362044546063,
    0.009763494362468246,
    0.009282475797442236,
    0.0077233240111834476,
    0.009491556219075358,
    0.007007272302224818,
    0.006246756084039118,
    0.009215416282380897,
    0.005493776391139599,
    0.003827705665672612
  ],
  "train_acc": [
    0.7611111111111111,
    0.9293981481481481,
    0.9793981481481482,
    0.9869212962962963,
    0.9895833333333334,
    0.9920138888888889,
    0.9927083333333333,
    0.9935185185185185,
    0.9944444444444445,
    0.9947916666666666,
    0.9954861111111111,
    0.9966435185185185,
    0.9979166666666667,
    0.9965277777777778,
    0.9969907407407408,
    0.9972222222222222,
    0.9972222222222222,
    0.9962962962962963,
    0.997800925925926,
    0.997800925925926,
    0.9967592592592592,
    0.9986111111111111,
    0.9990740740740741
  ],
  "val_loss": [
    1.5451617240905762,
    0.6190247734387716,
    0.27862734893957775,
    0.15124176541964213,
    0.0434386591737469,
    0.03889874356488387,
    0.06019738291700681,
    0.02564032099520167,
    0.02960908692330122,
    0.021124478429555893,
    0.013890340831130743,
    0.018611356460799772,
    0.014088154731628796,
    0.014958469981017212,
    0.003851959854364395,
    0.012881960952654481,
    0.004562812738974268,
    0.007352976369050642,
    0.01893224789140125,
    0.006890117765093843,
    0.00416427863528952,
    0.006290265747035543,
    0.0038479553904229155
  ],
  "val_acc": [
    0.61875,
    0.7875,
    0.8947916666666667,
    0.9572916666666667,
    0.9885416666666667,
    0.9875,
    0.9854166666666667,
    0.9927083333333333,
    0.9927083333333333,
    0.99375,
    0.99375,
    0.9947916666666666,
    0.99375,
    0.9947916666666666,
    0.9989583333333333,
    0.996875,
    0.9979166666666667,
    0.996875,
    0.9947916666666666,
    0.996875,
    0.9989583333333333,
    0.9989583333333333,
    0.9979166666666667
  ]
}