{
  "split": 6,
  "fold": 3,
  "acc": 0.995,
  "auc_unknown": 0.9695771527777778,
  "auc_drift_rx": 0.9362580729166667,
  "auc_drift_day": 0.8346899305555556,
  "tau_id": -1.2694190740585327,
  "tau_dom": 2407.437255859375,
  "FRR_stable": 0.09291666666666665,
  "false_drift_stable": 0.042916666666666665,
  "FAR_unknown_accept": 0.025133333333333334,
  "miss_drift": 0.27216666666666667,
  "confusion_matrix": [
    [
      2177,
      103,
      120
    ],
    [
      13064,
      7670,
      27266
    ],
    [
      754,
      2942,
      26304
    ]
  ]
}