{
  "tau_id": -1.2694190740585327,
  "tau_dom": 2407.437255859375
}