{
  "split": 3,
  "fold": 5,
  "tau_id": -1.649659764766693,
  "tau_dom": 2034.083312988281,
  "gate_precision": 0.6792873051224945,
  "gate_recall": 0.1525,
  "gate_keep_ratio": 0.0898,
  "adapt_stream_size": 10000,
  "gated_size": 898,
  "oracle_size": 4000,
  "NoAdapt": {
    "stable_acc": 0.9983333333333333,
    "drift_acc_rx": 0.5736666666666667,
    "drift_acc_day": 0.803,
    "drift_acc_all": 0.6883333333333334,
    "FRR_stable": 0.09499999999999997,
    "FAR_unknown_accept": 0.03611111111111111,
    "miss_drift_rx": 0.20833333333333334,
    "miss_drift_day": 0.4806666666666667,
    "miss_drift_all": 0.3445,
    "auc_unknown_eval": 0.9802778703703704
  },
  "UngatedAdapt": {
    "stable_acc": 0.9983333333333333,
    "drift_acc_rx": 0.5733333333333334,
    "drift_acc_day": 0.802,
    "drift_acc_all": 0.6876666666666666,
    "FRR_stable": 0.09333333333333338,
    "FAR_unknown_accept": 0.049444444444444444,
    "miss_drift_rx": 0.214,
    "miss_drift_day": 0.4866666666666667,
    "miss_drift_all": 0.35033333333333333,
    "auc_unknown_eval": 0.9809414351851852
  },
  "GatedAdapt": {
    "stable_acc": 0.9983333333333333,
    "drift_acc_rx": 0.5796666666666667,
    "drift_acc_day": 0.8056666666666666,
    "drift_acc_all": 0.6926666666666667,
    "FRR_stable": 0.0904166666666667,
    "FAR_unknown_accept": 0.039,
    "miss_drift_rx": 0.21166666666666667,
    "miss_drift_day": 0.48333333333333334,
    "miss_drift_all": 0.3475,
    "auc_unknown_eval": 0.9806243518518519
  },
  "OracleGateAdapt": {
    "stable_acc": 0.9979166666666667,
    "drift_acc_rx": 0.5746666666666667,
    "drift_acc_day": 0.804,
    "drift_acc_all": 0.6893333333333334,
    "FRR_stable": 0.08625000000000005,
    "FAR_unknown_accept": 0.04188888888888889,
    "miss_drift_rx": 0.213,
    "miss_drift_day": 0.486,
    "miss_drift_all": 0.3495,
    "auc_unknown_eval": 0.9806031944444444
  }
}