{
  "split": 7,
  "fold": 2,
  "acc": 0.9983333333333333,
  "auc_drift_rx": 0.9358803472222222,
  "auc_drift_day": 0.8432109722222223,
  "tau_dom": 2165.922082519531,
  "sid_results": {
    "EmbMaha": {
      "tau_id": -943.5188079833985,
      "auc_unknown": 0.9337584027777778,
      "FRR_stable": 0.08999999999999997,
      "false_drift_stable": 0.04,
      "FAR_unknown_accept": 0.014966666666666666,
      "miss_drift": 0.25245833333333334,
      "confusion_matrix": [
        [
          2184,
          96,
          120
        ],
        [
          12118,
          8365,
          27517
        ],
        [
          449,
          5178,
          24373
        ]
      ]
    },
    "Energy": {
      "tau_id": 6.350917530059815,
      "auc_unknown": 0.7472388541666666,
      "FRR_stable": 0.09999999999999998,
      "false_drift_stable": 0.05,
      "FAR_unknown_accept": 0.023066666666666666,
      "miss_drift": 0.295625,
      "confusion_matrix": [
        [
          2160,
          120,
          120
        ],
        [
          14190,
          16035,
          17775
        ],
        [
          692,
          16100,
          13208
        ]
      ]
    },
    "Fusion_lam0.25": {
      "tau_id": -0.7511748701334,
      "auc_unknown": 0.8849902777777778,
      "FRR_stable": 0.09083333333333332,
      "false_drift_stable": 0.04083333333333333,
      "FAR_unknown_accept": 0.015533333333333333,
      "miss_drift": 0.2435,
      "confusion_matrix": [
        [
          2182,
          98,
          120
        ],
        [
          11688,
          9301,
          27011
        ],
        [
          466,
          6091,
          23443
        ]
      ]
    },
    "Fusion_lam0.5": {
      "tau_id": -1.053993809223175,
      "auc_unknown": 0.8752072222222222,
      "FRR_stable": 0.09291666666666665,
      "false_drift_stable": 0.042916666666666665,
      "FAR_unknown_accept": 0.016066666666666667,
      "miss_drift": 0.24375,
      "confusion_matrix": [
        [
          2177,
          103,
          120
        ],
        [
          11700,
          10084,
          26216
        ],
        [
          482,
          6608,
          22910
        ]
      ]
    },
    "Fusion_lam1.0": {
      "tau_id": -1.8034470796585083,
      "auc_unknown": 0.8713027083333332,
      "FRR_stable": 0.09375,
      "false_drift_stable": 0.04375,
      "FAR_unknown_accept": 0.017733333333333334,
      "miss_drift": 0.262625,
      "confusion_matrix": [
        [
          2175,
          105,
          120
        ],
        [
          12606,
          11300,
          24094
        ],
        [
          532,
          7229,
          22239
        ]
      ]
    },
    "Fusion_lam1.5": {
      "tau_id": -2.5947896599769593,
      "auc_unknown": 0.8694740972222222,
      "FRR_stable": 0.09375,
      "false_drift_stable": 0.04375,
      "FAR_unknown_accept": 0.0188,
      "miss_drift": 0.26995833333333336,
      "confusion_matrix": [
        [
          2175,
          105,
          120
        ],
        [
          12958,
          11840,
          23202
        ],
        [
          564,
          7519,
          21917
        ]
      ]
    },
    "Fusion_lam2.0": {
      "tau_id": -3.4198940873146055,
      "auc_unknown": 0.8677380208333334,
      "FRR_stable": 0.09499999999999997,
      "false_drift_stable": 0.045,
      "FAR_unknown_accept": 0.0198,
      "miss_drift": 0.2740416666666667,
      "confusion_matrix": [
        [
          2172,
          108,
          120
        ],
        [
          13154,
          12186,
          22660
        ],
        [
          594,
          7692,
          21714
        ]
      ]
    }
  },
  "best_sid": "EmbMaha"
}