{
  "acc": {
    "mean": 0.9968611111111111,
    "std": 0.0015128054226877846
  },
  "auc_unknown": {
    "mean": 0.8875815023148147,
    "std": 0.1615031986731631
  },
  "auc_drift_rx": {
    "mean": 0.934115349537037,
    "std": 0.011399362186312793
  },
  "auc_drift_day": {
    "mean": 0.8363523807870371,
    "std": 0.017612552465946302
  },
  "tau_id_single": {
    "mean": -998.2106380208332,
    "std": 81.64459410331146
  },
  "tau_dom_single": {
    "mean": 2297.6895601399706,
    "std": 330.03894213163284
  },
  "tau_id_low": {
    "mean": -2910.192671874999,
    "std": 762.4530852410567
  },
  "tau_id_high": {
    "mean": -694.3656465657551,
    "std": 42.54454690503313
  },
  "tau_dom_dual": {
    "mean": 2297.6895601399706,
    "std": 330.03894213163284
  },
  "single": {
    "FRR_stable": {
      "mean": 0.09441666666666665,
      "std": 0.0014735319122083223
    },
    "false_drift_stable": {
      "mean": 0.044416666666666674,
      "std": 0.001473531912208316
    },
    "FAR_unknown_accept": {
      "mean": 0.11843333333333335,
      "std": 0.1564026508253143
    },
    "miss_drift": {
      "mean": 0.23145833333333332,
      "std": 0.05910824678471663
    }
  },
  "dual_conservative": {
    "FRR_stable": {
      "mean": 0.14211111111111113,
      "std": 0.0015772299518420397
    },
    "false_drift_stable": {
      "mean": 0.04680555555555556,
      "std": 0.00125154225845209
    },
    "FAR_unknown_accept": {
      "mean": 0.10099333333333332,
      "std": 0.14824121294300993
    },
    "miss_drift": {
      "mean": 0.20471944444444443,
      "std": 0.049432945877393185
    }
  },
  "dual_balanced": {
    "FRR_stable": {
      "mean": 0.056805555555555554,
      "std": 0.0012515422584520935
    },
    "false_drift_stable": {
      "mean": 0.04680555555555556,
      "std": 0.00125154225845209
    },
    "FAR_unknown_accept": {
      "mean": 0.15557111111111113,
      "std": 0.16651490150941856
    },
    "miss_drift": {
      "mean": 0.3098611111111111,
      "std": 0.06870762737435764
    }
  },
  "confusion_matrix_sum_single": [
    [
      32601,
      1599,
      1800
    ],
    [
      166650,
      101393,
      451957
    ],
    [
      53295,
      70491,
      326214
    ]
  ],
  "confusion_matrix_sum_dual_conservative": [
    [
      30884,
      1685,
      3431
    ],
    [
      147398,
      169744,
      402858
    ],
    [
      45447,
      124887,
      279666
    ]
  ],
  "confusion_matrix_sum_dual_balanced": [
    [
      33955,
      1685,
      360
    ],
    [
      223100,
      169744,
      327156
    ],
    [
      70007,
      124887,
      255106
    ]
  ]
}