{
  "train_loss": [
    0.6080634759532081,
    0.1945238941245609,
    0.07169656692831605,
    0.038770119311219015,
    0.028149990551173686,
    0.022650006508316705,
    0.01846108268773942,
    0.016457804882278045,
    0.015472094277437362,
    0.011978715928961282,
    0.010033387144924038,
    0.009110746756023556,
    0.00973496990174883,
    0.010114194800283898,
    0.008687951005736574,
    0.008281886864763995,
    0.0063684290210302506,
    0.005050079938438204,
    0.006603074469603598
  ],
  "train_acc": [
    0.721412037037037,
    0.9178240740740741,
    0.9748842592592593,
    0.9880787037037037,
    0.9909722222222223,
    0.992824074074074,
    0.99375,
    0.9950231481481482,
    0.9949074074074075,
    0.9966435185185185,
    0.9966435185185185,
    0.997337962962963,
    0.9969907407407408,
    0.9964120370370371,
    0.9972222222222222,
    0.996875,
    0.9980324074074074,
    0.9987268518518518,
    0.9980324074074074
  ],
  "val_loss": [
    2.344109630584717,
    0.6078478535016377,
    0.29606613715489705,
    0.1925877849260966,
    0.09905172487099966,
    0.06340031822522481,
    0.0756392647822698,
    0.06682985673348109,
    0.017675624042749406,
    0.021420920764406524,
    0.0163513345643878,
    0.010902155314882596,
    0.0017486087512224914,
    0.005340820054213206,
    0.007353744748979807,
    0.0085892661785086,
    0.0011563935006658236,
    0.00947554255835712,
    0.040634823093811674
  ],
  "val_acc": [
    0.4947916666666667,
    0.7489583333333333,
    0.8666666666666667,
    0.9416666666666667,
    0.9697916666666667,
    0.98125,
    0.975,
    0.9791666666666666,
    0.9979166666666667,
    0.9958333333333333,
    1.0,
    1.0,
    1.0,
    1.0,
    1.0,
    0.9979166666666667,
    1.0,
    0.9958333333333333,
    0.9875
  ]
}