{
  "split": 8,
  "fold": 5,
  "acc": 0.99625,
  "auc_unknown": 0.9924970833333334,
  "auc_drift_rx": 0.9439853067129629,
  "auc_drift_day": 0.8668420138888888,
  "tau_id": -1.2150696516036987,
  "tau_dom": 2409.0078125,
  "FRR_stable": 0.0920833333333333,
  "false_drift_stable": 0.042083333333333334,
  "FAR_unknown_accept": 0.013933333333333334,
  "miss_drift": 0.24275,
  "confusion_matrix": [
    [
      2179,
      101,
      120
    ],
    [
      11652,
      9409,
      26939
    ],
    [
      418,
      184,
      29398
    ]
  ]
}