{
  "tau_id": -1.2150696516036987,
  "tau_dom": 2409.0078125
}