{
  "train_loss": [
    0.5453138790748737,
    0.18267891672842296,
    0.09028050723819085,
    0.061932832956957964,
    0.04687142058701059,
    0.03786424730019069,
    0.03283283398774119,
    0.02782074209406144,
    0.022905595084928253,
    0.02347496568231073,
    0.019684095145490618,
    0.020714653347745353,
    0.017363845080965095,
    0.014169942707191279,
    0.01371780742034546,
    0.014406915913755649,
    0.013560768620708935,
    0.012571992605987844,
    0.011682289803147684,
    0.010861809858707366,
    0.01047198534325156,
    0.010967616172490159,
    0.008006772353819767,
    0.008624598571461521
  ],
  "train_acc": [
    0.7589506172839506,
    0.9304398148148149,
    0.9688657407407407,
    0.9785493827160494,
    0.9835648148148148,
    0.9863811728395062,
    0.9885416666666667,
    0.9898533950617284,
    0.9912808641975308,
    0.9919367283950618,
    0.9928626543209876,
    0.9927469135802469,
    0.9935570987654321,
    0.994945987654321,
    0.9945216049382716,
    0.9946373456790123,
    0.9948688271604939,
    0.9957947530864197,
    0.9958333333333333,
    0.9958333333333333,
    0.9966049382716049,
    0.9959490740740741,
    0.9970679012345679,
    0.9967592592592592
  ],
  "val_loss": [
    0.8858643346362644,
    0.15990930332077874,
    0.0923341926601198,
    0.06117276549339294,
    0.041859541957577066,
    0.02860549632459879,
    0.021430776997779805,
    0.020690536765485174,
    0.019764688579986492,
    0.016863519838403188,
    0.01833725633461856,
    0.01539728710405244,
    0.013170740929328732,
    0.015185665985983279,
    0.01673466632653597,
    0.011149532700073905,
    0.013299144855894458,
    0.009897673406764321,
    0.011363518175979455,
    0.01258408895244227,
    0.01109709808095229,
    0.009244484154300557,
    0.009368011948148099,
    0.01349306544434512
  ],
  "val_acc": [
    0.7524305555555556,
    0.9454861111111111,
    0.9652777777777778,
    0.9760416666666667,
    0.9861111111111112,
    0.9902777777777778,
    0.9913194444444444,
    0.9927083333333333,
    0.9923611111111111,
    0.9944444444444445,
    0.9927083333333333,
    0.99375,
    0.9944444444444445,
    0.9940972222222222,
    0.9930555555555556,
    0.9961805555555555,
    0.9940972222222222,
    0.9947916666666666,
    0.9954861111111111,
    0.9961805555555555,
    0.9951388888888889,
    0.9951388888888889,
    0.9961805555555555,
    0.9940972222222222
  ]
}