{
  "fold": 1,
  "acc_in_domain": 0.9897222222222222,
  "auc_unknown": 0.8991507021604939,
  "auc_drift_rx": 0.6846242129629629,
  "auc_drift_day": 0.5465915297067901,
  "tau_id": 0.8704145580530167,
  "tau_dom": 1651.8687377929682
}