{
  "train_loss": [
    0.5167521004323606,
    0.17714763313163945,
    0.0936596636602908,
    0.07027452861269315,
    0.053198534438823476,
    0.04149783972742749,
    0.035483917063906974,
    0.03306379098859098,
    0.025241864189781523,
    0.02572244599484551,
    0.022223255444708982,
    0.019921676379076585,
    0.017793564685838825,
    0.017699777213339176,
    0.015929392182532653,
    0.017741714024421887,
    0.014669564313594436,
    0.013523739962234955,
    0.014259105370046548,
    0.0138346803161879,
    0.01080402393766426,
    0.011151062439621232,
    0.01193272229276862,
    0.010727814239892464,
    0.009233473858042953,
    0.011855111008489872,
    0.009766657972409401,
    0.009543426944529292,
    0.009494222356739489,
    0.008259004334212039,
    0.008591855014818088,
    0.007831850140585484,
    0.008620782073495196,
    0.009037325391689614,
    0.007842974645016645,
    0.008556040426296539,
    0.006127579618722522,
    0.009545583994685454,
    0.009057904798882428
  ],
  "train_acc": [
    0.7775077160493827,
    0.9337962962962963,
    0.9667824074074074,
    0.9758487654320988,
    0.9810570987654321,
    0.9847993827160494,
    0.9873456790123457,
    0.9887731481481481,
    0.9907407407407407,
    0.991087962962963,
    0.991820987654321,
    0.9929783950617284,
    0.993479938271605,
    0.9931712962962963,
    0.9938657407407407,
    0.993479938271605,
    0.9940586419753087,
    0.9948688271604939,
    0.9946759259259259,
    0.9948302469135802,
    0.9960648148148148,
    0.995871913580247,
    0.9956018518518519,
    0.9964120370370371,
    0.9966435185185185,
    0.9957947530864197,
    0.9963734567901235,
    0.9965277777777778,
    0.9966435185185185,
    0.9970679012345679,
    0.9966435185185185,
    0.9972222222222222,
    0.996875,
    0.9969907407407408,
    0.9974922839506173,
    0.9972608024691358,
    0.9980324074074074,
    0.9966820987654321,
    0.9969907407407408
  ],
  "val_loss": [
    0.5505262030495538,
    0.10536512691113684,
    0.06993985635538896,
    0.059443551094995606,
    0.06133143504460652,
    0.053799120916260615,
    0.07401956096291543,
    0.028625142346653674,
    0.023672909882023103,
    0.030112383452554545,
    0.03314683980618914,
    0.024984102186539934,
    0.026336489271165595,
    0.022254559671920207,
    0.01769645358953211,
    0.017875371255084045,
    0.023047721075514952,
    0.0160782341276192,
    0.015284525480173115,
    0.016671916770671185,
    0.013726019581210697,
    0.012911696603825677,
    0.010138626743476683,
    0.013044657749641272,
    0.01114144478164639,
    0.011540013041424876,
    0.013126612295228471,
    0.01012368416397496,
    0.011650021488377307,
    0.01003244913622944,
    0.00811276745969533,
    0.010227322029661284,
    0.013514137427167346,
    0.012446677986170268,
    0.007753650596714579,
    0.01143590651659502,
    0.011287554045945095,
    0.011814209578248362,
    0.011332841390847332
  ],
  "val_acc": [
    0.7940972222222222,
    0.9649305555555555,
    0.9760416666666667,
    0.9809027777777778,
    0.9805555555555555,
    0.9847222222222223,
    0.9763888888888889,
    0.9892361111111111,
    0.9913194444444444,
    0.9881944444444445,
    0.9895833333333334,
    0.990625,
    0.9902777777777778,
    0.9913194444444444,
    0.9944444444444445,
    0.9940972222222222,
    0.9927083333333333,
    0.9940972222222222,
    0.9940972222222222,
    0.9934027777777777,
    0.9947916666666666,
    0.9958333333333333,
    0.9961805555555555,
    0.9947916666666666,
    0.9958333333333333,
    0.9944444444444445,
    0.9958333333333333,
    0.9951388888888889,
    0.9958333333333333,
    0.9961805555555555,
    0.9975694444444444,
    0.9961805555555555,
    0.9954861111111111,
    0.9965277777777778,
    0.9972222222222222,
    0.9958333333333333,
    0.9958333333333333,
    0.9965277777777778,
    0.9958333333333333
  ]
}