{
  "fold": 4,
  "acc_in_domain": 0.9966666666666667,
  "auc_unknown": 0.9216431442901235,
  "auc_drift_rx": 0.6899305497685185,
  "auc_drift_day": 0.5526910146604938,
  "tau_id": 0.9653706699609756,
  "tau_dom": 1739.0233642578112
}