{
  "split": 3,
  "fold": 2,
  "tau_id": -0.9086538910865783,
  "tau_dom": 1956.9747314453123,
  "tau_conf": 0.9999219059944153,
  "pseudo_acc_rx": 0.624,
  "pseudo_acc_day": 0.875,
  "pseudo_acc_all": 0.7495,
  "gate_precision": 0.5301318267419962,
  "gate_recall": 0.14075,
  "gate_keep_ratio": 0.1062,
  "conf_precision": 0.536468330134357,
  "conf_recall": 0.13975,
  "conf_keep_ratio": 0.1042,
  "conf_keep_given_gate": 0.9811676082862524,
  "adapt_stream_size": 10000,
  "gate_size": 1062,
  "conf_size": 1042,
  "oracle_size": 4000,
  "NoAdapt": {
    "stable_acc": 0.9979166666666667,
    "drift_acc_rx": 0.624,
    "drift_acc_day": 0.875,
    "drift_acc_all": 0.7495,
    "FRR_stable": 0.09291666666666665,
    "FAR_unknown_accept": 0.0015555555555555555,
    "miss_drift_rx": 0.21866666666666668,
    "miss_drift_day": 0.447,
    "miss_drift_all": 0.3328333333333333,
    "auc_unknown_eval": 0.9613448148148149
  },
  "UngatedAdapt": {
    "stable_acc": 0.9979166666666667,
    "drift_acc_rx": 0.623,
    "drift_acc_day": 0.881,
    "drift_acc_all": 0.752,
    "FRR_stable": 0.0970833333333333,
    "FAR_unknown_accept": 0.0006666666666666666,
    "miss_drift_rx": 0.21366666666666667,
    "miss_drift_day": 0.43,
    "miss_drift_all": 0.32183333333333336,
    "auc_unknown_eval": 0.9597768055555556
  },
  "GatedAdapt": {
    "stable_acc": 0.9979166666666667,
    "drift_acc_rx": 0.624,
    "drift_acc_day": 0.8753333333333333,
    "drift_acc_all": 0.7496666666666667,
    "FRR_stable": 0.09291666666666665,
    "FAR_unknown_accept": 0.0016666666666666668,
    "miss_drift_rx": 0.21866666666666668,
    "miss_drift_day": 0.447,
    "miss_drift_all": 0.3328333333333333,
    "auc_unknown_eval": 0.9613510648148148
  },
  "GatedConfAdapt": {
    "stable_acc": 0.9979166666666667,
    "drift_acc_rx": 0.624,
    "drift_acc_day": 0.8753333333333333,
    "drift_acc_all": 0.7496666666666667,
    "FRR_stable": 0.09291666666666665,
    "FAR_unknown_accept": 0.0016666666666666668,
    "miss_drift_rx": 0.21866666666666668,
    "miss_drift_day": 0.447,
    "miss_drift_all": 0.3328333333333333,
    "auc_unknown_eval": 0.9613581018518518
  },
  "OracleGatePseudoAdapt": {
    "stable_acc": 0.9975,
    "drift_acc_rx": 0.621,
    "drift_acc_day": 0.8783333333333333,
    "drift_acc_all": 0.7496666666666667,
    "FRR_stable": 0.11708333333333332,
    "FAR_unknown_accept": 0.0,
    "miss_drift_rx": 0.16566666666666666,
    "miss_drift_day": 0.4073333333333333,
    "miss_drift_all": 0.2865,
    "auc_unknown_eval": 0.9688901388888889
  },
  "OracleLabelAdapt": {
    "stable_acc": 0.9920833333333333,
    "drift_acc_rx": 0.8206666666666667,
    "drift_acc_day": 0.9216666666666666,
    "drift_acc_all": 0.8711666666666666,
    "FRR_stable": 0.7754166666666666,
    "FAR_unknown_accept": 0.0,
    "miss_drift_rx": 0.010666666666666666,
    "miss_drift_day": 0.038,
    "miss_drift_all": 0.024333333333333332,
    "auc_unknown_eval": 0.7329034953703704
  }
}