{
  "train_loss": [
    0.9171756691402859,
    0.36330947909090255,
    0.1040377287608054,
    0.024757176192684305,
    0.01861316840060883,
    0.014397192063430946,
    0.011287475636021959,
    0.011513533236251938,
    0.009318300150334835,
    0.006215720132200254,
    0.006002099669745399,
    0.008459284342825413,
    0.004178154008049104,
    0.005039601866155863,
    0.0054454434300876325,
    0.0037543692781279486,
    0.002092425397131592,
    0.002383929902377228,
    0.0029485567602225474,
    0.0020607915525842043,
    0.003353876612770061,
    0.0017038250574842096,
    0.0044451300442839665,
    0.0033567178671041298,
    0.0013923366049615046,
    0.0017189619700527852,
    0.0015137371451904376,
    0.0014287121568082107,
    0.0006439326990706225,
    0.0009366657520230446,
    0.000771516179277872,
    0.0008056771294731233,
    0.000993979834149488,
    0.0009730605932418257,
    0.0006411415049418186,
    0.0007320735998089529,
    0.00044485367769892843,
    0.0007394102013980349,
    0.0011265572858974338,
    0.000637937862969314
  ],
  "train_acc": [
    0.5916666666666667,
    0.8923611111111112,
    0.9704861111111112,
    0.9930555555555556,
    0.9947916666666666,
    0.9951388888888889,
    0.9975694444444444,
    0.996875,
    0.9982638888888888,
    0.9979166666666667,
    0.9986111111111111,
    0.9982638888888888,
    0.9989583333333333,
    0.9986111111111111,
    0.9986111111111111,
    0.9989583333333333,
    0.9996527777777777,
    1.0,
    0.9993055555555556,
    0.9996527777777777,
    0.9989583333333333,
    0.9996527777777777,
    0.9993055555555556,
    0.9996527777777777,
    1.0,
    0.9996527777777777,
    1.0,
    1.0,
    1.0,
    1.0,
    1.0,
    1.0,
    0.9996527777777777,
    0.9996527777777777,
    1.0,
    1.0,
    1.0,
    1.0,
    0.9996527777777777,
    1.0
  ],
  "val_loss": [
    3.028247928619385,
    2.3411627292633055,
    1.5427640676498413,
    1.0180406451225281,
    0.827043104171753,
    0.8271953105926514,
    0.5482435882091522,
    0.33205029368400574,
    0.4258527398109436,
    0.36820976734161376,
    0.4013523101806641,
    0.3479875445365906,
    0.2018413156270981,
    0.25292523503303527,
    0.25670297145843507,
    0.19257786870002747,
    0.1764625996351242,
    0.1497429132461548,
    0.12534856796264648,
    0.18480923771858215,
    0.08519055992364884,
    0.1478482276201248,
    0.15479734390974045,
    0.05869829058647156,
    0.0826715961098671,
    0.11545760780572892,
    0.10862320512533188,
    0.06136346757411957,
    0.04626310616731644,
    0.045506443828344345,
    0.05257214233279228,
    0.024269982427358627,
    0.032993823289871216,
    0.027879009395837782,
    0.022108782082796097,
    0.024120397865772247,
    0.02936104089021683,
    0.026642080396413803,
    0.023803532123565674,
    0.015598703548312188
  ],
  "val_acc": [
    0.265625,
    0.553125,
    0.728125,
    0.728125,
    0.728125,
    0.73125,
    0.778125,
    0.884375,
    0.834375,
    0.865625,
    0.83125,
    0.865625,
    0.921875,
    0.8875,
    0.8875,
    0.921875,
    0.928125,
    0.93125,
    0.95,
    0.925,
    0.971875,
    0.925,
    0.925,
    0.984375,
    0.975,
    0.953125,
    0.95,
    0.984375,
    0.9875,
    0.990625,
    0.984375,
    0.99375,
    0.99375,
    0.99375,
    0.99375,
    0.99375,
    0.99375,
    0.99375,
    0.990625,
    0.99375
  ]
}