{
  "fold": 1,
  "acc_in_domain": 0.99625,
  "auc_unknown": 0.993058125,
  "auc_drift_rx": 0.9907600284090909,
  "auc_drift_day": 0.8953009375,
  "tau_id": 0.9758439064025879,
  "tau_dom": 7268.595703125
}