{
  "tau_id_single": -947.0752258300781,
  "tau_dom_single": 2410.314611816405,
  "tau_id_low": -2536.6344531249997,
  "tau_id_high": -708.6482543945312,
  "tau_dom_dual": 2410.314611816405
}