{
  "train_loss": [
    0.6360870412147505,
    0.20008847956078935,
    0.07364519373123067,
    0.042219978450985456,
    0.02812378764862106,
    0.023002240113288906,
    0.022690041630387375,
    0.013788506179169463,
    0.013260161000474984,
    0.013140521747590193,
    0.012271273953421992,
    0.009425994932499467,
    0.009745270700633205,
    0.008793031451737935,
    0.007409918994026136,
    0.006859408215304959,
    0.006888091578538996,
    0.006356809393565071,
    0.007121233823930933,
    0.007342384097561274,
    0.006370036484929152,
    0.003826586370168427,
    0.006178277715314137,
    0.004356861769173151,
    0.004010219824639763,
    0.0052287872994736745
  ],
  "train_acc": [
    0.7248299319727891,
    0.9219954648526077,
    0.976984126984127,
    0.9865079365079366,
    0.9904761904761905,
    0.9927437641723356,
    0.9927437641723356,
    0.9959183673469387,
    0.9958049886621315,
    0.9962585034013606,
    0.9951247165532879,
    0.996938775510204,
    0.9965986394557823,
    0.996938775510204,
    0.9970521541950114,
    0.9977324263038548,
    0.9973922902494331,
    0.9975056689342403,
    0.9972789115646259,
    0.9971655328798186,
    0.9977324263038548,
    0.9988662131519275,
    0.9978458049886622,
    0.9982993197278912,
    0.9988662131519275,
    0.9988662131519275
  ],
  "val_loss": [
    1.7081232829969757,
    0.5329171818129871,
    0.21399601965534443,
    0.12391889022321118,
    0.06504049234244288,
    0.0714609727567556,
    0.04384931356323009,
    0.04751081217308434,
    0.0277268361984467,
    0.02423780578739789,
    0.022575550906512202,
    0.01875464055611163,
    0.01610835489569878,
    0.011684311257333171,
    0.007194888933884854,
    0.009435962003712751,
    0.009196954167314938,
    0.008942397410164074,
    0.007042139928255762,
    0.017067836437906537,
    0.0011612073166714031,
    0.002017288212189261,
    0.004919920207894579,
    0.0037856042727219814,
    0.002530691419176909,
    0.00046653158544581765
  ],
  "val_acc": [
    0.5877551020408164,
    0.789795918367347,
    0.9010204081632653,
    0.95,
    0.9826530612244898,
    0.9755102040816327,
    0.9897959183673469,
    0.9857142857142858,
    0.9928571428571429,
    0.9948979591836735,
    0.996938775510204,
    0.9948979591836735,
    0.9959183673469387,
    0.996938775510204,
    0.9989795918367347,
    0.9979591836734694,
    0.9989795918367347,
    1.0,
    0.9979591836734694,
    0.9989795918367347,
    1.0,
    1.0,
    0.9979591836734694,
    0.9979591836734694,
    0.9989795918367347,
    1.0
  ]
}