{
  "fold": 1,
  "acc_in_domain": 0.9904545454545455,
  "auc_unknown": 0.9760123484848484,
  "auc_drift_rx": 0.7234013131313131,
  "auc_drift_day": 0.6483876136363637,
  "tau_id": 0.966864824295044,
  "tau_dom_rx": 1921.9756164550777,
  "tau_dom_day": 541.9471832275389
}