{
  "tau_id_p05_stable": 0.966864824295044,
  "tau_dom_rx_p95_stable": 1921.9756164550777,
  "tau_dom_day_p95_stable": 541.9471832275389
}