{
  "train_loss": [
    0.4817741714141987,
    0.16659246230566943,
    0.06693787392642762,
    0.042121282164697293,
    0.03219343166177471,
    0.024769488242627292,
    0.018900456672741307,
    0.015251507991235013,
    0.014578017852855502,
    0.011718936560296074,
    0.013261194717725393,
    0.012918631336651743,
    0.009227503710253923,
    0.008829808663749309,
    0.008208640139222283,
    0.007261715820102297,
    0.00791368502304303,
    0.007964558075009672,
    0.004755669324098293
  ],
  "train_acc": [
    0.7893518518518519,
    0.9356481481481481,
    0.9784722222222222,
    0.986574074074074,
    0.9893518518518518,
    0.9914351851851851,
    0.9936342592592593,
    0.9943287037037037,
    0.9954861111111111,
    0.9957175925925926,
    0.9961805555555555,
    0.9952546296296296,
    0.9971064814814815,
    0.996875,
    0.9972222222222222,
    0.9974537037037037,
    0.9959490740740741,
    0.997337962962963,
    0.9988425925925926
  ],
  "val_loss": [
    1.756810180346171,
    0.4776906987031301,
    0.18675252397855122,
    0.15897599160671233,
    0.07620252495010695,
    0.031839563294003406,
    0.03319271723739803,
    0.04032160509377718,
    0.028717415329689782,
    0.019523727265186606,
    0.02537667867145501,
    0.01865943366040786,
    0.02381295175679649,
    0.02585080945670294,
    0.03442464616770546,
    0.025285814120434225,
    0.026452779894073804,
    0.025733425510892024,
    0.02519105699417802
  ],
  "val_acc": [
    0.5708333333333333,
    0.8104166666666667,
    0.9229166666666667,
    0.9385416666666667,
    0.9822916666666667,
    0.9895833333333334,
    0.990625,
    0.9895833333333334,
    0.9916666666666667,
    0.9947916666666666,
    0.9958333333333333,
    0.9947916666666666,
    0.99375,
    0.99375,
    0.9927083333333333,
    0.9947916666666666,
    0.99375,
    0.99375,
    0.99375
  ]
}