{
  "split": 6,
  "fold": 2,
  "acc": 0.99375,
  "auc_unknown": 0.9324352083333335,
  "auc_drift_rx": 0.9398387615740742,
  "auc_drift_day": 0.8688417013888889,
  "tau_id": -1.4329757690429688,
  "tau_dom": 2357.718505859375,
  "FRR_stable": 0.0904166666666667,
  "false_drift_stable": 0.04041666666666666,
  "FAR_unknown_accept": 0.0029666666666666665,
  "miss_drift": 0.24522916666666666,
  "confusion_matrix": [
    [
      2183,
      97,
      120
    ],
    [
      11771,
      7186,
      29043
    ],
    [
      89,
      3891,
      26020
    ]
  ]
}