{
  "tau_id": -1.4329757690429688,
  "tau_dom": 2357.718505859375
}