{
  "split": 1,
  "fold": 1,
  "acc": 0.99875,
  "auc_drift_rx": 0.9499849768518517,
  "auc_drift_day": 0.8714550868055555,
  "tau_dom": 2834.1689086914034,
  "sid_results": {
    "EmbMaha": {
      "tau_id": -927.891259765625,
      "auc_unknown": 0.7849344444444444,
      "FRR_stable": 0.09499999999999997,
      "false_drift_stable": 0.045,
      "FAR_unknown_accept": 0.36706666666666665,
      "miss_drift": 0.14495833333333333,
      "confusion_matrix": [
        [
          2172,
          108,
          120
        ],
        [
          6958,
          6775,
          34267
        ],
        [
          11012,
          8166,
          10822
        ]
      ]
    },
    "Energy": {
      "tau_id": 6.288096332550049,
      "auc_unknown": 0.6471667708333333,
      "FRR_stable": 0.09791666666666665,
      "false_drift_stable": 0.04791666666666667,
      "FAR_unknown_accept": 0.4201,
      "miss_drift": 0.19452083333333334,
      "confusion_matrix": [
        [
          2165,
          115,
          120
        ],
        [
          9337,
          12931,
          25732
        ],
        [
          12603,
          14624,
          2773
        ]
      ]
    },
    "Fusion_lam0.25": {
      "tau_id": -0.850048816204071,
      "auc_unknown": 0.7763331250000001,
      "FRR_stable": 0.0954166666666667,
      "false_drift_stable": 0.04541666666666667,
      "FAR_unknown_accept": 0.3808,
      "miss_drift": 0.14064583333333333,
      "confusion_matrix": [
        [
          2171,
          109,
          120
        ],
        [
          6751,
          7071,
          34178
        ],
        [
          11424,
          8735,
          9841
        ]
      ]
    },
    "Fusion_lam0.5": {
      "tau_id": -1.2378950417041779,
      "auc_unknown": 0.7541909722222221,
      "FRR_stable": 0.09583333333333333,
      "false_drift_stable": 0.04583333333333333,
      "FAR_unknown_accept": 0.39386666666666664,
      "miss_drift": 0.14272916666666666,
      "confusion_matrix": [
        [
          2170,
          110,
          120
        ],
        [
          6851,
          7455,
          33694
        ],
        [
          11816,
          9917,
          8267
        ]
      ]
    },
    "Fusion_lam1.0": {
      "tau_id": -2.053526830673218,
      "auc_unknown": 0.7198452777777777,
      "FRR_stable": 0.09583333333333333,
      "false_drift_stable": 0.04583333333333333,
      "FAR_unknown_accept": 0.4023333333333333,
      "miss_drift": 0.14891666666666667,
      "confusion_matrix": [
        [
          2170,
          110,
          120
        ],
        [
          7148,
          8031,
          32821
        ],
        [
          12070,
          11066,
          6864
        ]
      ]
    },
    "Fusion_lam1.5": {
      "tau_id": -2.8986800432205198,
      "auc_unknown": 0.7021023611111111,
      "FRR_stable": 0.09624999999999995,
      "false_drift_stable": 0.04625,
      "FAR_unknown_accept": 0.4062,
      "miss_drift": 0.15358333333333332,
      "confusion_matrix": [
        [
          2169,
          111,
          120
        ],
        [
          7372,
          8446,
          32182
        ],
        [
          12186,
          11587,
          6227
        ]
      ]
    },
    "Fusion_lam2.0": {
      "tau_id": -3.7850690841674806,
      "auc_unknown": 0.6916100694444444,
      "FRR_stable": 0.0970833333333333,
      "false_drift_stable": 0.04708333333333333,
      "FAR_unknown_accept": 0.40863333333333335,
      "miss_drift": 0.15808333333333333,
      "confusion_matrix": [
        [
          2167,
          113,
          120
        ],
        [
          7588,
          8850,
          31562
        ],
        [
          12259,
          11999,
          5742
        ]
      ]
    }
  },
  "best_sid": "EmbMaha"
}