{
  "split": 3,
  "fold": 5,
  "tau_id": -1.4090928554534912,
  "tau_dom": 2046.1188720703121,
  "thr_precision": 0.7520661157024794,
  "thr_recall": 0.1365,
  "thr_keep_ratio": 0.0726,
  "topq_precision": 0.7389380530973452,
  "topq_recall": 0.12525,
  "topq_keep_ratio": 0.0678,
  "adapt_stream_size": 10000,
  "thr_size": 726,
  "topq_size": 678,
  "oracle_size": 4000,
  "NoAdapt": {
    "stable_acc": 0.9945833333333334,
    "drift_acc_rx": 0.5993333333333334,
    "drift_acc_day": 0.813,
    "drift_acc_all": 0.7061666666666667,
    "FRR_stable": 0.0904166666666667,
    "FAR_unknown_accept": 0.021777777777777778,
    "miss_drift_rx": 0.21333333333333335,
    "miss_drift_day": 0.4746666666666667,
    "miss_drift_all": 0.344,
    "auc_unknown_eval": 0.979983240740741
  },
  "UngatedAdapt": {
    "stable_acc": 0.9945833333333334,
    "drift_acc_rx": 0.597,
    "drift_acc_day": 0.801,
    "drift_acc_all": 0.699,
    "FRR_stable": 0.08833333333333337,
    "FAR_unknown_accept": 0.03166666666666667,
    "miss_drift_rx": 0.21333333333333335,
    "miss_drift_day": 0.4776666666666667,
    "miss_drift_all": 0.3455,
    "auc_unknown_eval": 0.9800668518518519
  },
  "GatedAdapt": {
    "stable_acc": 0.995,
    "drift_acc_rx": 0.6056666666666667,
    "drift_acc_day": 0.822,
    "drift_acc_all": 0.7138333333333333,
    "FRR_stable": 0.08625000000000005,
    "FAR_unknown_accept": 0.023666666666666666,
    "miss_drift_rx": 0.21466666666666667,
    "miss_drift_day": 0.48,
    "miss_drift_all": 0.3473333333333333,
    "auc_unknown_eval": 0.9800726388888888
  },
  "GatedTopQAdapt": {
    "stable_acc": 0.995,
    "drift_acc_rx": 0.6053333333333333,
    "drift_acc_day": 0.8213333333333334,
    "drift_acc_all": 0.7133333333333334,
    "FRR_stable": 0.0854166666666667,
    "FAR_unknown_accept": 0.023777777777777776,
    "miss_drift_rx": 0.21466666666666667,
    "miss_drift_day": 0.4806666666666667,
    "miss_drift_all": 0.3476666666666667,
    "auc_unknown_eval": 0.9801163888888889
  },
  "OracleGateAdapt": {
    "stable_acc": 0.9954166666666666,
    "drift_acc_rx": 0.6033333333333334,
    "drift_acc_day": 0.8076666666666666,
    "drift_acc_all": 0.7055,
    "FRR_stable": 0.08416666666666661,
    "FAR_unknown_accept": 0.025444444444444443,
    "miss_drift_rx": 0.213,
    "miss_drift_day": 0.4766666666666667,
    "miss_drift_all": 0.3448333333333333,
    "auc_unknown_eval": 0.9802543981481482
  }
}