{
  "split": 4,
  "fold": 1,
  "tau_id": -1.6798538446426392,
  "tau_dom": 2267.6804077148427,
  "gate_precision": 0.9377358490566038,
  "gate_recall": 0.12425,
  "gate_keep_ratio": 0.053,
  "adapt_stream_size": 10000,
  "gated_size": 530,
  "oracle_size": 4000,
  "NoAdapt": {
    "stable_acc": 0.99625,
    "drift_acc_rx": 0.5983333333333334,
    "drift_acc_day": 0.644,
    "drift_acc_all": 0.6211666666666666,
    "FRR_stable": 0.09624999999999995,
    "FAR_unknown_accept": 0.00011111111111111112,
    "miss_drift_rx": 0.177,
    "miss_drift_day": 0.377,
    "miss_drift_all": 0.277,
    "auc_unknown_eval": 0.9978833796296296
  },
  "UngatedAdapt": {
    "stable_acc": 0.99625,
    "drift_acc_rx": 0.5973333333333334,
    "drift_acc_day": 0.6403333333333333,
    "drift_acc_all": 0.6188333333333333,
    "FRR_stable": 0.0904166666666667,
    "FAR_unknown_accept": 0.0,
    "miss_drift_rx": 0.17633333333333334,
    "miss_drift_day": 0.38666666666666666,
    "miss_drift_all": 0.2815,
    "auc_unknown_eval": 0.9980259722222222
  },
  "GatedAdapt": {
    "stable_acc": 0.99625,
    "drift_acc_rx": 0.6033333333333334,
    "drift_acc_day": 0.6486666666666666,
    "drift_acc_all": 0.626,
    "FRR_stable": 0.09250000000000003,
    "FAR_unknown_accept": 0.00011111111111111112,
    "miss_drift_rx": 0.17666666666666667,
    "miss_drift_day": 0.38233333333333336,
    "miss_drift_all": 0.2795,
    "auc_unknown_eval": 0.9979493055555555
  },
  "OracleGateAdapt": {
    "stable_acc": 0.99625,
    "drift_acc_rx": 0.596,
    "drift_acc_day": 0.6386666666666667,
    "drift_acc_all": 0.6173333333333333,
    "FRR_stable": 0.0954166666666667,
    "FAR_unknown_accept": 0.00011111111111111112,
    "miss_drift_rx": 0.17566666666666667,
    "miss_drift_day": 0.38433333333333336,
    "miss_drift_all": 0.28,
    "auc_unknown_eval": 0.9974485185185186
  }
}