{
  "split": 4,
  "fold": 5,
  "acc": 0.9983333333333333,
  "auc_drift_rx": 0.9260077199074075,
  "auc_drift_day": 0.8506932291666666,
  "tau_dom": 2439.6358642578107,
  "sid_results": {
    "EmbMaha": {
      "tau_id": -811.6273834228516,
      "auc_unknown": 0.9955408333333334,
      "FRR_stable": 0.09416666666666662,
      "false_drift_stable": 0.04416666666666667,
      "FAR_unknown_accept": 3.3333333333333335e-05,
      "miss_drift": 0.2375625,
      "confusion_matrix": [
        [
          2174,
          106,
          120
        ],
        [
          11403,
          6051,
          30546
        ],
        [
          1,
          88,
          29911
        ]
      ]
    },
    "Energy": {
      "tau_id": 6.398046708106994,
      "auc_unknown": 0.8468169444444444,
      "FRR_stable": 0.09833333333333338,
      "false_drift_stable": 0.04833333333333333,
      "FAR_unknown_accept": 0.0107,
      "miss_drift": 0.26760416666666664,
      "confusion_matrix": [
        [
          2164,
          116,
          120
        ],
        [
          12845,
          12321,
          22834
        ],
        [
          321,
          15273,
          14406
        ]
      ]
    },
    "Fusion_lam0.25": {
      "tau_id": -0.6769424885511398,
      "auc_unknown": 0.9937524305555556,
      "FRR_stable": 0.09666666666666668,
      "false_drift_stable": 0.04666666666666667,
      "FAR_unknown_accept": 3.3333333333333335e-05,
      "miss_drift": 0.2346875,
      "confusion_matrix": [
        [
          2168,
          112,
          120
        ],
        [
          11265,
          6873,
          29862
        ],
        [
          1,
          216,
          29783
        ]
      ]
    },
    "Fusion_lam0.5": {
      "tau_id": -1.1065764427185059,
      "auc_unknown": 0.9908786805555555,
      "FRR_stable": 0.0970833333333333,
      "false_drift_stable": 0.04708333333333333,
      "FAR_unknown_accept": 6.666666666666667e-05,
      "miss_drift": 0.24222916666666666,
      "confusion_matrix": [
        [
          2167,
          113,
          120
        ],
        [
          11627,
          7646,
          28727
        ],
        [
          2,
          493,
          29505
        ]
      ]
    },
    "Fusion_lam1.0": {
      "tau_id": -2.054294168949127,
      "auc_unknown": 0.9831445833333334,
      "FRR_stable": 0.0970833333333333,
      "false_drift_stable": 0.04708333333333333,
      "FAR_unknown_accept": 0.00013333333333333334,
      "miss_drift": 0.2494375,
      "confusion_matrix": [
        [
          2167,
          113,
          120
        ],
        [
          11973,
          8449,
          27578
        ],
        [
          4,
          1100,
          28896
        ]
      ]
    },
    "Fusion_lam1.5": {
      "tau_id": -3.0029731512069704,
      "auc_unknown": 0.9746452777777778,
      "FRR_stable": 0.09750000000000003,
      "false_drift_stable": 0.0475,
      "FAR_unknown_accept": 0.0002,
      "miss_drift": 0.2505,
      "confusion_matrix": [
        [
          2166,
          114,
          120
        ],
        [
          12024,
          8845,
          27131
        ],
        [
          6,
          1730,
          28264
        ]
      ]
    },
    "Fusion_lam2.0": {
      "tau_id": -3.985084760189056,
      "auc_unknown": 0.9665309722222223,
      "FRR_stable": 0.09750000000000003,
      "false_drift_stable": 0.0475,
      "FAR_unknown_accept": 0.0004333333333333333,
      "miss_drift": 0.2516041666666667,
      "confusion_matrix": [
        [
          2166,
          114,
          120
        ],
        [
          12077,
          9070,
          26853
        ],
        [
          13,
          2360,
          27627
        ]
      ]
    }
  },
  "best_sid": "EmbMaha"
}