{
  "split": 3,
  "fold": 3,
  "false_drift_target": 0.05,
  "tau_id": -1.5771068334579468,
  "tau_dom": 1850.792236328125,
  "tau_conf": 0.9959517121315002,
  "pseudo_acc_rx": 0.6440555555555556,
  "pseudo_acc_day": 0.7935,
  "pseudo_acc_all": 0.6814166666666667,
  "gate_precision": 0.600335852225021,
  "gate_recall": 0.17875,
  "gate_keep_ratio": 0.1191,
  "conf_precision": 0.7424593967517401,
  "conf_recall": 0.16,
  "conf_keep_ratio": 0.0862,
  "conf_keep_given_gate": 0.7237615449202351,
  "adapt_stream_size": 10000,
  "gate_size": 1191,
  "conf_size": 862,
  "oracle_size": 4000,
  "NoAdapt": {
    "stable_acc": 0.9945833333333334,
    "drift_acc_rx": 0.6396666666666667,
    "drift_acc_day": 0.8043333333333333,
    "drift_acc_all": 0.722,
    "FRR_stable": 0.0920833333333333,
    "FAR_unknown_accept": 0.014444444444444444,
    "miss_drift_rx": 0.235,
    "miss_drift_day": 0.49566666666666664,
    "miss_drift_all": 0.36533333333333334,
    "auc_unknown_eval": 0.9764830555555556
  },
  "UngatedAdapt": {
    "stable_acc": 0.9958333333333333,
    "drift_acc_rx": 0.6376666666666667,
    "drift_acc_day": 0.7966666666666666,
    "drift_acc_all": 0.7171666666666666,
    "FRR_stable": 0.11499999999999999,
    "FAR_unknown_accept": 0.02311111111111111,
    "miss_drift_rx": 0.25566666666666665,
    "miss_drift_day": 0.492,
    "miss_drift_all": 0.37383333333333335,
    "auc_unknown_eval": 0.9841823148148148
  },
  "OracleGatePseudoAdapt": {
    "stable_acc": 0.99625,
    "drift_acc_rx": 0.6363333333333333,
    "drift_acc_day": 0.7966666666666666,
    "drift_acc_all": 0.7165,
    "FRR_stable": 0.09333333333333338,
    "FAR_unknown_accept": 0.017444444444444443,
    "miss_drift_rx": 0.252,
    "miss_drift_day": 0.5,
    "miss_drift_all": 0.376,
    "auc_unknown_eval": 0.9845512037037037
  },
  "OracleLabelAdapt": {
    "stable_acc": 0.9975,
    "drift_acc_rx": 0.8556666666666667,
    "drift_acc_day": 0.9506666666666667,
    "drift_acc_all": 0.9031666666666667,
    "FRR_stable": 0.38625,
    "FAR_unknown_accept": 0.005111111111111111,
    "miss_drift_rx": 0.224,
    "miss_drift_day": 0.4126666666666667,
    "miss_drift_all": 0.31833333333333336,
    "auc_unknown_eval": 0.7298323611111112
  },
  "GatedAdapt": {
    "stable_acc": 0.9983333333333333,
    "drift_acc_rx": 0.667,
    "drift_acc_day": 0.8706666666666667,
    "drift_acc_all": 0.7688333333333334,
    "FRR_stable": 0.08083333333333331,
    "FAR_unknown_accept": 0.015222222222222222,
    "miss_drift_rx": 0.244,
    "miss_drift_day": 0.5056666666666667,
    "miss_drift_all": 0.37483333333333335,
    "auc_unknown_eval": 0.983315787037037
  },
  "GatedConfAdapt": {
    "stable_acc": 0.9979166666666667,
    "drift_acc_rx": 0.671,
    "drift_acc_day": 0.862,
    "drift_acc_all": 0.7665,
    "FRR_stable": 0.07916666666666672,
    "FAR_unknown_accept": 0.016777777777777777,
    "miss_drift_rx": 0.247,
    "miss_drift_day": 0.5056666666666667,
    "miss_drift_all": 0.37633333333333335,
    "auc_unknown_eval": 0.9771347222222221
  }
}