{
  "split": 3,
  "fold": 3,
  "false_drift_target": 0.2,
  "tau_id": -1.5771068334579468,
  "tau_dom": 1029.3704833984375,
  "tau_conf": 0.9959517121315002,
  "pseudo_acc_rx": 0.6440555555555556,
  "pseudo_acc_day": 0.7935,
  "pseudo_acc_all": 0.6814166666666667,
  "gate_precision": 0.6978378378378378,
  "gate_recall": 0.32275,
  "gate_keep_ratio": 0.185,
  "conf_precision": 0.7987594762232942,
  "conf_recall": 0.28975,
  "conf_keep_ratio": 0.1451,
  "conf_keep_given_gate": 0.7843243243243243,
  "adapt_stream_size": 10000,
  "gate_size": 1850,
  "conf_size": 1451,
  "oracle_size": 4000,
  "NoAdapt": {
    "stable_acc": 0.9945833333333334,
    "drift_acc_rx": 0.6396666666666667,
    "drift_acc_day": 0.8043333333333333,
    "drift_acc_all": 0.722,
    "FRR_stable": 0.235,
    "FAR_unknown_accept": 0.0017777777777777779,
    "miss_drift_rx": 0.12933333333333333,
    "miss_drift_day": 0.30366666666666664,
    "miss_drift_all": 0.2165,
    "auc_unknown_eval": 0.9764830555555556
  },
  "UngatedAdapt": {
    "stable_acc": 0.9958333333333333,
    "drift_acc_rx": 0.6376666666666667,
    "drift_acc_day": 0.7966666666666666,
    "drift_acc_all": 0.7171666666666666,
    "FRR_stable": 0.245,
    "FAR_unknown_accept": 0.001,
    "miss_drift_rx": 0.14533333333333334,
    "miss_drift_day": 0.30533333333333335,
    "miss_drift_all": 0.22533333333333333,
    "auc_unknown_eval": 0.9841823148148148
  },
  "OracleGatePseudoAdapt": {
    "stable_acc": 0.99625,
    "drift_acc_rx": 0.6363333333333333,
    "drift_acc_day": 0.7966666666666666,
    "drift_acc_all": 0.7165,
    "FRR_stable": 0.23124999999999996,
    "FAR_unknown_accept": 0.0003333333333333333,
    "miss_drift_rx": 0.145,
    "miss_drift_day": 0.308,
    "miss_drift_all": 0.2265,
    "auc_unknown_eval": 0.9845512037037037
  },
  "OracleLabelAdapt": {
    "stable_acc": 0.9975,
    "drift_acc_rx": 0.8556666666666667,
    "drift_acc_day": 0.9506666666666667,
    "drift_acc_all": 0.9031666666666667,
    "FRR_stable": 0.4716666666666667,
    "FAR_unknown_accept": 0.0017777777777777779,
    "miss_drift_rx": 0.12533333333333332,
    "miss_drift_day": 0.25633333333333336,
    "miss_drift_all": 0.19083333333333333,
    "auc_unknown_eval": 0.7298323611111112
  },
  "GatedAdapt": {
    "stable_acc": 0.9975,
    "drift_acc_rx": 0.6676666666666666,
    "drift_acc_day": 0.8716666666666667,
    "drift_acc_all": 0.7696666666666667,
    "FRR_stable": 0.22333333333333338,
    "FAR_unknown_accept": 0.00044444444444444447,
    "miss_drift_rx": 0.13933333333333334,
    "miss_drift_day": 0.311,
    "miss_drift_all": 0.22516666666666665,
    "auc_unknown_eval": 0.9835756944444445
  },
  "GatedConfAdapt": {
    "stable_acc": 0.9975,
    "drift_acc_rx": 0.6716666666666666,
    "drift_acc_day": 0.866,
    "drift_acc_all": 0.7688333333333334,
    "FRR_stable": 0.22124999999999995,
    "FAR_unknown_accept": 0.001888888888888889,
    "miss_drift_rx": 0.13833333333333334,
    "miss_drift_day": 0.313,
    "miss_drift_all": 0.22566666666666665,
    "auc_unknown_eval": 0.9775062962962962
  }
}