{
  "split": 3,
  "fold": 3,
  "false_drift_target": 0.01,
  "tau_id": -1.5771068334579468,
  "tau_dom": 4163.77490234375,
  "tau_conf": 0.9959517121315002,
  "pseudo_acc_rx": 0.6440555555555556,
  "pseudo_acc_day": 0.7935,
  "pseudo_acc_all": 0.6814166666666667,
  "gate_precision": 0.34782608695652173,
  "gate_recall": 0.05,
  "gate_keep_ratio": 0.0575,
  "conf_precision": 0.5131964809384164,
  "conf_recall": 0.04375,
  "conf_keep_ratio": 0.0341,
  "conf_keep_given_gate": 0.5930434782608696,
  "adapt_stream_size": 10000,
  "gate_size": 575,
  "conf_size": 341,
  "oracle_size": 4000,
  "NoAdapt": {
    "stable_acc": 0.9945833333333334,
    "drift_acc_rx": 0.6396666666666667,
    "drift_acc_day": 0.8043333333333333,
    "drift_acc_all": 0.722,
    "FRR_stable": 0.053749999999999964,
    "FAR_unknown_accept": 0.030666666666666665,
    "miss_drift_rx": 0.35433333333333333,
    "miss_drift_day": 0.6393333333333333,
    "miss_drift_all": 0.49683333333333335,
    "auc_unknown_eval": 0.9764830555555556
  },
  "UngatedAdapt": {
    "stable_acc": 0.9958333333333333,
    "drift_acc_rx": 0.6376666666666667,
    "drift_acc_day": 0.7966666666666666,
    "drift_acc_all": 0.7171666666666666,
    "FRR_stable": 0.07791666666666663,
    "FAR_unknown_accept": 0.028666666666666667,
    "miss_drift_rx": 0.31166666666666665,
    "miss_drift_day": 0.6006666666666667,
    "miss_drift_all": 0.45616666666666666,
    "auc_unknown_eval": 0.9841823148148148
  },
  "OracleGatePseudoAdapt": {
    "stable_acc": 0.99625,
    "drift_acc_rx": 0.6363333333333333,
    "drift_acc_day": 0.7966666666666666,
    "drift_acc_all": 0.7165,
    "FRR_stable": 0.05500000000000005,
    "FAR_unknown_accept": 0.025444444444444443,
    "miss_drift_rx": 0.35733333333333334,
    "miss_drift_day": 0.6436666666666667,
    "miss_drift_all": 0.5005,
    "auc_unknown_eval": 0.9845512037037037
  },
  "OracleLabelAdapt": {
    "stable_acc": 0.9975,
    "drift_acc_rx": 0.8556666666666667,
    "drift_acc_day": 0.9506666666666667,
    "drift_acc_all": 0.9031666666666667,
    "FRR_stable": 0.3683333333333333,
    "FAR_unknown_accept": 0.008,
    "miss_drift_rx": 0.25,
    "miss_drift_day": 0.44333333333333336,
    "miss_drift_all": 0.3466666666666667,
    "auc_unknown_eval": 0.7298323611111112
  },
  "GatedAdapt": {
    "stable_acc": 0.9983333333333333,
    "drift_acc_rx": 0.6626666666666666,
    "drift_acc_day": 0.857,
    "drift_acc_all": 0.7598333333333334,
    "FRR_stable": 0.04125000000000001,
    "FAR_unknown_accept": 0.03122222222222222,
    "miss_drift_rx": 0.35833333333333334,
    "miss_drift_day": 0.643,
    "miss_drift_all": 0.5006666666666667,
    "auc_unknown_eval": 0.9806728240740741
  },
  "GatedConfAdapt": {
    "stable_acc": 0.9970833333333333,
    "drift_acc_rx": 0.649,
    "drift_acc_day": 0.8343333333333334,
    "drift_acc_all": 0.7416666666666667,
    "FRR_stable": 0.043749999999999956,
    "FAR_unknown_accept": 0.033666666666666664,
    "miss_drift_rx": 0.3556666666666667,
    "miss_drift_day": 0.643,
    "miss_drift_all": 0.49933333333333335,
    "auc_unknown_eval": 0.9757043981481481
  }
}