{
  "split": 3,
  "fold": 3,
  "false_drift_target": 0.1,
  "tau_id": -1.5771068334579468,
  "tau_dom": 1388.4207763671875,
  "tau_conf": 0.9959517121315002,
  "pseudo_acc_rx": 0.6440555555555556,
  "pseudo_acc_day": 0.7935,
  "pseudo_acc_all": 0.6814166666666667,
  "gate_precision": 0.6491694352159468,
  "gate_recall": 0.24425,
  "gate_keep_ratio": 0.1505,
  "conf_precision": 0.7626970227670753,
  "conf_recall": 0.21775,
  "conf_keep_ratio": 0.1142,
  "conf_keep_given_gate": 0.7588039867109635,
  "adapt_stream_size": 10000,
  "gate_size": 1505,
  "conf_size": 1142,
  "oracle_size": 4000,
  "NoAdapt": {
    "stable_acc": 0.9945833333333334,
    "drift_acc_rx": 0.6396666666666667,
    "drift_acc_day": 0.8043333333333333,
    "drift_acc_all": 0.722,
    "FRR_stable": 0.14041666666666663,
    "FAR_unknown_accept": 0.006333333333333333,
    "miss_drift_rx": 0.18033333333333335,
    "miss_drift_day": 0.42033333333333334,
    "miss_drift_all": 0.30033333333333334,
    "auc_unknown_eval": 0.9764830555555556
  },
  "UngatedAdapt": {
    "stable_acc": 0.9958333333333333,
    "drift_acc_rx": 0.6376666666666667,
    "drift_acc_day": 0.7966666666666666,
    "drift_acc_all": 0.7171666666666666,
    "FRR_stable": 0.15916666666666668,
    "FAR_unknown_accept": 0.012333333333333333,
    "miss_drift_rx": 0.198,
    "miss_drift_day": 0.42,
    "miss_drift_all": 0.309,
    "auc_unknown_eval": 0.9841823148148148
  },
  "OracleGatePseudoAdapt": {
    "stable_acc": 0.99625,
    "drift_acc_rx": 0.6363333333333333,
    "drift_acc_day": 0.7966666666666666,
    "drift_acc_all": 0.7165,
    "FRR_stable": 0.14083333333333337,
    "FAR_unknown_accept": 0.007333333333333333,
    "miss_drift_rx": 0.196,
    "miss_drift_day": 0.4246666666666667,
    "miss_drift_all": 0.31033333333333335,
    "auc_unknown_eval": 0.9845512037037037
  },
  "OracleLabelAdapt": {
    "stable_acc": 0.9975,
    "drift_acc_rx": 0.8556666666666667,
    "drift_acc_day": 0.9506666666666667,
    "drift_acc_all": 0.9031666666666667,
    "FRR_stable": 0.4179166666666667,
    "FAR_unknown_accept": 0.004222222222222222,
    "miss_drift_rx": 0.18433333333333332,
    "miss_drift_day": 0.3546666666666667,
    "miss_drift_all": 0.2695,
    "auc_unknown_eval": 0.7298323611111112
  },
  "GatedAdapt": {
    "stable_acc": 0.9975,
    "drift_acc_rx": 0.669,
    "drift_acc_day": 0.8693333333333333,
    "drift_acc_all": 0.7691666666666667,
    "FRR_stable": 0.12708333333333333,
    "FAR_unknown_accept": 0.0071111111111111115,
    "miss_drift_rx": 0.19066666666666668,
    "miss_drift_day": 0.42933333333333334,
    "miss_drift_all": 0.31,
    "auc_unknown_eval": 0.9800902777777779
  },
  "GatedConfAdapt": {
    "stable_acc": 0.9975,
    "drift_acc_rx": 0.6706666666666666,
    "drift_acc_day": 0.861,
    "drift_acc_all": 0.7658333333333334,
    "FRR_stable": 0.12708333333333333,
    "FAR_unknown_accept": 0.007555555555555556,
    "miss_drift_rx": 0.19,
    "miss_drift_day": 0.42933333333333334,
    "miss_drift_all": 0.30966666666666665,
    "auc_unknown_eval": 0.9771427314814815
  }
}