{
  "split": 1,
  "fold": 5,
  "tau_id": -1.2403641164302825,
  "tau_dom": 2562.6035522460934,
  "gate_precision": 0.2218984179850125,
  "gate_recall": 0.13325,
  "gate_keep_ratio": 0.2402,
  "adapt_stream_size": 10000,
  "gated_size": 2402,
  "oracle_size": 4000,
  "NoAdapt": {
    "stable_acc": 0.9958333333333333,
    "drift_acc_rx": 0.5846666666666667,
    "drift_acc_day": 0.5766666666666667,
    "drift_acc_all": 0.5806666666666667,
    "FRR_stable": 0.09333333333333338,
    "FAR_unknown_accept": 0.5107777777777778,
    "miss_drift_rx": 0.101,
    "miss_drift_day": 0.24833333333333332,
    "miss_drift_all": 0.17466666666666666,
    "auc_unknown_eval": 0.5945806944444445
  },
  "UngatedAdapt": {
    "stable_acc": 0.9958333333333333,
    "drift_acc_rx": 0.5863333333333334,
    "drift_acc_day": 0.5843333333333334,
    "drift_acc_all": 0.5853333333333334,
    "FRR_stable": 0.08916666666666662,
    "FAR_unknown_accept": 0.5111111111111111,
    "miss_drift_rx": 0.10266666666666667,
    "miss_drift_day": 0.25533333333333336,
    "miss_drift_all": 0.179,
    "auc_unknown_eval": 0.5914027314814815
  },
  "GatedAdapt": {
    "stable_acc": 0.9954166666666666,
    "drift_acc_rx": 0.5943333333333334,
    "drift_acc_day": 0.604,
    "drift_acc_all": 0.5991666666666666,
    "FRR_stable": 0.08958333333333335,
    "FAR_unknown_accept": 0.5102222222222222,
    "miss_drift_rx": 0.104,
    "miss_drift_day": 0.253,
    "miss_drift_all": 0.1785,
    "auc_unknown_eval": 0.6067342824074073
  },
  "OracleGateAdapt": {
    "stable_acc": 0.9958333333333333,
    "drift_acc_rx": 0.5866666666666667,
    "drift_acc_day": 0.5766666666666667,
    "drift_acc_all": 0.5816666666666667,
    "FRR_stable": 0.09166666666666667,
    "FAR_unknown_accept": 0.5117777777777778,
    "miss_drift_rx": 0.105,
    "miss_drift_day": 0.25666666666666665,
    "miss_drift_all": 0.18083333333333335,
    "auc_unknown_eval": 0.5893409722222221
  }
}