{
  "train_loss": [
    0.5059418843852149,
    0.16893034745697622,
    0.07156530759400792,
    0.03215229442274129,
    0.02918425547303977,
    0.017973310433983525,
    0.016522914554095932,
    0.015393263970812162,
    0.014622112213530474,
    0.011006123411762356,
    0.009360062460311585,
    0.01057557859501146,
    0.008237032045575755,
    0.00810550530311755,
    0.0075010482890151995,
    0.008552612668696653,
    0.005964036968415948,
    0.006993515324709868,
    0.004360077128081617,
    0.003996399983050112,
    0.005251498236019095,
    0.004923059707895542,
    0.003978002853519111,
    0.003643083734183434,
    0.004769697255903372,
    0.004710411211622327,
    0.004401985079015571,
    0.0032798281564653197,
    0.0017893393258822876,
    0.003303845973870786,
    0.0025204256242701644,
    0.0037105375550540716,
    0.002801655743193502,
    0.003389452323446878,
    0.0041865449960352165,
    0.0023737354847576677,
    0.00228344295863752,
    0.0027301503461785613,
    0.0018305759008163242,
    0.0015745644768079122,
    0.0029226595909912483
  ],
  "train_acc": [
    0.772800925925926,
    0.9319444444444445,
    0.9755787037037037,
    0.9901620370370371,
    0.9903935185185185,
    0.9947916666666666,
    0.9943287037037037,
    0.9949074074074075,
    0.9950231481481482,
    0.9960648148148148,
    0.9967592592592592,
    0.9965277777777778,
    0.996875,
    0.9972222222222222,
    0.9976851851851852,
    0.9967592592592592,
    0.9983796296296297,
    0.997800925925926,
    0.9990740740740741,
    0.9989583333333333,
    0.9984953703703704,
    0.9983796296296297,
    0.9990740740740741,
    0.9986111111111111,
    0.9984953703703704,
    0.9983796296296297,
    0.9986111111111111,
    0.9993055555555556,
    0.999537037037037,
    0.9989583333333333,
    0.9990740740740741,
    0.9989583333333333,
    0.9990740740740741,
    0.9990740740740741,
    0.9982638888888888,
    0.9994212962962963,
    0.9993055555555556,
    0.9987268518518518,
    0.9994212962962963,
    0.9996527777777777,
    0.9991898148148148
  ],
  "val_loss": [
    2.5000314712524414,
    1.01087384223938,
    0.5909682989120484,
    0.3621972680091858,
    0.16671687414248784,
    0.17568549712498982,
    0.12388104796409607,
    0.16440398742755255,
    0.1175292561451594,
    0.11250804364681244,
    0.06215409307430188,
    0.08993197480837505,
    0.07368580835560957,
    0.07137493987878164,
    0.08232067426045736,
    0.08806122442086538,
    0.06681240958472093,
    0.04244001063828667,
    0.05277528315782547,
    0.04913619595269362,
    0.12388345996538798,
    0.047726472311963634,
    0.0608979215224584,
    0.035962887364439665,
    0.03064982609357685,
    0.028095527614156405,
    0.05299780070781708,
    0.02948367125354707,
    0.017741559246011698,
    0.03491434428530435,
    0.05993713835875193,
    0.0243118436880953,
    0.016880149632925168,
    0.05623364998027682,
    0.03800364155322313,
    0.026288688665954397,
    0.03234690464256952,
    0.03503724149777554,
    0.022161541917497137,
    0.025392430524031322,
    0.024676358286524192
  ],
  "val_acc": [
    0.46458333333333335,
    0.6604166666666667,
    0.784375,
    0.9052083333333333,
    0.9635416666666666,
    0.953125,
    0.9708333333333333,
    0.9510416666666667,
    0.9697916666666667,
    0.975,
    0.9864583333333333,
    0.9739583333333334,
    0.98125,
    0.9791666666666666,
    0.98125,
    0.98125,
    0.984375,
    0.9916666666666667,
    0.9854166666666667,
    0.990625,
    0.953125,
    0.9885416666666667,
    0.9864583333333333,
    0.990625,
    0.99375,
    0.9927083333333333,
    0.9885416666666667,
    0.990625,
    0.996875,
    0.99375,
    0.9864583333333333,
    0.9947916666666666,
    0.9979166666666667,
    0.9885416666666667,
    0.9927083333333333,
    0.9947916666666666,
    0.9927083333333333,
    0.9947916666666666,
    0.9958333333333333,
    0.996875,
    0.9958333333333333
  ]
}