{
  "split": 6,
  "fold": 1,
  "acc": 0.9983333333333333,
  "auc_unknown": 0.969351736111111,
  "auc_drift_rx": 0.9357108622685186,
  "auc_drift_day": 0.8321236111111111,
  "tau_id": -0.993296205997467,
  "tau_dom": 2417.38330078125,
  "FRR_stable": 0.08958333333333335,
  "false_drift_stable": 0.03958333333333333,
  "FAR_unknown_accept": 0.0009333333333333333,
  "miss_drift": 0.2503958333333333,
  "confusion_matrix": [
    [
      2185,
      95,
      120
    ],
    [
      12019,
      5223,
      30758
    ],
    [
      28,
      1654,
      28318
    ]
  ]
}