{
  "tau_id": -0.993296205997467,
  "tau_dom": 2417.38330078125
}