{
  "train_loss": [
    0.1837674189519919,
    0.02186319024681493,
    0.014649104084359642,
    0.01001757769572353,
    0.008793390241744756,
    0.008698502822238722,
    0.0066688325330845,
    0.005879768674846819,
    0.0050993994659137695,
    0.005922390330751013,
    0.004750517666566956,
    0.005020697248767613,
    0.004488386015909333,
    0.004819551773799043,
    0.004630495819915661,
    0.004689081671164819,
    0.005391169084939548,
    0.004790566515725072,
    0.004202629569026837,
    0.0032675273697765797,
    0.004393577631304248,
    0.003710763734807749,
    0.003980141544817331,
    0.004929662874614515,
    0.003483333458145218
  ],
  "train_acc": [
    0.9478395061728395,
    0.9946759259259259,
    0.9954475308641976,
    0.9966435185185185,
    0.9971836419753086,
    0.9972993827160493,
    0.9977237654320987,
    0.9976851851851852,
    0.9981095679012346,
    0.997800925925926,
    0.9983796296296297,
    0.9983024691358025,
    0.9987654320987654,
    0.9982638888888888,
    0.9984567901234568,
    0.9984182098765432,
    0.9982253086419753,
    0.9983796296296297,
    0.9984182098765432,
    0.9987654320987654,
    0.9986496913580247,
    0.9987654320987654,
    0.9986496913580247,
    0.9986496913580247,
    0.9989197530864198
  ],
  "val_loss": [
    0.19457459582222833,
    0.24472681879997255,
    0.04971781571706136,
    0.03356895354679889,
    0.015062827240520467,
    0.012798132706019613,
    0.012950771470787003,
    0.014544889488348013,
    0.010526107522309758,
    0.011799237552784487,
    0.00811673866367831,
    0.012903680144841525,
    0.007540747856627503,
    0.00869142367119922,
    0.007527356515988181,
    0.00625812584744886,
    0.005855174508931466,
    0.006504745836688623,
    0.0070333463145086875,
    0.007723376052268173,
    0.009022354224402482,
    0.012143319845199585,
    0.009182997482154558,
    0.007895791617758934,
    0.006621333641467371
  ],
  "val_acc": [
    0.9263888888888889,
    0.9038194444444444,
    0.9802083333333333,
    0.9881944444444445,
    0.9951388888888889,
    0.9947916666666666,
    0.9947916666666666,
    0.9951388888888889,
    0.9954861111111111,
    0.9954861111111111,
    0.996875,
    0.9951388888888889,
    0.9965277777777778,
    0.9961805555555555,
    0.9961805555555555,
    0.9972222222222222,
    0.9979166666666667,
    0.9972222222222222,
    0.9975694444444444,
    0.9972222222222222,
    0.996875,
    0.9961805555555555,
    0.9961805555555555,
    0.9965277777777778,
    0.9975694444444444
  ]
}