{
  "split": 2,
  "fold": 5,
  "acc": 0.9970833333333333,
  "auc_unknown": 0.9419355478395062,
  "auc_drRX_V0": 0.7212747916666666,
  "auc_drRX_V1": 0.8851435590277777,
  "auc_drRX_V1k": 0.878487320601852,
  "auc_drRX_V2": 0.619024988425926,
  "auc_drRX_V3": 0.6810138599537037,
  "auc_drDAY_V0": 0.5202453491512345,
  "auc_drDAY_V1": 0.7188997550154321,
  "auc_drDAY_V1k": 0.7078228549382717,
  "auc_drDAY_V2": 0.5393150925925927,
  "auc_drDAY_V3": 0.5166975366512345
}