{
  "train_loss": [
    0.2891900642418567,
    0.05320131735715233,
    0.0340609155629796,
    0.0249640779632983,
    0.020301637631542063,
    0.019855278669454066,
    0.015478764185796917,
    0.014165061462762547,
    0.013867204423194729,
    0.011602619889962636,
    0.010605048486980162,
    0.011314060751285496,
    0.008414668414776248,
    0.00967331676838063,
    0.00795958504974727,
    0.008455629160133317
  ],
  "train_acc": [
    0.8915123456790124,
    0.9840277777777777,
    0.9896604938271605,
    0.9921682098765432,
    0.9935570987654321,
    0.993479938271605,
    0.9943672839506172,
    0.9951003086419753,
    0.9952932098765432,
    0.9956018518518519,
    0.9961805555555555,
    0.995871913580247,
    0.9967206790123457,
    0.9968364197530865,
    0.9973765432098766,
    0.9969135802469136
  ],
  "val_loss": [
    0.47966445353296067,
    0.3103500694036484,
    0.06543313699464003,
    0.03878018288976616,
    0.008560590700815536,
    0.008612906922482781,
    0.007502730541293406,
    0.006202915939502418,
    0.008006785444255609,
    0.005162286784131235,
    0.007807517138199829,
    0.008905386908574857,
    0.011971684191505322,
    0.007313998155708153,
    0.007285994631577826,
    0.01237286549488393
  ],
  "val_acc": [
    0.859375,
    0.9038194444444444,
    0.9767361111111111,
    0.9871527777777778,
    0.9975694444444444,
    0.9979166666666667,
    0.996875,
    0.9982638888888888,
    0.9979166666666667,
    0.9975694444444444,
    0.9975694444444444,
    0.9982638888888888,
    0.9965277777777778,
    0.9975694444444444,
    0.9982638888888888,
    0.9979166666666667
  ]
}