{
  "split": 1,
  "fold": 2,
  "acc": 0.9947222222222222,
  "auc_unknown": 0.6976672067901234,
  "auc_drRX_V0": 0.6840549016203703,
  "auc_drRX_V1": 0.8343153645833332,
  "auc_drRX_V1k": 0.8151764988425925,
  "auc_drRX_V2": 0.492479369212963,
  "auc_drRX_V3": 0.623137974537037,
  "auc_drDAY_V0": 0.5349132079475309,
  "auc_drDAY_V1": 0.7522061168981481,
  "auc_drDAY_V1k": 0.737017019675926,
  "auc_drDAY_V2": 0.5387275289351852,
  "auc_drDAY_V3": 0.5036244232253086
}