{
  "train_loss": [
    0.6098922241617132,
    0.17507847983528066,
    0.07949747879196097,
    0.045959148404222945,
    0.03391342224829175,
    0.023846532721762303,
    0.02055821609510868,
    0.019612969937561838,
    0.013424345954424806,
    0.012383619851984636,
    0.010202434686598955,
    0.009468015549807913,
    0.008017671619179762,
    0.008434946451301653,
    0.008039223759529973,
    0.005770805445327251,
    0.006007452697613863,
    0.00944878538656566,
    0.004755877367117339,
    0.005926125341836639,
    0.00484564216479797
  ],
  "train_acc": [
    0.7263888888888889,
    0.9322916666666666,
    0.9723379629629629,
    0.9853009259259259,
    0.9890046296296297,
    0.9920138888888889,
    0.9930555555555556,
    0.9929398148148149,
    0.9954861111111111,
    0.9956018518518519,
    0.9965277777777778,
    0.9961805555555555,
    0.9974537037037037,
    0.997337962962963,
    0.997337962962963,
    0.9982638888888888,
    0.9982638888888888,
    0.9965277777777778,
    0.9981481481481481,
    0.9983796296296297,
    0.9984953703703704
  ],
  "val_loss": [
    2.1652043501536054,
    0.5730063875516256,
    0.3463476796944936,
    0.23990787665049235,
    0.1040355975429217,
    0.06729994465907414,
    0.08281869739294052,
    0.07074624598026276,
    0.07750077744325003,
    0.0304069717725118,
    0.03413181789219379,
    0.03572204497953256,
    0.019137910939753054,
    0.027630610639850298,
    0.02441510893404484,
    0.019490773603320122,
    0.014579577495654424,
    0.022445692867040633,
    0.018958514245847862,
    0.025237960368394853,
    0.0184032229706645
  ],
  "val_acc": [
    0.528125,
    0.7895833333333333,
    0.871875,
    0.9145833333333333,
    0.9697916666666667,
    0.9708333333333333,
    0.96875,
    0.978125,
    0.96875,
    0.99375,
    0.9916666666666667,
    0.9927083333333333,
    0.9958333333333333,
    0.9916666666666667,
    0.9947916666666666,
    0.9947916666666666,
    0.9958333333333333,
    0.9927083333333333,
    0.9958333333333333,
    0.9895833333333334,
    0.9958333333333333
  ]
}