{
  "fold": 3,
  "acc": 0.9925,
  "AUC_u": 0.8955729513888889,
  "AUC_drRX": 0.6992998090277778,
  "AUC_drDAY": 0.586089392361111
}