{
  "train_loss": [
    0.5739925494900456,
    0.18946866613847238,
    0.07597279689378209,
    0.04167332824457575,
    0.026697817748343504,
    0.0227257387885065,
    0.018407281305364988,
    0.016565305998341905,
    0.012375282484141213,
    0.015189380771308034,
    0.010880646420884188,
    0.009985529836612167,
    0.009809543422630265,
    0.008803992057909016,
    0.0069521824199775305,
    0.007845718402812188,
    0.005392911221780297,
    0.010306371321806822,
    0.0046921463234832995,
    0.005290196622782214,
    0.00589110440902274,
    0.002701598349355023,
    0.004445145709043438,
    0.004043269833480871,
    0.0068648746700664225
  ],
  "train_acc": [
    0.7342592592592593,
    0.9229166666666667,
    0.9722222222222222,
    0.9873842592592592,
    0.991087962962963,
    0.9924768518518519,
    0.9940972222222222,
    0.9946759259259259,
    0.9954861111111111,
    0.9942129629629629,
    0.9958333333333333,
    0.9966435185185185,
    0.996875,
    0.996875,
    0.9980324074074074,
    0.9972222222222222,
    0.997800925925926,
    0.9966435185185185,
    0.9983796296296297,
    0.9983796296296297,
    0.9984953703703704,
    0.9994212962962963,
    0.9980324074074074,
    0.9986111111111111,
    0.9976851851851852
  ],
  "val_loss": [
    2.035987440745036,
    0.708328100045522,
    0.371007893482844,
    0.21243829925855,
    0.12996325095494587,
    0.11611765722433726,
    0.06159486571947734,
    0.05593822970986366,
    0.0480617086092631,
    0.036853592346111935,
    0.0398419505606095,
    0.031228336443503698,
    0.03348389820506175,
    0.024429261560241382,
    0.0327722684169809,
    0.01563725471496582,
    0.014713431025544803,
    0.00817573342161874,
    0.016303908359259368,
    0.00817433746221165,
    0.020781760197132827,
    0.02438676462819179,
    0.026661342134078343,
    0.03818097738549113,
    0.012676184034595887
  ],
  "val_acc": [
    0.459375,
    0.7083333333333334,
    0.846875,
    0.9125,
    0.9552083333333333,
    0.9666666666666667,
    0.98125,
    0.9833333333333333,
    0.9854166666666667,
    0.9864583333333333,
    0.984375,
    0.9885416666666667,
    0.9885416666666667,
    0.9895833333333334,
    0.990625,
    0.9947916666666666,
    0.996875,
    0.996875,
    0.9916666666666667,
    0.996875,
    0.9927083333333333,
    0.996875,
    0.99375,
    0.990625,
    0.99375
  ]
}