{
  "split": 12,
  "fold": 3,
  "acc": 0.9975,
  "auc_unknown": 0.9953299999999999,
  "auc_drift_rx": 0.945779212962963,
  "auc_drift_day": 0.8707152777777778,
  "tau_id": -1.4435231685638428,
  "tau_dom": 2437.189453125,
  "FRR_stable": 0.09083333333333332,
  "false_drift_stable": 0.04083333333333333,
  "FAR_unknown_accept": 6.666666666666667e-05,
  "miss_drift": 0.15108333333333332,
  "confusion_matrix": [
    [
      2182,
      98,
      120
    ],
    [
      7252,
      7171,
      33577
    ],
    [
      2,
      56,
      29942
    ]
  ]
}