{
  "tau_id": -1.4435231685638428,
  "tau_dom": 2437.189453125
}