{
  "split": 8,
  "fold": 3,
  "acc": 0.9908333333333333,
  "auc_drift_rx": 0.945484068287037,
  "auc_drift_day": 0.868529236111111,
  "tau_dom": 2940.998791503904,
  "sid_results": {
    "EmbMaha": {
      "tau_id": -1203.2572265625,
      "auc_unknown": 0.9829684722222223,
      "FRR_stable": 0.08666666666666667,
      "false_drift_stable": 0.03666666666666667,
      "FAR_unknown_accept": 0.07773333333333333,
      "miss_drift": 0.2566875,
      "confusion_matrix": [
        [
          2192,
          88,
          120
        ],
        [
          12321,
          11513,
          24166
        ],
        [
          2332,
          2215,
          25453
        ]
      ]
    },
    "Energy": {
      "tau_id": 4.935233616828919,
      "auc_unknown": 0.8463679513888889,
      "FRR_stable": 0.0954166666666667,
      "false_drift_stable": 0.04541666666666667,
      "FAR_unknown_accept": 0.1443,
      "miss_drift": 0.2935833333333333,
      "confusion_matrix": [
        [
          2171,
          109,
          120
        ],
        [
          14092,
          22409,
          11499
        ],
        [
          4329,
          13317,
          12354
        ]
      ]
    },
    "Fusion_lam0.25": {
      "tau_id": -1.2165044784545898,
      "auc_unknown": 0.9862418055555556,
      "FRR_stable": 0.08666666666666667,
      "false_drift_stable": 0.03666666666666667,
      "FAR_unknown_accept": 0.06563333333333334,
      "miss_drift": 0.2511041666666667,
      "confusion_matrix": [
        [
          2192,
          88,
          120
        ],
        [
          12053,
          11440,
          24507
        ],
        [
          1969,
          1940,
          26091
        ]
      ]
    },
    "Fusion_lam0.5": {
      "tau_id": -1.3737910747528077,
      "auc_unknown": 0.9879304166666667,
      "FRR_stable": 0.08666666666666667,
      "false_drift_stable": 0.03666666666666667,
      "FAR_unknown_accept": 0.0565,
      "miss_drift": 0.24310416666666668,
      "confusion_matrix": [
        [
          2192,
          88,
          120
        ],
        [
          11669,
          11393,
          24938
        ],
        [
          1695,
          1775,
          26530
        ]
      ]
    },
    "Fusion_lam1.0": {
      "tau_id": -1.9823215663433076,
      "auc_unknown": 0.9885706944444443,
      "FRR_stable": 0.08750000000000002,
      "false_drift_stable": 0.0375,
      "FAR_unknown_accept": 0.053366666666666666,
      "miss_drift": 0.24777083333333333,
      "confusion_matrix": [
        [
          2190,
          90,
          120
        ],
        [
          11893,
          12206,
          23901
        ],
        [
          1601,
          2075,
          26324
        ]
      ]
    },
    "Fusion_lam1.5": {
      "tau_id": -2.6754101872444154,
      "auc_unknown": 0.9871747916666668,
      "FRR_stable": 0.08791666666666664,
      "false_drift_stable": 0.03791666666666667,
      "FAR_unknown_accept": 0.052866666666666666,
      "miss_drift": 0.2570625,
      "confusion_matrix": [
        [
          2189,
          91,
          120
        ],
        [
          12339,
          12948,
          22713
        ],
        [
          1586,
          2412,
          26002
        ]
      ]
    },
    "Fusion_lam2.0": {
      "tau_id": -3.352057123184204,
      "auc_unknown": 0.9846654861111112,
      "FRR_stable": 0.08791666666666664,
      "false_drift_stable": 0.03791666666666667,
      "FAR_unknown_accept": 0.052,
      "miss_drift": 0.26135416666666667,
      "confusion_matrix": [
        [
          2189,
          91,
          120
        ],
        [
          12545,
          13421,
          22034
        ],
        [
          1560,
          2664,
          25776
        ]
      ]
    }
  },
  "best_sid": "Fusion_lam1.0"
}