{
  "split": 2,
  "fold": 2,
  "tau_id": -1.1818644404411316,
  "tau_dom": 2539.1731323242125,
  "thr_precision": 0.9339285714285714,
  "thr_recall": 0.13075,
  "thr_keep_ratio": 0.056,
  "topq_precision": 0.9281553398058252,
  "topq_recall": 0.1195,
  "topq_keep_ratio": 0.0515,
  "adapt_stream_size": 10000,
  "thr_size": 560,
  "topq_size": 515,
  "oracle_size": 4000,
  "NoAdapt": {
    "stable_acc": 0.9966666666666667,
    "drift_acc_rx": 0.6726666666666666,
    "drift_acc_day": 0.6883333333333334,
    "drift_acc_all": 0.6805,
    "FRR_stable": 0.09624999999999995,
    "FAR_unknown_accept": 0.0,
    "miss_drift_rx": 0.18966666666666668,
    "miss_drift_day": 0.3636666666666667,
    "miss_drift_all": 0.27666666666666667,
    "auc_unknown_eval": 0.996132824074074
  },
  "UngatedAdapt": {
    "stable_acc": 0.9975,
    "drift_acc_rx": 0.675,
    "drift_acc_day": 0.7046666666666667,
    "drift_acc_all": 0.6898333333333333,
    "FRR_stable": 0.09958333333333336,
    "FAR_unknown_accept": 0.0,
    "miss_drift_rx": 0.17733333333333334,
    "miss_drift_day": 0.36833333333333335,
    "miss_drift_all": 0.2728333333333333,
    "auc_unknown_eval": 0.9950902777777777
  },
  "GatedAdapt": {
    "stable_acc": 0.9975,
    "drift_acc_rx": 0.68,
    "drift_acc_day": 0.6966666666666667,
    "drift_acc_all": 0.6883333333333334,
    "FRR_stable": 0.0920833333333333,
    "FAR_unknown_accept": 0.0,
    "miss_drift_rx": 0.18966666666666668,
    "miss_drift_day": 0.367,
    "miss_drift_all": 0.2783333333333333,
    "auc_unknown_eval": 0.9962421759259259
  },
  "GatedTopQAdapt": {
    "stable_acc": 0.9979166666666667,
    "drift_acc_rx": 0.6813333333333333,
    "drift_acc_day": 0.7013333333333334,
    "drift_acc_all": 0.6913333333333334,
    "FRR_stable": 0.09166666666666667,
    "FAR_unknown_accept": 0.0,
    "miss_drift_rx": 0.18966666666666668,
    "miss_drift_day": 0.36733333333333335,
    "miss_drift_all": 0.2785,
    "auc_unknown_eval": 0.9962482407407407
  },
  "OracleGateAdapt": {
    "stable_acc": 0.9979166666666667,
    "drift_acc_rx": 0.6683333333333333,
    "drift_acc_day": 0.6976666666666667,
    "drift_acc_all": 0.683,
    "FRR_stable": 0.09416666666666662,
    "FAR_unknown_accept": 0.0,
    "miss_drift_rx": 0.18433333333333332,
    "miss_drift_day": 0.37,
    "miss_drift_all": 0.2771666666666667,
    "auc_unknown_eval": 0.9956685648148148
  }
}