{
  "split": 2,
  "fold": 5,
  "acc": 0.995,
  "auc_unknown": 0.9964772222222222,
  "auc_drift_rx": 0.924605005787037,
  "auc_drift_day": 0.8069072048611111,
  "tau_id_single": -1024.2102905273437,
  "tau_dom_single": 2263.600903320312,
  "tau_id_low": -2376.9404199218748,
  "tau_id_high": -732.610498046875,
  "tau_dom_dual": 2263.600903320312,
  "single": {
    "FRR_stable": 0.09458333333333335,
    "false_drift_stable": 0.044583333333333336,
    "FAR_unknown_accept": 3.3333333333333335e-05,
    "miss_drift": 0.25847916666666665
  },
  "dual_conservative": {
    "FRR_stable": 0.14208333333333334,
    "false_drift_stable": 0.0475,
    "FAR_unknown_accept": 0.0,
    "miss_drift": 0.24083333333333334
  },
  "dual_balanced": {
    "FRR_stable": 0.057499999999999996,
    "false_drift_stable": 0.0475,
    "FAR_unknown_accept": 0.0012666666666666666,
    "miss_drift": 0.31929166666666664
  },
  "confusion_matrix_single": [
    [
      2173,
      107,
      120
    ],
    [
      12407,
      5905,
      29688
    ],
    [
      1,
      145,
      29854
    ]
  ],
  "confusion_matrix_dual_conservative": [
    [
      2059,
      114,
      227
    ],
    [
      11560,
      8058,
      28382
    ],
    [
      0,
      816,
      29184
    ]
  ],
  "confusion_matrix_dual_balanced": [
    [
      2262,
      114,
      24
    ],
    [
      15326,
      8058,
      24616
    ],
    [
      38,
      816,
      29146
    ]
  ],
  "semantic_region_counts": {
    "0": 13619,
    "1": 5280,
    "2": 15633,
    "3": 38153,
    "4": 4007,
    "5": 3708
  }
}