{
  "tau_id_single": -1024.2102905273437,
  "tau_dom_single": 2263.600903320312,
  "tau_id_low": -2376.9404199218748,
  "tau_id_high": -732.610498046875,
  "tau_dom_dual": 2263.600903320312
}