{
  "train_loss": [
    0.6774815603538796,
    0.22295060334382233,
    0.08039296503972124,
    0.04352358000835887,
    0.03283880557347503,
    0.025410607298491178,
    0.01891908056654588,
    0.016606847564172415,
    0.011757370631244999,
    0.012877246797843665,
    0.012082478340232261,
    0.011454060875500242,
    0.010711090458143089,
    0.009617335589050695,
    0.007155966321523819,
    0.007582111206526558,
    0.006585708461460416,
    0.007175442278040228,
    0.0036381793738756744,
    0.004973851348471794,
    0.0065637193141608605,
    0.0061086666912564805,
    0.007681175288787387,
    0.0042468830587394125,
    0.0030270741114185916,
    0.004022084590677103,
    0.0026123909344379272,
    0.0035066429122471835,
    0.0025940576654479458,
    0.0027512152991861242,
    0.0043718855739657385,
    0.002777445085262621,
    0.001709582342516148
  ],
  "train_acc": [
    0.6844907407407408,
    0.9083333333333333,
    0.9743055555555555,
    0.9869212962962963,
    0.9902777777777778,
    0.9920138888888889,
    0.9942129629629629,
    0.9944444444444445,
    0.9967592592592592,
    0.9950231481481482,
    0.9958333333333333,
    0.9961805555555555,
    0.996875,
    0.9965277777777778,
    0.9975694444444444,
    0.9975694444444444,
    0.9979166666666667,
    0.9976851851851852,
    0.9993055555555556,
    0.9984953703703704,
    0.997337962962963,
    0.9981481481481481,
    0.9971064814814815,
    0.9987268518518518,
    0.9991898148148148,
    0.9987268518518518,
    0.9993055555555556,
    0.9989583333333333,
    0.9996527777777777,
    0.9991898148148148,
    0.9986111111111111,
    0.9994212962962963,
    0.999537037037037
  ],
  "val_loss": [
    1.7118157068888347,
    0.7049743851025899,
    0.3895428498586019,
    0.2797408620516459,
    0.14796540290117263,
    0.10336885750293731,
    0.06367123822371165,
    0.0783838669459025,
    0.057745635882019995,
    0.055471608477334185,
    0.052731970759729546,
    0.04406778278450171,
    0.02649626222749551,
    0.031071278266608715,
    0.03615503047282497,
    0.03392259071891506,
    0.03151462506502867,
    0.027789118715251485,
    0.039321886165998875,
    0.028890343538175028,
    0.021440945825694748,
    0.02940054366675516,
    0.037732079982136686,
    0.026221182593144477,
    0.02065455201664008,
    0.016417705934145488,
    0.021318746312560203,
    0.01868817812743752,
    0.018159333562167982,
    0.024655819948141772,
    0.02098812345454159,
    0.021866453510786716,
    0.02861112868001025
  ],
  "val_acc": [
    0.5375,
    0.7697916666666667,
    0.86875,
    0.890625,
    0.946875,
    0.9666666666666667,
    0.9791666666666666,
    0.9729166666666667,
    0.984375,
    0.9885416666666667,
    0.9885416666666667,
    0.984375,
    0.9916666666666667,
    0.9916666666666667,
    0.9895833333333334,
    0.990625,
    0.990625,
    0.9916666666666667,
    0.990625,
    0.9916666666666667,
    0.9947916666666666,
    0.9927083333333333,
    0.990625,
    0.99375,
    0.996875,
    0.9958333333333333,
    0.9947916666666666,
    0.996875,
    0.9958333333333333,
    0.99375,
    0.9947916666666666,
    0.9958333333333333,
    0.9958333333333333
  ]
}