{
  "fold": 1,
  "acc_in_domain": 0.99375,
  "auc_unknown": 0.9465669791666667,
  "auc_drift_rx": 0.7992150520833334,
  "auc_drift_day": 0.6156947743055556,
  "tau_id": 0.9669843524694443,
  "tau_dom": 3820.4859863281245
}