{
  "split": 4,
  "fold": 4,
  "false_drift_target": 0.2,
  "tau_id": -1.380142092704773,
  "tau_dom": 990.7975463867188,
  "tau_conf": 0.9999538660049438,
  "pseudo_acc_rx": 0.6838333333333333,
  "pseudo_acc_day": 0.86275,
  "pseudo_acc_all": 0.7285625,
  "gate_precision": 0.9465977605512489,
  "gate_recall": 0.27475,
  "gate_keep_ratio": 0.1161,
  "conf_precision": 0.9456140350877194,
  "conf_recall": 0.2695,
  "conf_keep_ratio": 0.114,
  "conf_keep_given_gate": 0.9819121447028424,
  "adapt_stream_size": 10000,
  "gate_size": 1161,
  "conf_size": 1140,
  "oracle_size": 4000,
  "NoAdapt": {
    "stable_acc": 0.9991666666666666,
    "drift_acc_rx": 0.6886666666666666,
    "drift_acc_day": 0.865,
    "drift_acc_all": 0.7768333333333334,
    "FRR_stable": 0.24124999999999996,
    "FAR_unknown_accept": 0.0,
    "miss_drift_rx": 0.08,
    "miss_drift_day": 0.215,
    "miss_drift_all": 0.1475,
    "auc_unknown_eval": 0.9963944907407408
  },
  "UngatedAdapt": {
    "stable_acc": 0.9991666666666666,
    "drift_acc_rx": 0.689,
    "drift_acc_day": 0.8716666666666667,
    "drift_acc_all": 0.7803333333333333,
    "FRR_stable": 0.29374999999999996,
    "FAR_unknown_accept": 0.0,
    "miss_drift_rx": 0.074,
    "miss_drift_day": 0.19666666666666666,
    "miss_drift_all": 0.13533333333333333,
    "auc_unknown_eval": 0.9923015740740739
  },
  "OracleGatePseudoAdapt": {
    "stable_acc": 0.9991666666666666,
    "drift_acc_rx": 0.689,
    "drift_acc_day": 0.867,
    "drift_acc_all": 0.778,
    "FRR_stable": 0.26583333333333337,
    "FAR_unknown_accept": 0.0,
    "miss_drift_rx": 0.07833333333333334,
    "miss_drift_day": 0.21066666666666667,
    "miss_drift_all": 0.1445,
    "auc_unknown_eval": 0.9926289351851852
  },
  "OracleLabelAdapt": {
    "stable_acc": 0.9995833333333334,
    "drift_acc_rx": 0.9693333333333334,
    "drift_acc_day": 0.997,
    "drift_acc_all": 0.9831666666666666,
    "FRR_stable": 0.30125,
    "FAR_unknown_accept": 0.0,
    "miss_drift_rx": 0.07066666666666667,
    "miss_drift_day": 0.162,
    "miss_drift_all": 0.11633333333333333,
    "auc_unknown_eval": 0.9903713425925926
  },
  "GatedAdapt": {
    "stable_acc": 0.9991666666666666,
    "drift_acc_rx": 0.6893333333333334,
    "drift_acc_day": 0.8646666666666667,
    "drift_acc_all": 0.777,
    "FRR_stable": 0.24124999999999996,
    "FAR_unknown_accept": 0.0,
    "miss_drift_rx": 0.08,
    "miss_drift_day": 0.21533333333333332,
    "miss_drift_all": 0.14766666666666667,
    "auc_unknown_eval": 0.996371388888889
  },
  "GatedConfAdapt": {
    "stable_acc": 0.9991666666666666,
    "drift_acc_rx": 0.689,
    "drift_acc_day": 0.8646666666666667,
    "drift_acc_all": 0.7768333333333334,
    "FRR_stable": 0.24124999999999996,
    "FAR_unknown_accept": 0.0,
    "miss_drift_rx": 0.08,
    "miss_drift_day": 0.21533333333333332,
    "miss_drift_all": 0.14766666666666667,
    "auc_unknown_eval": 0.996379074074074
  }
}