{
  "split": 4,
  "fold": 4,
  "false_drift_target": 0.1,
  "tau_id": -1.380142092704773,
  "tau_dom": 1526.305419921875,
  "tau_conf": 0.9999538660049438,
  "pseudo_acc_rx": 0.6838333333333333,
  "pseudo_acc_day": 0.86275,
  "pseudo_acc_all": 0.7285625,
  "gate_precision": 0.9294653014789533,
  "gate_recall": 0.20425,
  "gate_keep_ratio": 0.0879,
  "conf_precision": 0.9290617848970252,
  "conf_recall": 0.203,
  "conf_keep_ratio": 0.0874,
  "conf_keep_given_gate": 0.9943117178612059,
  "adapt_stream_size": 10000,
  "gate_size": 879,
  "conf_size": 874,
  "oracle_size": 4000,
  "NoAdapt": {
    "stable_acc": 0.9991666666666666,
    "drift_acc_rx": 0.6886666666666666,
    "drift_acc_day": 0.865,
    "drift_acc_all": 0.7768333333333334,
    "FRR_stable": 0.14541666666666664,
    "FAR_unknown_accept": 0.0,
    "miss_drift_rx": 0.15033333333333335,
    "miss_drift_day": 0.295,
    "miss_drift_all": 0.22266666666666668,
    "auc_unknown_eval": 0.9963944907407408
  },
  "UngatedAdapt": {
    "stable_acc": 0.9991666666666666,
    "drift_acc_rx": 0.689,
    "drift_acc_day": 0.8716666666666667,
    "drift_acc_all": 0.7803333333333333,
    "FRR_stable": 0.20875,
    "FAR_unknown_accept": 0.0,
    "miss_drift_rx": 0.13333333333333333,
    "miss_drift_day": 0.267,
    "miss_drift_all": 0.20016666666666666,
    "auc_unknown_eval": 0.9923015740740739
  },
  "OracleGatePseudoAdapt": {
    "stable_acc": 0.9991666666666666,
    "drift_acc_rx": 0.689,
    "drift_acc_day": 0.867,
    "drift_acc_all": 0.778,
    "FRR_stable": 0.17125,
    "FAR_unknown_accept": 0.0,
    "miss_drift_rx": 0.14033333333333334,
    "miss_drift_day": 0.29,
    "miss_drift_all": 0.21516666666666667,
    "auc_unknown_eval": 0.9926289351851852
  },
  "OracleLabelAdapt": {
    "stable_acc": 0.9995833333333334,
    "drift_acc_rx": 0.9693333333333334,
    "drift_acc_day": 0.997,
    "drift_acc_all": 0.9831666666666666,
    "FRR_stable": 0.21791666666666665,
    "FAR_unknown_accept": 0.0,
    "miss_drift_rx": 0.12566666666666668,
    "miss_drift_day": 0.22366666666666668,
    "miss_drift_all": 0.17466666666666666,
    "auc_unknown_eval": 0.9903713425925926
  },
  "GatedAdapt": {
    "stable_acc": 0.9991666666666666,
    "drift_acc_rx": 0.689,
    "drift_acc_day": 0.865,
    "drift_acc_all": 0.777,
    "FRR_stable": 0.14541666666666664,
    "FAR_unknown_accept": 0.0,
    "miss_drift_rx": 0.15033333333333335,
    "miss_drift_day": 0.29533333333333334,
    "miss_drift_all": 0.22283333333333333,
    "auc_unknown_eval": 0.996362361111111
  },
  "GatedConfAdapt": {
    "stable_acc": 0.9991666666666666,
    "drift_acc_rx": 0.6886666666666666,
    "drift_acc_day": 0.8646666666666667,
    "drift_acc_all": 0.7766666666666666,
    "FRR_stable": 0.14500000000000002,
    "FAR_unknown_accept": 0.0,
    "miss_drift_rx": 0.15033333333333335,
    "miss_drift_day": 0.29533333333333334,
    "miss_drift_all": 0.22283333333333333,
    "auc_unknown_eval": 0.9963687500000001
  }
}