{
  "split": 4,
  "fold": 4,
  "false_drift_target": 0.01,
  "tau_id": -1.380142092704773,
  "tau_dom": 4981.4794921875,
  "tau_conf": 0.9999538660049438,
  "pseudo_acc_rx": 0.6838333333333333,
  "pseudo_acc_day": 0.86275,
  "pseudo_acc_all": 0.7285625,
  "gate_precision": 0.7380952380952381,
  "gate_recall": 0.031,
  "gate_keep_ratio": 0.0168,
  "conf_precision": 0.7380952380952381,
  "conf_recall": 0.031,
  "conf_keep_ratio": 0.0168,
  "conf_keep_given_gate": 1.0,
  "adapt_stream_size": 10000,
  "gate_size": 168,
  "conf_size": 168,
  "oracle_size": 4000,
  "NoAdapt": {
    "stable_acc": 0.9991666666666666,
    "drift_acc_rx": 0.6886666666666666,
    "drift_acc_day": 0.865,
    "drift_acc_all": 0.7768333333333334,
    "FRR_stable": 0.05874999999999997,
    "FAR_unknown_accept": 0.001888888888888889,
    "miss_drift_rx": 0.2936666666666667,
    "miss_drift_day": 0.4846666666666667,
    "miss_drift_all": 0.38916666666666666,
    "auc_unknown_eval": 0.9963944907407408
  },
  "UngatedAdapt": {
    "stable_acc": 0.9991666666666666,
    "drift_acc_rx": 0.689,
    "drift_acc_day": 0.8716666666666667,
    "drift_acc_all": 0.7803333333333333,
    "FRR_stable": 0.12541666666666662,
    "FAR_unknown_accept": 0.0017777777777777779,
    "miss_drift_rx": 0.25833333333333336,
    "miss_drift_day": 0.45466666666666666,
    "miss_drift_all": 0.3565,
    "auc_unknown_eval": 0.9923015740740739
  },
  "OracleGatePseudoAdapt": {
    "stable_acc": 0.9991666666666666,
    "drift_acc_rx": 0.689,
    "drift_acc_day": 0.867,
    "drift_acc_all": 0.778,
    "FRR_stable": 0.08708333333333329,
    "FAR_unknown_accept": 0.0023333333333333335,
    "miss_drift_rx": 0.278,
    "miss_drift_day": 0.48033333333333333,
    "miss_drift_all": 0.37916666666666665,
    "auc_unknown_eval": 0.9926289351851852
  },
  "OracleLabelAdapt": {
    "stable_acc": 0.9995833333333334,
    "drift_acc_rx": 0.9693333333333334,
    "drift_acc_day": 0.997,
    "drift_acc_all": 0.9831666666666666,
    "FRR_stable": 0.1383333333333333,
    "FAR_unknown_accept": 0.001888888888888889,
    "miss_drift_rx": 0.25066666666666665,
    "miss_drift_day": 0.408,
    "miss_drift_all": 0.3293333333333333,
    "auc_unknown_eval": 0.9903713425925926
  },
  "GatedAdapt": {
    "stable_acc": 0.9991666666666666,
    "drift_acc_rx": 0.689,
    "drift_acc_day": 0.8653333333333333,
    "drift_acc_all": 0.7771666666666667,
    "FRR_stable": 0.05833333333333335,
    "FAR_unknown_accept": 0.001888888888888889,
    "miss_drift_rx": 0.294,
    "miss_drift_day": 0.485,
    "miss_drift_all": 0.3895,
    "auc_unknown_eval": 0.9963697222222223
  },
  "GatedConfAdapt": {
    "stable_acc": 0.9991666666666666,
    "drift_acc_rx": 0.6886666666666666,
    "drift_acc_day": 0.865,
    "drift_acc_all": 0.7768333333333334,
    "FRR_stable": 0.05874999999999997,
    "FAR_unknown_accept": 0.001888888888888889,
    "miss_drift_rx": 0.2936666666666667,
    "miss_drift_day": 0.485,
    "miss_drift_all": 0.3893333333333333,
    "auc_unknown_eval": 0.9963923611111112
  }
}