{
  "split": 4,
  "fold": 4,
  "false_drift_target": 0.05,
  "tau_id": -1.380142092704773,
  "tau_dom": 2247.541259765625,
  "tau_conf": 0.9999538660049438,
  "pseudo_acc_rx": 0.6838333333333333,
  "pseudo_acc_day": 0.86275,
  "pseudo_acc_all": 0.7285625,
  "gate_precision": 0.9022082018927445,
  "gate_recall": 0.143,
  "gate_keep_ratio": 0.0634,
  "conf_precision": 0.9018987341772152,
  "conf_recall": 0.1425,
  "conf_keep_ratio": 0.0632,
  "conf_keep_given_gate": 0.9968454258675079,
  "adapt_stream_size": 10000,
  "gate_size": 634,
  "conf_size": 632,
  "oracle_size": 4000,
  "NoAdapt": {
    "stable_acc": 0.9991666666666666,
    "drift_acc_rx": 0.6886666666666666,
    "drift_acc_day": 0.865,
    "drift_acc_all": 0.7768333333333334,
    "FRR_stable": 0.09791666666666665,
    "FAR_unknown_accept": 0.0,
    "miss_drift_rx": 0.184,
    "miss_drift_day": 0.38433333333333336,
    "miss_drift_all": 0.2841666666666667,
    "auc_unknown_eval": 0.9963944907407408
  },
  "UngatedAdapt": {
    "stable_acc": 0.9991666666666666,
    "drift_acc_rx": 0.689,
    "drift_acc_day": 0.8716666666666667,
    "drift_acc_all": 0.7803333333333333,
    "FRR_stable": 0.1645833333333333,
    "FAR_unknown_accept": 0.0,
    "miss_drift_rx": 0.16233333333333333,
    "miss_drift_day": 0.355,
    "miss_drift_all": 0.25866666666666666,
    "auc_unknown_eval": 0.9923015740740739
  },
  "OracleGatePseudoAdapt": {
    "stable_acc": 0.9991666666666666,
    "drift_acc_rx": 0.689,
    "drift_acc_day": 0.867,
    "drift_acc_all": 0.778,
    "FRR_stable": 0.12624999999999997,
    "FAR_unknown_accept": 0.0,
    "miss_drift_rx": 0.17033333333333334,
    "miss_drift_day": 0.38,
    "miss_drift_all": 0.27516666666666667,
    "auc_unknown_eval": 0.9926289351851852
  },
  "OracleLabelAdapt": {
    "stable_acc": 0.9995833333333334,
    "drift_acc_rx": 0.9693333333333334,
    "drift_acc_day": 0.997,
    "drift_acc_all": 0.9831666666666666,
    "FRR_stable": 0.1745833333333333,
    "FAR_unknown_accept": 0.0,
    "miss_drift_rx": 0.152,
    "miss_drift_day": 0.309,
    "miss_drift_all": 0.2305,
    "auc_unknown_eval": 0.9903713425925926
  },
  "GatedAdapt": {
    "stable_acc": 0.9991666666666666,
    "drift_acc_rx": 0.6893333333333334,
    "drift_acc_day": 0.8653333333333333,
    "drift_acc_all": 0.7773333333333333,
    "FRR_stable": 0.09791666666666665,
    "FAR_unknown_accept": 0.0,
    "miss_drift_rx": 0.184,
    "miss_drift_day": 0.38466666666666666,
    "miss_drift_all": 0.2843333333333333,
    "auc_unknown_eval": 0.9963616666666667
  },
  "GatedConfAdapt": {
    "stable_acc": 0.9991666666666666,
    "drift_acc_rx": 0.6886666666666666,
    "drift_acc_day": 0.8646666666666667,
    "drift_acc_all": 0.7766666666666666,
    "FRR_stable": 0.09750000000000003,
    "FAR_unknown_accept": 0.0,
    "miss_drift_rx": 0.184,
    "miss_drift_day": 0.38466666666666666,
    "miss_drift_all": 0.2843333333333333,
    "auc_unknown_eval": 0.99634625
  }
}