{
  "train_loss": [
    0.5288147943991202,
    0.17652545424155247,
    0.09618217996609064,
    0.06337991595544197,
    0.047058158689810906,
    0.03783915787360367,
    0.03260296229847971,
    0.030375740728283553,
    0.025068621528277428,
    0.02247475703580328,
    0.020828154156513422,
    0.019444083034946227,
    0.018496126121335468,
    0.016395186421024485,
    0.015161196670471978,
    0.015001914931466964,
    0.012399276536113273,
    0.013273877257561703,
    0.01296124895143518,
    0.012677662485900024,
    0.01100020847717346,
    0.010369565022281474,
    0.010237468366171981,
    0.0110783470788091,
    0.008180206308046493,
    0.009489316915961006,
    0.009856745705474169,
    0.0093271272311585,
    0.008111217033468694,
    0.00791359228048945,
    0.008329843113595551,
    0.006379432217821617,
    0.008159621001686901,
    0.00749960180507099,
    0.0063437296404578025,
    0.007568240669027062
  ],
  "train_acc": [
    0.7729938271604938,
    0.9337962962962963,
    0.9662422839506173,
    0.9779320987654321,
    0.983641975308642,
    0.986766975308642,
    0.9885416666666667,
    0.9892361111111111,
    0.9905478395061729,
    0.991550925925926,
    0.992554012345679,
    0.9929398148148149,
    0.9932098765432099,
    0.9940586419753087,
    0.9944058641975309,
    0.9946373456790123,
    0.9950617283950617,
    0.994945987654321,
    0.994945987654321,
    0.995216049382716,
    0.9961033950617284,
    0.9960262345679012,
    0.9959876543209877,
    0.9962577160493827,
    0.9973765432098766,
    0.9967592592592592,
    0.9965277777777778,
    0.9969135802469136,
    0.997337962962963,
    0.9971836419753086,
    0.9973765432098766,
    0.9978395061728395,
    0.997145061728395,
    0.997608024691358,
    0.9979938271604938,
    0.9977237654320987
  ],
  "val_loss": [
    0.4653474297788408,
    0.14652616828680037,
    0.1299034380250507,
    0.06677325893607404,
    0.05196735351863835,
    0.0334500512211687,
    0.0290973192313686,
    0.026487148015035523,
    0.035961196333583856,
    0.02231890024462094,
    0.026092796151513338,
    0.02361702335248184,
    0.015020731136448577,
    0.016200013148611307,
    0.008962016271026288,
    0.022739916292549525,
    0.020071234904591822,
    0.01525440464400971,
    0.01903089662114831,
    0.021903463733097952,
    0.013720432875884904,
    0.009199262569260706,
    0.014064093029365824,
    0.015664179224404506,
    0.00981302348615524,
    0.01591829709488795,
    0.008565762856677692,
    0.01030461434582119,
    0.008652290606793638,
    0.006565498765202291,
    0.008095490572789762,
    0.009315293854645764,
    0.015127141005036215,
    0.011762483701426794,
    0.007018461748925296,
    0.006646352279252217
  ],
  "val_acc": [
    0.8184027777777778,
    0.9510416666666667,
    0.9572916666666667,
    0.9815972222222222,
    0.9850694444444444,
    0.9899305555555555,
    0.9916666666666667,
    0.9934027777777777,
    0.9920138888888889,
    0.9930555555555556,
    0.99375,
    0.99375,
    0.9951388888888889,
    0.9951388888888889,
    0.9965277777777778,
    0.9944444444444445,
    0.99375,
    0.9951388888888889,
    0.9954861111111111,
    0.9940972222222222,
    0.9958333333333333,
    0.996875,
    0.9958333333333333,
    0.9958333333333333,
    0.996875,
    0.9965277777777778,
    0.9965277777777778,
    0.9979166666666667,
    0.9975694444444444,
    0.996875,
    0.9972222222222222,
    0.9975694444444444,
    0.9958333333333333,
    0.996875,
    0.9975694444444444,
    0.996875
  ]
}