{
  "fold": 3,
  "acc_in_domain": 0.9972222222222222,
  "auc_unknown": 0.9630315470679013,
  "auc_drift_rx": 0.6583065046296297,
  "auc_drift_day": 0.5360050520833334,
  "tau_id": 0.9727960377931595,
  "tau_dom": 1698.1787841796856
}