{
  "acc": {
    "mean": 0.9972685185185185,
    "std": 0.0009894851857327942
  },
  "auc_unknown": {
    "mean": 0.8743405005144032,
    "std": 0.0695795928668712
  },
  "auc_drRX_V0": {
    "mean": 0.7064450146604939,
    "std": 0.01862481695417131
  },
  "auc_drRX_V1": {
    "mean": 0.8661654070216048,
    "std": 0.017686604415432277
  },
  "auc_drRX_V1k": {
    "mean": 0.8327387696759256,
    "std": 0.025190427390291863
  },
  "auc_drRX_V2": {
    "mean": 0.5274335343364197,
    "std": 0.06064439181369783
  },
  "auc_drRX_V3": {
    "mean": 0.6405852812500001,
    "std": 0.029048069927839957
  },
  "auc_drDAY_V0": {
    "mean": 0.530060107510288,
    "std": 0.009566097181944169
  },
  "auc_drDAY_V1": {
    "mean": 0.7360573490226336,
    "std": 0.013610858427235513
  },
  "auc_drDAY_V1k": {
    "mean": 0.7206613236882714,
    "std": 0.01313399916630548
  },
  "auc_drDAY_V2": {
    "mean": 0.5192399741512346,
    "std": 0.0228636940550658
  },
  "auc_drDAY_V3": {
    "mean": 0.49900933937757197,
    "std": 0.018297698902511532
  }
}