{
  "train_loss": [
    0.2759908408754402,
    0.020872958756431387,
    0.01090908491363128,
    0.008530667881239896,
    0.005349794420827594,
    0.008476714363442389,
    0.004700631044667076,
    0.004212277980210881,
    0.0037374429646189564,
    0.004424162398963408,
    0.0030801172945993365,
    0.00452874190846665,
    0.0027939679336095985,
    0.0017793299646453103,
    0.0030789678132687524,
    0.0021090072543571564,
    0.0014845461198732396,
    0.002787207444769727,
    0.0019351604435575644,
    0.0021824995539780636,
    0.001518600339908584,
    0.0029374347822913142,
    0.003158006228558305,
    0.002195773557037615,
    0.002047448586004234,
    0.0017282465095545545,
    0.001335590744134539,
    0.002507483674735003,
    0.00264577214569457,
    0.003085748912471226
  ],
  "train_acc": [
    0.9072916666666667,
    0.9958333333333333,
    0.997800925925926,
    0.9981481481481481,
    0.9987268518518518,
    0.9979166666666667,
    0.9986111111111111,
    0.9986111111111111,
    0.9987268518518518,
    0.9984953703703704,
    0.9990740740740741,
    0.9984953703703704,
    0.9991898148148148,
    0.999537037037037,
    0.9988425925925926,
    0.999537037037037,
    0.9994212962962963,
    0.9987268518518518,
    0.9993055555555556,
    0.9991898148148148,
    0.9994212962962963,
    0.9988425925925926,
    0.9991898148148148,
    0.9994212962962963,
    0.9994212962962963,
    0.9993055555555556,
    0.999537037037037,
    0.9994212962962963,
    0.999537037037037,
    0.9988425925925926
  ],
  "val_loss": [
    0.686933946609497,
    0.23882147669792175,
    0.08353081618746122,
    0.040208308460811776,
    0.02653402907308191,
    0.027443711661423245,
    0.019519660683969656,
    0.014881431171670557,
    0.02518500534351915,
    0.012667454740342995,
    0.009253671238063059,
    0.0396250629487137,
    0.010067800556619962,
    0.006836013032201057,
    0.011233381705824285,
    0.005045069084007992,
    0.007854776554934991,
    0.012044300356258949,
    0.0016607132568121111,
    0.006975962551950943,
    0.004461537211197234,
    0.0005904472091970092,
    0.0025650685076470834,
    0.0004273070850710307,
    0.0013941954097996738,
    0.0007930077338338985,
    0.0007358384025186145,
    0.000587431702175915,
    0.00036672445979396193,
    0.0021499775067544153
  ],
  "val_acc": [
    0.7572916666666667,
    0.9145833333333333,
    0.9770833333333333,
    0.9916666666666667,
    0.99375,
    0.9927083333333333,
    0.9947916666666666,
    0.9958333333333333,
    0.99375,
    0.9947916666666666,
    0.9958333333333333,
    0.9885416666666667,
    0.9979166666666667,
    0.996875,
    0.9958333333333333,
    0.9979166666666667,
    0.9979166666666667,
    0.9947916666666666,
    0.9989583333333333,
    0.996875,
    0.9979166666666667,
    1.0,
    0.9979166666666667,
    1.0,
    0.9989583333333333,
    1.0,
    1.0,
    1.0,
    1.0,
    0.9989583333333333
  ]
}