{
  "split": 2,
  "fold": 4,
  "acc": 0.9991666666666666,
  "auc_unknown": {
    "cosine_proto": 0.8897935069444445,
    "MSP": 0.9084853125,
    "Energy": 0.8637290625,
    "NegEntropy": 0.9093254861111111,
    "Margin": 0.9048038541666665,
    "EmbMaha": 0.9980786111111111
  },
  "auc_drRX": {
    "V1_minDist": 0.9184405844907406,
    "V1_softminDist": 0.9184401909722223,
    "V1_mixNLL": 0.919898298611111,
    "V1_weightedMixNLL": 0.8891435821759259,
    "V0_deviceDist": 0.7531837615740741,
    "V2_rxPooledMinDist": 0.7660585474537036,
    "VZ_pca_minDist": 0.8226001388888888
  },
  "auc_drDAY": {
    "V1_minDist": 0.8170591666666667,
    "V1_softminDist": 0.817058298611111,
    "V1_mixNLL": 0.8198850347222222,
    "V1_weightedMixNLL": 0.8012627951388889,
    "V0_deviceDist": 0.5701319097222222,
    "V2_rxPooledMinDist": 0.609889236111111,
    "VZ_pca_minDist": 0.6353548437500001
  }
}