{
  "train_loss": [
    0.4203342329020853,
    0.04870701149381973,
    0.02495081564411521,
    0.014874421644748913,
    0.012007461855601934,
    0.012947687161741434,
    0.011518767741681249,
    0.008523351568901152,
    0.00931579252463524,
    0.007072527912290146,
    0.005870985951602321,
    0.00706026168729834,
    0.004883967684495642,
    0.004066749484735299,
    0.004297109873732552
  ],
  "train_acc": [
    0.8299768518518519,
    0.9886574074074074,
    0.9943287037037037,
    0.9967592592592592,
    0.9971064814814815,
    0.9967592592592592,
    0.996875,
    0.9976851851851852,
    0.9972222222222222,
    0.9982638888888888,
    0.9980324074074074,
    0.997800925925926,
    0.9984953703703704,
    0.9988425925925926,
    0.9980324074074074
  ],
  "val_loss": [
    0.650889927148819,
    0.0636885625620683,
    0.026501056117316086,
    0.02098567069818576,
    0.016787517567475638,
    0.008488284517079591,
    0.0026268842824113867,
    0.0018618304243621727,
    0.0012024304635512332,
    0.0021349847161521514,
    0.002129394318520402,
    0.0009024379968953629,
    0.0003047271360022326,
    0.0005546263189899036,
    0.0006452461694910501
  ],
  "val_acc": [
    0.746875,
    0.9791666666666666,
    0.9927083333333333,
    0.9947916666666666,
    0.996875,
    0.996875,
    1.0,
    1.0,
    1.0,
    0.9989583333333333,
    1.0,
    1.0,
    1.0,
    1.0,
    1.0
  ]
}