{
  "split": 1,
  "fold": 2,
  "acc": 0.9970833333333333,
  "auc_unknown": 0.824574236111111,
  "auc_drift_rx": 0.9456310937499999,
  "auc_drift_day": 0.8590075868055556,
  "tau_id": -0.977853000164032,
  "tau_dom": 2441.925537109375,
  "FRR_stable": 0.09583333333333333,
  "false_drift_stable": 0.04583333333333333,
  "FAR_unknown_accept": 0.3918,
  "miss_drift": 0.1495,
  "confusion_matrix": [
    [
      2170,
      110,
      120
    ],
    [
      7176,
      7398,
      33426
    ],
    [
      11754,
      10435,
      7811
    ]
  ]
}