{
  "tau_id": -0.977853000164032,
  "tau_dom": 2441.925537109375
}