{
  "split": 5,
  "fold": 1,
  "false_drift_target": 0.01,
  "tau_id": -1.4826698303222656,
  "tau_dom": 5460.41943359375,
  "tau_conf": 0.9937669634819031,
  "pseudo_acc_rx": 0.5902777777777778,
  "pseudo_acc_day": 0.6776666666666666,
  "pseudo_acc_all": 0.612125,
  "gate_precision": 0.21987120515179392,
  "gate_recall": 0.05975,
  "gate_keep_ratio": 0.1087,
  "conf_precision": 0.21987120515179392,
  "conf_recall": 0.05975,
  "conf_keep_ratio": 0.1087,
  "conf_keep_given_gate": 1.0,
  "adapt_stream_size": 10000,
  "gate_size": 1087,
  "conf_size": 1087,
  "oracle_size": 4000,
  "NoAdapt": {
    "stable_acc": 0.9975,
    "drift_acc_rx": 0.5866666666666667,
    "drift_acc_day": 0.6763333333333333,
    "drift_acc_all": 0.6315,
    "FRR_stable": 0.057499999999999996,
    "FAR_unknown_accept": 0.6886666666666666,
    "miss_drift_rx": 0.17166666666666666,
    "miss_drift_day": 0.459,
    "miss_drift_all": 0.31533333333333335,
    "auc_unknown_eval": 0.650951898148148
  },
  "UngatedAdapt": {
    "stable_acc": 0.9975,
    "drift_acc_rx": 0.5873333333333334,
    "drift_acc_day": 0.6803333333333333,
    "drift_acc_all": 0.6338333333333334,
    "FRR_stable": 0.07250000000000001,
    "FAR_unknown_accept": 0.5605555555555556,
    "miss_drift_rx": 0.172,
    "miss_drift_day": 0.45,
    "miss_drift_all": 0.311,
    "auc_unknown_eval": 0.8266565740740741
  },
  "OracleGatePseudoAdapt": {
    "stable_acc": 0.9975,
    "drift_acc_rx": 0.589,
    "drift_acc_day": 0.6893333333333334,
    "drift_acc_all": 0.6391666666666667,
    "FRR_stable": 0.10791666666666666,
    "FAR_unknown_accept": 0.43866666666666665,
    "miss_drift_rx": 0.18433333333333332,
    "miss_drift_day": 0.44133333333333336,
    "miss_drift_all": 0.31283333333333335,
    "auc_unknown_eval": 0.7655890740740741
  },
  "OracleLabelAdapt": {
    "stable_acc": 0.9975,
    "drift_acc_rx": 0.9083333333333333,
    "drift_acc_day": 0.9933333333333333,
    "drift_acc_all": 0.9508333333333333,
    "FRR_stable": 0.40125,
    "FAR_unknown_accept": 0.00011111111111111112,
    "miss_drift_rx": 0.028333333333333332,
    "miss_drift_day": 0.17,
    "miss_drift_all": 0.09916666666666667,
    "auc_unknown_eval": 0.9158306712962964
  },
  "GatedAdapt": {
    "stable_acc": 0.9975,
    "drift_acc_rx": 0.6156666666666667,
    "drift_acc_day": 0.7486666666666667,
    "drift_acc_all": 0.6821666666666667,
    "FRR_stable": 0.046666666666666634,
    "FAR_unknown_accept": 0.6872222222222222,
    "miss_drift_rx": 0.185,
    "miss_drift_day": 0.463,
    "miss_drift_all": 0.324,
    "auc_unknown_eval": 0.6777142592592593
  },
  "GatedConfAdapt": {
    "stable_acc": 0.9975,
    "drift_acc_rx": 0.6176666666666667,
    "drift_acc_day": 0.745,
    "drift_acc_all": 0.6813333333333333,
    "FRR_stable": 0.050416666666666665,
    "FAR_unknown_accept": 0.6824444444444444,
    "miss_drift_rx": 0.18733333333333332,
    "miss_drift_day": 0.4633333333333333,
    "miss_drift_all": 0.3253333333333333,
    "auc_unknown_eval": 0.7548720138888889
  }
}