{
  "split": 5,
  "fold": 1,
  "false_drift_target": 0.2,
  "tau_id": -1.4826698303222656,
  "tau_dom": 1162.374267578125,
  "tau_conf": 0.9937669634819031,
  "pseudo_acc_rx": 0.5902777777777778,
  "pseudo_acc_day": 0.6776666666666666,
  "pseudo_acc_all": 0.612125,
  "gate_precision": 0.20838015732862417,
  "gate_recall": 0.3245,
  "gate_keep_ratio": 0.6229,
  "conf_precision": 0.20628019323671498,
  "conf_recall": 0.32025,
  "conf_keep_ratio": 0.621,
  "conf_keep_given_gate": 0.9969497511639107,
  "adapt_stream_size": 10000,
  "gate_size": 6229,
  "conf_size": 6210,
  "oracle_size": 4000,
  "NoAdapt": {
    "stable_acc": 0.9975,
    "drift_acc_rx": 0.5866666666666667,
    "drift_acc_day": 0.6763333333333333,
    "drift_acc_all": 0.6315,
    "FRR_stable": 0.23791666666666667,
    "FAR_unknown_accept": 0.0034444444444444444,
    "miss_drift_rx": 0.019333333333333334,
    "miss_drift_day": 0.10033333333333333,
    "miss_drift_all": 0.059833333333333336,
    "auc_unknown_eval": 0.650951898148148
  },
  "UngatedAdapt": {
    "stable_acc": 0.9975,
    "drift_acc_rx": 0.5873333333333334,
    "drift_acc_day": 0.6803333333333333,
    "drift_acc_all": 0.6338333333333334,
    "FRR_stable": 0.2520833333333333,
    "FAR_unknown_accept": 0.0032222222222222222,
    "miss_drift_rx": 0.02033333333333333,
    "miss_drift_day": 0.098,
    "miss_drift_all": 0.059166666666666666,
    "auc_unknown_eval": 0.8266565740740741
  },
  "OracleGatePseudoAdapt": {
    "stable_acc": 0.9975,
    "drift_acc_rx": 0.589,
    "drift_acc_day": 0.6893333333333334,
    "drift_acc_all": 0.6391666666666667,
    "FRR_stable": 0.27875000000000005,
    "FAR_unknown_accept": 0.0025555555555555557,
    "miss_drift_rx": 0.025,
    "miss_drift_day": 0.102,
    "miss_drift_all": 0.0635,
    "auc_unknown_eval": 0.7655890740740741
  },
  "OracleLabelAdapt": {
    "stable_acc": 0.9975,
    "drift_acc_rx": 0.9083333333333333,
    "drift_acc_day": 0.9933333333333333,
    "drift_acc_all": 0.9508333333333333,
    "FRR_stable": 0.4970833333333333,
    "FAR_unknown_accept": 0.0,
    "miss_drift_rx": 0.0026666666666666666,
    "miss_drift_day": 0.025,
    "miss_drift_all": 0.013833333333333333,
    "auc_unknown_eval": 0.9158306712962964
  },
  "GatedAdapt": {
    "stable_acc": 0.9979166666666667,
    "drift_acc_rx": 0.6173333333333333,
    "drift_acc_day": 0.7436666666666667,
    "drift_acc_all": 0.6805,
    "FRR_stable": 0.22916666666666663,
    "FAR_unknown_accept": 0.0034444444444444444,
    "miss_drift_rx": 0.025333333333333333,
    "miss_drift_day": 0.10866666666666666,
    "miss_drift_all": 0.067,
    "auc_unknown_eval": 0.6575439351851853
  },
  "GatedConfAdapt": {
    "stable_acc": 0.9975,
    "drift_acc_rx": 0.618,
    "drift_acc_day": 0.743,
    "drift_acc_all": 0.6805,
    "FRR_stable": 0.22750000000000004,
    "FAR_unknown_accept": 0.0034444444444444444,
    "miss_drift_rx": 0.025,
    "miss_drift_day": 0.10833333333333334,
    "miss_drift_all": 0.06666666666666667,
    "auc_unknown_eval": 0.673884861111111
  }
}