{
  "split": 5,
  "fold": 1,
  "false_drift_target": 0.1,
  "tau_id": -1.4826698303222656,
  "tau_dom": 1822.3973388671875,
  "tau_conf": 0.9937669634819031,
  "pseudo_acc_rx": 0.5902777777777778,
  "pseudo_acc_day": 0.6776666666666666,
  "pseudo_acc_all": 0.612125,
  "gate_precision": 0.15608740894901144,
  "gate_recall": 0.225,
  "gate_keep_ratio": 0.5766,
  "conf_precision": 0.15614156835530882,
  "conf_recall": 0.225,
  "conf_keep_ratio": 0.5764,
  "conf_keep_given_gate": 0.9996531390912244,
  "adapt_stream_size": 10000,
  "gate_size": 5766,
  "conf_size": 5764,
  "oracle_size": 4000,
  "NoAdapt": {
    "stable_acc": 0.9975,
    "drift_acc_rx": 0.5866666666666667,
    "drift_acc_day": 0.6763333333333333,
    "drift_acc_all": 0.6315,
    "FRR_stable": 0.14166666666666672,
    "FAR_unknown_accept": 0.014333333333333333,
    "miss_drift_rx": 0.052333333333333336,
    "miss_drift_day": 0.272,
    "miss_drift_all": 0.16216666666666665,
    "auc_unknown_eval": 0.650951898148148
  },
  "UngatedAdapt": {
    "stable_acc": 0.9975,
    "drift_acc_rx": 0.5873333333333334,
    "drift_acc_day": 0.6803333333333333,
    "drift_acc_all": 0.6338333333333334,
    "FRR_stable": 0.15666666666666662,
    "FAR_unknown_accept": 0.013444444444444445,
    "miss_drift_rx": 0.05466666666666667,
    "miss_drift_day": 0.265,
    "miss_drift_all": 0.15983333333333333,
    "auc_unknown_eval": 0.8266565740740741
  },
  "OracleGatePseudoAdapt": {
    "stable_acc": 0.9975,
    "drift_acc_rx": 0.589,
    "drift_acc_day": 0.6893333333333334,
    "drift_acc_all": 0.6391666666666667,
    "FRR_stable": 0.18833333333333335,
    "FAR_unknown_accept": 0.012444444444444444,
    "miss_drift_rx": 0.06833333333333333,
    "miss_drift_day": 0.25833333333333336,
    "miss_drift_all": 0.16333333333333333,
    "auc_unknown_eval": 0.7655890740740741
  },
  "OracleLabelAdapt": {
    "stable_acc": 0.9975,
    "drift_acc_rx": 0.9083333333333333,
    "drift_acc_day": 0.9933333333333333,
    "drift_acc_all": 0.9508333333333333,
    "FRR_stable": 0.45333333333333337,
    "FAR_unknown_accept": 0.0,
    "miss_drift_rx": 0.007333333333333333,
    "miss_drift_day": 0.051666666666666666,
    "miss_drift_all": 0.0295,
    "auc_unknown_eval": 0.9158306712962964
  },
  "GatedAdapt": {
    "stable_acc": 0.9975,
    "drift_acc_rx": 0.6166666666666667,
    "drift_acc_day": 0.7483333333333333,
    "drift_acc_all": 0.6825,
    "FRR_stable": 0.13208333333333333,
    "FAR_unknown_accept": 0.014333333333333333,
    "miss_drift_rx": 0.06733333333333333,
    "miss_drift_day": 0.2793333333333333,
    "miss_drift_all": 0.17333333333333334,
    "auc_unknown_eval": 0.6755313194444444
  },
  "GatedConfAdapt": {
    "stable_acc": 0.9979166666666667,
    "drift_acc_rx": 0.617,
    "drift_acc_day": 0.7416666666666667,
    "drift_acc_all": 0.6793333333333333,
    "FRR_stable": 0.1316666666666667,
    "FAR_unknown_accept": 0.014333333333333333,
    "miss_drift_rx": 0.066,
    "miss_drift_day": 0.28,
    "miss_drift_all": 0.173,
    "auc_unknown_eval": 0.6563642592592593
  }
}