{
  "split": 5,
  "fold": 1,
  "false_drift_target": 0.05,
  "tau_id": -1.4826698303222656,
  "tau_dom": 2587.501953125,
  "tau_conf": 0.9937669634819031,
  "pseudo_acc_rx": 0.5902777777777778,
  "pseudo_acc_day": 0.6776666666666666,
  "pseudo_acc_all": 0.612125,
  "gate_precision": 0.13161963664476228,
  "gate_recall": 0.17025,
  "gate_keep_ratio": 0.5174,
  "conf_precision": 0.1316705336426914,
  "conf_recall": 0.17025,
  "conf_keep_ratio": 0.5172,
  "conf_keep_given_gate": 0.9996134518747584,
  "adapt_stream_size": 10000,
  "gate_size": 5174,
  "conf_size": 5172,
  "oracle_size": 4000,
  "NoAdapt": {
    "stable_acc": 0.9975,
    "drift_acc_rx": 0.5866666666666667,
    "drift_acc_day": 0.6763333333333333,
    "drift_acc_all": 0.6315,
    "FRR_stable": 0.09250000000000003,
    "FAR_unknown_accept": 0.07988888888888888,
    "miss_drift_rx": 0.088,
    "miss_drift_day": 0.3463333333333333,
    "miss_drift_all": 0.21716666666666667,
    "auc_unknown_eval": 0.650951898148148
  },
  "UngatedAdapt": {
    "stable_acc": 0.9975,
    "drift_acc_rx": 0.5873333333333334,
    "drift_acc_day": 0.6803333333333333,
    "drift_acc_all": 0.6338333333333334,
    "FRR_stable": 0.10750000000000004,
    "FAR_unknown_accept": 0.06577777777777778,
    "miss_drift_rx": 0.08966666666666667,
    "miss_drift_day": 0.3383333333333333,
    "miss_drift_all": 0.214,
    "auc_unknown_eval": 0.8266565740740741
  },
  "OracleGatePseudoAdapt": {
    "stable_acc": 0.9975,
    "drift_acc_rx": 0.589,
    "drift_acc_day": 0.6893333333333334,
    "drift_acc_all": 0.6391666666666667,
    "FRR_stable": 0.14,
    "FAR_unknown_accept": 0.04844444444444444,
    "miss_drift_rx": 0.105,
    "miss_drift_day": 0.3293333333333333,
    "miss_drift_all": 0.21716666666666667,
    "auc_unknown_eval": 0.7655890740740741
  },
  "OracleLabelAdapt": {
    "stable_acc": 0.9975,
    "drift_acc_rx": 0.9083333333333333,
    "drift_acc_day": 0.9933333333333333,
    "drift_acc_all": 0.9508333333333333,
    "FRR_stable": 0.42500000000000004,
    "FAR_unknown_accept": 0.0,
    "miss_drift_rx": 0.015666666666666666,
    "miss_drift_day": 0.08333333333333333,
    "miss_drift_all": 0.0495,
    "auc_unknown_eval": 0.9158306712962964
  },
  "GatedAdapt": {
    "stable_acc": 0.9975,
    "drift_acc_rx": 0.6196666666666667,
    "drift_acc_day": 0.751,
    "drift_acc_all": 0.6853333333333333,
    "FRR_stable": 0.08166666666666667,
    "FAR_unknown_accept": 0.07977777777777778,
    "miss_drift_rx": 0.104,
    "miss_drift_day": 0.3536666666666667,
    "miss_drift_all": 0.22883333333333333,
    "auc_unknown_eval": 0.672892638888889
  },
  "GatedConfAdapt": {
    "stable_acc": 0.9975,
    "drift_acc_rx": 0.6136666666666667,
    "drift_acc_day": 0.7426666666666667,
    "drift_acc_all": 0.6781666666666667,
    "FRR_stable": 0.08291666666666664,
    "FAR_unknown_accept": 0.07977777777777778,
    "miss_drift_rx": 0.103,
    "miss_drift_day": 0.3536666666666667,
    "miss_drift_all": 0.22833333333333333,
    "auc_unknown_eval": 0.653489513888889
  }
}