{
  "split": 1,
  "fold": 3,
  "tau_id": -1.2414583146572113,
  "tau_dom": 2609.7748413085933,
  "tau_conf": 0.9966495096683502,
  "pseudo_acc_rx": 0.567,
  "pseudo_acc_day": 0.621,
  "pseudo_acc_all": 0.594,
  "gate_precision": 0.13017384105960264,
  "gate_recall": 0.15725,
  "gate_keep_ratio": 0.4832,
  "conf_precision": 0.13020078658662804,
  "conf_recall": 0.15725,
  "conf_keep_ratio": 0.4831,
  "conf_keep_given_gate": 0.9997930463576159,
  "adapt_stream_size": 10000,
  "gate_size": 4832,
  "conf_size": 4831,
  "oracle_size": 4000,
  "NoAdapt": {
    "stable_acc": 0.9991666666666666,
    "drift_acc_rx": 0.567,
    "drift_acc_day": 0.621,
    "drift_acc_all": 0.594,
    "FRR_stable": 0.09499999999999997,
    "FAR_unknown_accept": 0.1507777777777778,
    "miss_drift_rx": 0.11266666666666666,
    "miss_drift_day": 0.35433333333333333,
    "miss_drift_all": 0.2335,
    "auc_unknown_eval": 0.6660019907407407
  },
  "UngatedAdapt": {
    "stable_acc": 0.9983333333333333,
    "drift_acc_rx": 0.5696666666666667,
    "drift_acc_day": 0.6223333333333333,
    "drift_acc_all": 0.596,
    "FRR_stable": 0.10791666666666666,
    "FAR_unknown_accept": 0.14888888888888888,
    "miss_drift_rx": 0.09333333333333334,
    "miss_drift_day": 0.33366666666666667,
    "miss_drift_all": 0.2135,
    "auc_unknown_eval": 0.7153766666666668
  },
  "GatedAdapt": {
    "stable_acc": 0.99875,
    "drift_acc_rx": 0.6106666666666667,
    "drift_acc_day": 0.7263333333333334,
    "drift_acc_all": 0.6685,
    "FRR_stable": 0.09083333333333332,
    "FAR_unknown_accept": 0.15088888888888888,
    "miss_drift_rx": 0.11366666666666667,
    "miss_drift_day": 0.361,
    "miss_drift_all": 0.23733333333333334,
    "auc_unknown_eval": 0.6784038657407407
  },
  "GatedConfAdapt": {
    "stable_acc": 0.99875,
    "drift_acc_rx": 0.6136666666666667,
    "drift_acc_day": 0.7326666666666667,
    "drift_acc_all": 0.6731666666666667,
    "FRR_stable": 0.09125000000000005,
    "FAR_unknown_accept": 0.15088888888888888,
    "miss_drift_rx": 0.11333333333333333,
    "miss_drift_day": 0.361,
    "miss_drift_all": 0.23716666666666666,
    "auc_unknown_eval": 0.6846730092592593
  },
  "OracleGatePseudoAdapt": {
    "stable_acc": 0.99875,
    "drift_acc_rx": 0.566,
    "drift_acc_day": 0.6123333333333333,
    "drift_acc_all": 0.5891666666666666,
    "FRR_stable": 0.15874999999999995,
    "FAR_unknown_accept": 0.13555555555555557,
    "miss_drift_rx": 0.09033333333333333,
    "miss_drift_day": 0.272,
    "miss_drift_all": 0.18116666666666667,
    "auc_unknown_eval": 0.7051860185185186
  },
  "OracleLabelAdapt": {
    "stable_acc": 0.99625,
    "drift_acc_rx": 0.9053333333333333,
    "drift_acc_day": 0.9856666666666667,
    "drift_acc_all": 0.9455,
    "FRR_stable": 0.3933333333333333,
    "FAR_unknown_accept": 0.0,
    "miss_drift_rx": 0.054,
    "miss_drift_day": 0.08833333333333333,
    "miss_drift_all": 0.07116666666666667,
    "auc_unknown_eval": 0.8873121064814816
  }
}