{
  "split": 2,
  "fold": 5,
  "tau_id": -1.2607562839984892,
  "tau_dom": 2276.9149658203064,
  "tau_conf": 0.9997575163841248,
  "pseudo_acc_rx": 0.6786666666666666,
  "pseudo_acc_day": 0.655,
  "pseudo_acc_all": 0.6668333333333333,
  "gate_precision": 0.9431988041853513,
  "gate_recall": 0.15775,
  "gate_keep_ratio": 0.0669,
  "conf_precision": 0.9443609022556391,
  "conf_recall": 0.157,
  "conf_keep_ratio": 0.0665,
  "conf_keep_given_gate": 0.9940209267563528,
  "adapt_stream_size": 10000,
  "gate_size": 669,
  "conf_size": 665,
  "oracle_size": 4000,
  "NoAdapt": {
    "stable_acc": 0.9975,
    "drift_acc_rx": 0.6786666666666666,
    "drift_acc_day": 0.655,
    "drift_acc_all": 0.6668333333333333,
    "FRR_stable": 0.09458333333333335,
    "FAR_unknown_accept": 0.0,
    "miss_drift_rx": 0.24866666666666667,
    "miss_drift_day": 0.401,
    "miss_drift_all": 0.3248333333333333,
    "auc_unknown_eval": 0.9959359722222223
  },
  "UngatedAdapt": {
    "stable_acc": 0.9979166666666667,
    "drift_acc_rx": 0.6836666666666666,
    "drift_acc_day": 0.655,
    "drift_acc_all": 0.6693333333333333,
    "FRR_stable": 0.15916666666666668,
    "FAR_unknown_accept": 0.0,
    "miss_drift_rx": 0.22,
    "miss_drift_day": 0.3506666666666667,
    "miss_drift_all": 0.2853333333333333,
    "auc_unknown_eval": 0.9947185185185184
  },
  "GatedAdapt": {
    "stable_acc": 0.9975,
    "drift_acc_rx": 0.7156666666666667,
    "drift_acc_day": 0.793,
    "drift_acc_all": 0.7543333333333333,
    "FRR_stable": 0.09333333333333338,
    "FAR_unknown_accept": 0.0,
    "miss_drift_rx": 0.25266666666666665,
    "miss_drift_day": 0.4043333333333333,
    "miss_drift_all": 0.3285,
    "auc_unknown_eval": 0.9969876388888889
  },
  "GatedConfAdapt": {
    "stable_acc": 0.9975,
    "drift_acc_rx": 0.717,
    "drift_acc_day": 0.7983333333333333,
    "drift_acc_all": 0.7576666666666667,
    "FRR_stable": 0.09416666666666662,
    "FAR_unknown_accept": 0.0,
    "miss_drift_rx": 0.25266666666666665,
    "miss_drift_day": 0.4066666666666667,
    "miss_drift_all": 0.32966666666666666,
    "auc_unknown_eval": 0.9969320833333334
  },
  "OracleGatePseudoAdapt": {
    "stable_acc": 0.9975,
    "drift_acc_rx": 0.681,
    "drift_acc_day": 0.6533333333333333,
    "drift_acc_all": 0.6671666666666667,
    "FRR_stable": 0.12708333333333333,
    "FAR_unknown_accept": 0.0,
    "miss_drift_rx": 0.223,
    "miss_drift_day": 0.373,
    "miss_drift_all": 0.298,
    "auc_unknown_eval": 0.9933610648148149
  },
  "OracleLabelAdapt": {
    "stable_acc": 0.99875,
    "drift_acc_rx": 0.974,
    "drift_acc_day": 0.9993333333333333,
    "drift_acc_all": 0.9866666666666667,
    "FRR_stable": 0.23291666666666666,
    "FAR_unknown_accept": 0.0,
    "miss_drift_rx": 0.14366666666666666,
    "miss_drift_day": 0.27066666666666667,
    "miss_drift_all": 0.20716666666666667,
    "auc_unknown_eval": 0.9971362499999998
  }
}