{
  "split": 1,
  "fold": 3,
  "tau_id": -1.1039784967899322,
  "tau_dom": 2662.6999877929675,
  "thr_precision": 0.12614259597806216,
  "thr_recall": 0.138,
  "thr_keep_ratio": 0.4376,
  "topq_precision": 0.17909635274904737,
  "topq_recall": 0.08225,
  "topq_keep_ratio": 0.1837,
  "adapt_stream_size": 10000,
  "thr_size": 4376,
  "topq_size": 1837,
  "oracle_size": 4000,
  "NoAdapt": {
    "stable_acc": 0.9970833333333333,
    "drift_acc_rx": 0.5286666666666666,
    "drift_acc_day": 0.6293333333333333,
    "drift_acc_all": 0.579,
    "FRR_stable": 0.09333333333333338,
    "FAR_unknown_accept": 0.16566666666666666,
    "miss_drift_rx": 0.07233333333333333,
    "miss_drift_day": 0.31733333333333336,
    "miss_drift_all": 0.19483333333333333,
    "auc_unknown_eval": 0.8568827777777779
  },
  "UngatedAdapt": {
    "stable_acc": 0.9983333333333333,
    "drift_acc_rx": 0.5226666666666666,
    "drift_acc_day": 0.6206666666666667,
    "drift_acc_all": 0.5716666666666667,
    "FRR_stable": 0.10166666666666668,
    "FAR_unknown_accept": 0.15511111111111112,
    "miss_drift_rx": 0.079,
    "miss_drift_day": 0.3243333333333333,
    "miss_drift_all": 0.20166666666666666,
    "auc_unknown_eval": 0.8760064583333332
  },
  "GatedAdapt": {
    "stable_acc": 0.99875,
    "drift_acc_rx": 0.541,
    "drift_acc_day": 0.634,
    "drift_acc_all": 0.5875,
    "FRR_stable": 0.08999999999999997,
    "FAR_unknown_accept": 0.1658888888888889,
    "miss_drift_rx": 0.07466666666666667,
    "miss_drift_day": 0.32033333333333336,
    "miss_drift_all": 0.1975,
    "auc_unknown_eval": 0.8581099074074072
  },
  "GatedTopQAdapt": {
    "stable_acc": 0.9983333333333333,
    "drift_acc_rx": 0.5356666666666666,
    "drift_acc_day": 0.6323333333333333,
    "drift_acc_all": 0.584,
    "FRR_stable": 0.09083333333333332,
    "FAR_unknown_accept": 0.166,
    "miss_drift_rx": 0.07433333333333333,
    "miss_drift_day": 0.31966666666666665,
    "miss_drift_all": 0.197,
    "auc_unknown_eval": 0.8564911574074074
  },
  "OracleGateAdapt": {
    "stable_acc": 0.9983333333333333,
    "drift_acc_rx": 0.5203333333333333,
    "drift_acc_day": 0.6213333333333333,
    "drift_acc_all": 0.5708333333333333,
    "FRR_stable": 0.0920833333333333,
    "FAR_unknown_accept": 0.16533333333333333,
    "miss_drift_rx": 0.07766666666666666,
    "miss_drift_day": 0.32233333333333336,
    "miss_drift_all": 0.2,
    "auc_unknown_eval": 0.8610005555555555
  }
}