{
  "train_loss": [
    0.8681965165668064,
    0.36641348401705426,
    0.1784567270014021,
    0.044031867653959327,
    0.026140139376123746,
    0.02001297143805358,
    0.01745897171398004,
    0.011958436253998015,
    0.011227600442038643,
    0.009804541172666683,
    0.011537280435570412,
    0.007959131218699945,
    0.006976085637385647,
    0.007039088088398178,
    0.005446761215312614,
    0.005147011844544775,
    0.004406784242019057,
    0.003813411298000978,
    0.005541588754082719,
    0.004034727242671781,
    0.0041551112779416146,
    0.00388327964529809,
    0.0020599592451213135,
    0.0014336486269409458,
    0.003608494506786681,
    0.0018601530677794169,
    0.0015725297465299566,
    0.0037017109234713844,
    0.0018795228058782717
  ],
  "train_acc": [
    0.5930555555555556,
    0.86875,
    0.9357638888888888,
    0.9892361111111111,
    0.9954861111111111,
    0.9958333333333333,
    0.9951388888888889,
    0.9975694444444444,
    0.9979166666666667,
    0.9965277777777778,
    0.996875,
    0.9986111111111111,
    0.9975694444444444,
    0.9982638888888888,
    0.9982638888888888,
    0.9986111111111111,
    0.9986111111111111,
    0.9996527777777777,
    0.9989583333333333,
    0.9989583333333333,
    0.9993055555555556,
    0.9989583333333333,
    0.9996527777777777,
    0.9996527777777777,
    0.9989583333333333,
    0.9993055555555556,
    0.9996527777777777,
    0.9986111111111111,
    0.9996527777777777
  ],
  "val_loss": [
    3.672648239135742,
    3.703461742401123,
    1.8522178649902343,
    1.2200759649276733,
    1.0874145030975342,
    0.7264992713928222,
    0.504981529712677,
    0.4286242961883545,
    0.272173810005188,
    0.3946556329727173,
    0.2727073132991791,
    0.2661401808261871,
    0.18156087398529053,
    0.237906014919281,
    0.1954858899116516,
    0.15193515419960021,
    0.0691895067691803,
    0.08824055194854737,
    0.05917806327342987,
    0.051277025043964385,
    0.02579979635775089,
    0.0336729921400547,
    0.04882783591747284,
    0.052145850658416745,
    0.014562689512968064,
    0.06937939524650574,
    0.05994822680950165,
    0.052439674735069275,
    0.03049985468387604
  ],
  "val_acc": [
    0.23125,
    0.3625,
    0.553125,
    0.70625,
    0.7125,
    0.75625,
    0.815625,
    0.865625,
    0.90625,
    0.88125,
    0.90625,
    0.903125,
    0.91875,
    0.915625,
    0.915625,
    0.928125,
    0.98125,
    0.9625,
    0.990625,
    0.99375,
    0.996875,
    0.996875,
    0.990625,
    0.990625,
    0.996875,
    0.984375,
    0.9875,
    0.9875,
    0.996875
  ]
}