{
  "fold": 4,
  "acc_in_domain": 0.9925,
  "auc_unknown": 0.9597396874999999,
  "auc_drift_rx": 0.9935346590909092,
  "auc_drift_day": 0.9226053125,
  "tau_id": 0.9562466740608215,
  "tau_dom": 6427.09716796875
}