{
  "split": 5,
  "fold": 5,
  "false_drift_target": 0.05,
  "tau_id": -1.1925400495529175,
  "tau_dom": 2626.60791015625,
  "tau_conf": 0.9968953132629395,
  "pseudo_acc_rx": 0.5790277777777778,
  "pseudo_acc_day": 0.7240833333333333,
  "pseudo_acc_all": 0.6152916666666667,
  "gate_precision": 0.21649110061750818,
  "gate_recall": 0.149,
  "gate_keep_ratio": 0.2753,
  "conf_precision": 0.21649110061750818,
  "conf_recall": 0.149,
  "conf_keep_ratio": 0.2753,
  "conf_keep_given_gate": 1.0,
  "adapt_stream_size": 10000,
  "gate_size": 2753,
  "conf_size": 2753,
  "oracle_size": 4000,
  "NoAdapt": {
    "stable_acc": 0.9983333333333333,
    "drift_acc_rx": 0.5863333333333334,
    "drift_acc_day": 0.7263333333333334,
    "drift_acc_all": 0.6563333333333333,
    "FRR_stable": 0.09375,
    "FAR_unknown_accept": 0.4912222222222222,
    "miss_drift_rx": 0.092,
    "miss_drift_day": 0.3423333333333333,
    "miss_drift_all": 0.21716666666666667,
    "auc_unknown_eval": 0.6778226157407408
  },
  "UngatedAdapt": {
    "stable_acc": 0.9983333333333333,
    "drift_acc_rx": 0.5806666666666667,
    "drift_acc_day": 0.723,
    "drift_acc_all": 0.6518333333333334,
    "FRR_stable": 0.10750000000000004,
    "FAR_unknown_accept": 0.48544444444444446,
    "miss_drift_rx": 0.086,
    "miss_drift_day": 0.31733333333333336,
    "miss_drift_all": 0.20166666666666666,
    "auc_unknown_eval": 0.6087022685185186
  },
  "OracleGatePseudoAdapt": {
    "stable_acc": 0.9983333333333333,
    "drift_acc_rx": 0.5826666666666667,
    "drift_acc_day": 0.7296666666666667,
    "drift_acc_all": 0.6561666666666667,
    "FRR_stable": 0.1166666666666667,
    "FAR_unknown_accept": 0.47955555555555557,
    "miss_drift_rx": 0.081,
    "miss_drift_day": 0.30933333333333335,
    "miss_drift_all": 0.19516666666666665,
    "auc_unknown_eval": 0.670105787037037
  },
  "OracleLabelAdapt": {
    "stable_acc": 0.9983333333333333,
    "drift_acc_rx": 0.9096666666666666,
    "drift_acc_day": 0.9933333333333333,
    "drift_acc_all": 0.9515,
    "FRR_stable": 0.38,
    "FAR_unknown_accept": 0.0,
    "miss_drift_rx": 0.024666666666666667,
    "miss_drift_day": 0.10533333333333333,
    "miss_drift_all": 0.065,
    "auc_unknown_eval": 0.9240550925925924
  },
  "GatedAdapt": {
    "stable_acc": 0.9983333333333333,
    "drift_acc_rx": 0.642,
    "drift_acc_day": 0.7706666666666667,
    "drift_acc_all": 0.7063333333333334,
    "FRR_stable": 0.09291666666666665,
    "FAR_unknown_accept": 0.491,
    "miss_drift_rx": 0.09266666666666666,
    "miss_drift_day": 0.346,
    "miss_drift_all": 0.21933333333333332,
    "auc_unknown_eval": 0.7006328703703705
  },
  "GatedConfAdapt": {
    "stable_acc": 0.9983333333333333,
    "drift_acc_rx": 0.6486666666666666,
    "drift_acc_day": 0.7726666666666666,
    "drift_acc_all": 0.7106666666666667,
    "FRR_stable": 0.09333333333333338,
    "FAR_unknown_accept": 0.491,
    "miss_drift_rx": 0.093,
    "miss_drift_day": 0.345,
    "miss_drift_all": 0.219,
    "auc_unknown_eval": 0.7303926157407408
  }
}