{
  "split": 5,
  "fold": 5,
  "false_drift_target": 0.2,
  "tau_id": -1.1925400495529175,
  "tau_dom": 1140.7813720703125,
  "tau_conf": 0.9968953132629395,
  "pseudo_acc_rx": 0.5790277777777778,
  "pseudo_acc_day": 0.7240833333333333,
  "pseudo_acc_all": 0.6152916666666667,
  "gate_precision": 0.1998658618376928,
  "gate_recall": 0.298,
  "gate_keep_ratio": 0.5964,
  "conf_precision": 0.1991944957207585,
  "conf_recall": 0.29675,
  "conf_keep_ratio": 0.5959,
  "conf_keep_given_gate": 0.9991616364855801,
  "adapt_stream_size": 10000,
  "gate_size": 5964,
  "conf_size": 5959,
  "oracle_size": 4000,
  "NoAdapt": {
    "stable_acc": 0.9983333333333333,
    "drift_acc_rx": 0.5863333333333334,
    "drift_acc_day": 0.7263333333333334,
    "drift_acc_all": 0.6563333333333333,
    "FRR_stable": 0.23750000000000004,
    "FAR_unknown_accept": 0.05511111111111111,
    "miss_drift_rx": 0.008333333333333333,
    "miss_drift_day": 0.128,
    "miss_drift_all": 0.06816666666666667,
    "auc_unknown_eval": 0.6778226157407408
  },
  "UngatedAdapt": {
    "stable_acc": 0.9983333333333333,
    "drift_acc_rx": 0.5806666666666667,
    "drift_acc_day": 0.723,
    "drift_acc_all": 0.6518333333333334,
    "FRR_stable": 0.2466666666666667,
    "FAR_unknown_accept": 0.05488888888888889,
    "miss_drift_rx": 0.007666666666666666,
    "miss_drift_day": 0.114,
    "miss_drift_all": 0.060833333333333336,
    "auc_unknown_eval": 0.6087022685185186
  },
  "OracleGatePseudoAdapt": {
    "stable_acc": 0.9983333333333333,
    "drift_acc_rx": 0.5826666666666667,
    "drift_acc_day": 0.7296666666666667,
    "drift_acc_all": 0.6561666666666667,
    "FRR_stable": 0.2533333333333333,
    "FAR_unknown_accept": 0.054,
    "miss_drift_rx": 0.0033333333333333335,
    "miss_drift_day": 0.09933333333333333,
    "miss_drift_all": 0.051333333333333335,
    "auc_unknown_eval": 0.670105787037037
  },
  "OracleLabelAdapt": {
    "stable_acc": 0.9983333333333333,
    "drift_acc_rx": 0.9096666666666666,
    "drift_acc_day": 0.9933333333333333,
    "drift_acc_all": 0.9515,
    "FRR_stable": 0.45666666666666667,
    "FAR_unknown_accept": 0.0,
    "miss_drift_rx": 0.004333333333333333,
    "miss_drift_day": 0.019,
    "miss_drift_all": 0.011666666666666667,
    "auc_unknown_eval": 0.9240550925925924
  },
  "GatedAdapt": {
    "stable_acc": 0.9983333333333333,
    "drift_acc_rx": 0.648,
    "drift_acc_day": 0.7753333333333333,
    "drift_acc_all": 0.7116666666666667,
    "FRR_stable": 0.23750000000000004,
    "FAR_unknown_accept": 0.05511111111111111,
    "miss_drift_rx": 0.008666666666666666,
    "miss_drift_day": 0.12933333333333333,
    "miss_drift_all": 0.069,
    "auc_unknown_eval": 0.7185177546296296
  },
  "GatedConfAdapt": {
    "stable_acc": 0.9983333333333333,
    "drift_acc_rx": 0.6423333333333333,
    "drift_acc_day": 0.773,
    "drift_acc_all": 0.7076666666666667,
    "FRR_stable": 0.2370833333333333,
    "FAR_unknown_accept": 0.05511111111111111,
    "miss_drift_rx": 0.008666666666666666,
    "miss_drift_day": 0.13166666666666665,
    "miss_drift_all": 0.07016666666666667,
    "auc_unknown_eval": 0.6885642592592593
  }
}