{
  "split": 5,
  "fold": 5,
  "false_drift_target": 0.1,
  "tau_id": -1.1925400495529175,
  "tau_dom": 1906.3966064453125,
  "tau_conf": 0.9968953132629395,
  "pseudo_acc_rx": 0.5790277777777778,
  "pseudo_acc_day": 0.7240833333333333,
  "pseudo_acc_all": 0.6152916666666667,
  "gate_precision": 0.18218442256042972,
  "gate_recall": 0.2035,
  "gate_keep_ratio": 0.4468,
  "conf_precision": 0.18218442256042972,
  "conf_recall": 0.2035,
  "conf_keep_ratio": 0.4468,
  "conf_keep_given_gate": 1.0,
  "adapt_stream_size": 10000,
  "gate_size": 4468,
  "conf_size": 4468,
  "oracle_size": 4000,
  "NoAdapt": {
    "stable_acc": 0.9983333333333333,
    "drift_acc_rx": 0.5863333333333334,
    "drift_acc_day": 0.7263333333333334,
    "drift_acc_all": 0.6563333333333333,
    "FRR_stable": 0.14083333333333337,
    "FAR_unknown_accept": 0.25355555555555553,
    "miss_drift_rx": 0.03666666666666667,
    "miss_drift_day": 0.287,
    "miss_drift_all": 0.16183333333333333,
    "auc_unknown_eval": 0.6778226157407408
  },
  "UngatedAdapt": {
    "stable_acc": 0.9983333333333333,
    "drift_acc_rx": 0.5806666666666667,
    "drift_acc_day": 0.723,
    "drift_acc_all": 0.6518333333333334,
    "FRR_stable": 0.1529166666666667,
    "FAR_unknown_accept": 0.24833333333333332,
    "miss_drift_rx": 0.034666666666666665,
    "miss_drift_day": 0.266,
    "miss_drift_all": 0.15033333333333335,
    "auc_unknown_eval": 0.6087022685185186
  },
  "OracleGatePseudoAdapt": {
    "stable_acc": 0.9983333333333333,
    "drift_acc_rx": 0.5826666666666667,
    "drift_acc_day": 0.7296666666666667,
    "drift_acc_all": 0.6561666666666667,
    "FRR_stable": 0.16083333333333338,
    "FAR_unknown_accept": 0.24266666666666667,
    "miss_drift_rx": 0.027333333333333334,
    "miss_drift_day": 0.25466666666666665,
    "miss_drift_all": 0.141,
    "auc_unknown_eval": 0.670105787037037
  },
  "OracleLabelAdapt": {
    "stable_acc": 0.9983333333333333,
    "drift_acc_rx": 0.9096666666666666,
    "drift_acc_day": 0.9933333333333333,
    "drift_acc_all": 0.9515,
    "FRR_stable": 0.41041666666666665,
    "FAR_unknown_accept": 0.0,
    "miss_drift_rx": 0.009333333333333334,
    "miss_drift_day": 0.072,
    "miss_drift_all": 0.04066666666666666,
    "auc_unknown_eval": 0.9240550925925924
  },
  "GatedAdapt": {
    "stable_acc": 0.9983333333333333,
    "drift_acc_rx": 0.6443333333333333,
    "drift_acc_day": 0.775,
    "drift_acc_all": 0.7096666666666667,
    "FRR_stable": 0.14041666666666663,
    "FAR_unknown_accept": 0.25322222222222224,
    "miss_drift_rx": 0.037333333333333336,
    "miss_drift_day": 0.2906666666666667,
    "miss_drift_all": 0.164,
    "auc_unknown_eval": 0.6914183796296297
  },
  "GatedConfAdapt": {
    "stable_acc": 0.9983333333333333,
    "drift_acc_rx": 0.6433333333333333,
    "drift_acc_day": 0.772,
    "drift_acc_all": 0.7076666666666667,
    "FRR_stable": 0.14,
    "FAR_unknown_accept": 0.25322222222222224,
    "miss_drift_rx": 0.037333333333333336,
    "miss_drift_day": 0.2906666666666667,
    "miss_drift_all": 0.164,
    "auc_unknown_eval": 0.6948325925925924
  }
}