{
  "split": 5,
  "fold": 5,
  "false_drift_target": 0.01,
  "tau_id": -1.1925400495529175,
  "tau_dom": 5337.44970703125,
  "tau_conf": 0.9968953132629395,
  "pseudo_acc_rx": 0.5790277777777778,
  "pseudo_acc_day": 0.7240833333333333,
  "pseudo_acc_all": 0.6152916666666667,
  "gate_precision": 0.20955882352941177,
  "gate_recall": 0.057,
  "gate_keep_ratio": 0.1088,
  "conf_precision": 0.20955882352941177,
  "conf_recall": 0.057,
  "conf_keep_ratio": 0.1088,
  "conf_keep_given_gate": 1.0,
  "adapt_stream_size": 10000,
  "gate_size": 1088,
  "conf_size": 1088,
  "oracle_size": 4000,
  "NoAdapt": {
    "stable_acc": 0.9983333333333333,
    "drift_acc_rx": 0.5863333333333334,
    "drift_acc_day": 0.7263333333333334,
    "drift_acc_all": 0.6563333333333333,
    "FRR_stable": 0.05833333333333335,
    "FAR_unknown_accept": 0.7062222222222222,
    "miss_drift_rx": 0.17633333333333334,
    "miss_drift_day": 0.463,
    "miss_drift_all": 0.31966666666666665,
    "auc_unknown_eval": 0.6778226157407408
  },
  "UngatedAdapt": {
    "stable_acc": 0.9983333333333333,
    "drift_acc_rx": 0.5806666666666667,
    "drift_acc_day": 0.723,
    "drift_acc_all": 0.6518333333333334,
    "FRR_stable": 0.07374999999999998,
    "FAR_unknown_accept": 0.6928888888888889,
    "miss_drift_rx": 0.15933333333333333,
    "miss_drift_day": 0.43433333333333335,
    "miss_drift_all": 0.29683333333333334,
    "auc_unknown_eval": 0.6087022685185186
  },
  "OracleGatePseudoAdapt": {
    "stable_acc": 0.9983333333333333,
    "drift_acc_rx": 0.5826666666666667,
    "drift_acc_day": 0.7296666666666667,
    "drift_acc_all": 0.6561666666666667,
    "FRR_stable": 0.08125000000000004,
    "FAR_unknown_accept": 0.6845555555555556,
    "miss_drift_rx": 0.15866666666666668,
    "miss_drift_day": 0.43,
    "miss_drift_all": 0.29433333333333334,
    "auc_unknown_eval": 0.670105787037037
  },
  "OracleLabelAdapt": {
    "stable_acc": 0.9983333333333333,
    "drift_acc_rx": 0.9096666666666666,
    "drift_acc_day": 0.9933333333333333,
    "drift_acc_all": 0.9515,
    "FRR_stable": 0.355,
    "FAR_unknown_accept": 0.0,
    "miss_drift_rx": 0.048,
    "miss_drift_day": 0.207,
    "miss_drift_all": 0.1275,
    "auc_unknown_eval": 0.9240550925925924
  },
  "GatedAdapt": {
    "stable_acc": 0.9983333333333333,
    "drift_acc_rx": 0.639,
    "drift_acc_day": 0.7686666666666667,
    "drift_acc_all": 0.7038333333333333,
    "FRR_stable": 0.0591666666666667,
    "FAR_unknown_accept": 0.7047777777777777,
    "miss_drift_rx": 0.173,
    "miss_drift_day": 0.465,
    "miss_drift_all": 0.319,
    "auc_unknown_eval": 0.7326956018518519
  },
  "GatedConfAdapt": {
    "stable_acc": 0.9983333333333333,
    "drift_acc_rx": 0.6393333333333333,
    "drift_acc_day": 0.765,
    "drift_acc_all": 0.7021666666666667,
    "FRR_stable": 0.05958333333333332,
    "FAR_unknown_accept": 0.7035555555555556,
    "miss_drift_rx": 0.174,
    "miss_drift_day": 0.4666666666666667,
    "miss_drift_all": 0.32033333333333336,
    "auc_unknown_eval": 0.6986676388888888
  }
}