{
  "split": 5,
  "fold": 2,
  "tau_id": -1.1066996276378631,
  "tau_dom": 2594.7411743164034,
  "thr_precision": 0.2563492063492063,
  "thr_recall": 0.1615,
  "thr_keep_ratio": 0.252,
  "topq_precision": 0.2590775269872424,
  "topq_recall": 0.132,
  "topq_keep_ratio": 0.2038,
  "adapt_stream_size": 10000,
  "thr_size": 2520,
  "topq_size": 2038,
  "oracle_size": 4000,
  "NoAdapt": {
    "stable_acc": 0.9983333333333333,
    "drift_acc_rx": 0.5023333333333333,
    "drift_acc_day": 0.6643333333333333,
    "drift_acc_all": 0.5833333333333334,
    "FRR_stable": 0.09375,
    "FAR_unknown_accept": 0.5617777777777778,
    "miss_drift_rx": 0.119,
    "miss_drift_day": 0.321,
    "miss_drift_all": 0.22,
    "auc_unknown_eval": 0.5582067129629629
  },
  "UngatedAdapt": {
    "stable_acc": 0.9983333333333333,
    "drift_acc_rx": 0.49833333333333335,
    "drift_acc_day": 0.6666666666666666,
    "drift_acc_all": 0.5825,
    "FRR_stable": 0.08625000000000005,
    "FAR_unknown_accept": 0.5602222222222222,
    "miss_drift_rx": 0.11866666666666667,
    "miss_drift_day": 0.33066666666666666,
    "miss_drift_all": 0.22466666666666665,
    "auc_unknown_eval": 0.6281030092592592
  },
  "GatedAdapt": {
    "stable_acc": 0.99875,
    "drift_acc_rx": 0.5153333333333333,
    "drift_acc_day": 0.671,
    "drift_acc_all": 0.5931666666666666,
    "FRR_stable": 0.08916666666666662,
    "FAR_unknown_accept": 0.5598888888888889,
    "miss_drift_rx": 0.115,
    "miss_drift_day": 0.32666666666666666,
    "miss_drift_all": 0.22083333333333333,
    "auc_unknown_eval": 0.6047698148148148
  },
  "GatedTopQAdapt": {
    "stable_acc": 0.99875,
    "drift_acc_rx": 0.513,
    "drift_acc_day": 0.6686666666666666,
    "drift_acc_all": 0.5908333333333333,
    "FRR_stable": 0.08875,
    "FAR_unknown_accept": 0.5607777777777778,
    "miss_drift_rx": 0.11566666666666667,
    "miss_drift_day": 0.32766666666666666,
    "miss_drift_all": 0.22166666666666668,
    "auc_unknown_eval": 0.5864856481481482
  },
  "OracleGateAdapt": {
    "stable_acc": 0.99875,
    "drift_acc_rx": 0.501,
    "drift_acc_day": 0.664,
    "drift_acc_all": 0.5825,
    "FRR_stable": 0.08791666666666664,
    "FAR_unknown_accept": 0.5625555555555556,
    "miss_drift_rx": 0.12166666666666667,
    "miss_drift_day": 0.3363333333333333,
    "miss_drift_all": 0.229,
    "auc_unknown_eval": 0.5579265509259259
  }
}