{
  "tau_id": {
    "mean": -1.3422429931163784,
    "std": 0.20477931888855977
  },
  "tau_dom": {
    "mean": 2366.3819445800755,
    "std": 280.5865659677483
  },
  "gate_precision": {
    "mean": 0.5628660881187457,
    "std": 0.2862457004374773
  },
  "gate_recall": {
    "mean": 0.14609,
    "std": 0.017834640450538945
  },
  "gate_keep_ratio": {
    "mean": 0.150692,
    "std": 0.10442357940618584
  },
  "variants": {
    "NoAdapt": {
      "stable_acc": {
        "mean": 0.9973666666666666,
        "std": 0.0010718623460542354
      },
      "drift_acc_rx": {
        "mean": 0.59808,
        "std": 0.048641571612036645
      },
      "drift_acc_day": {
        "mean": 0.7278800000000001,
        "std": 0.08376967788724828
      },
      "drift_acc_all": {
        "mean": 0.66298,
        "std": 0.056004450616793745
      },
      "FRR_stable": {
        "mean": 0.09491666666666668,
        "std": 0.0020949675149960923
      },
      "FAR_unknown_accept": {
        "mean": 0.1574088888888889,
        "std": 0.21327106665369527
      },
      "miss_drift_rx": {
        "mean": 0.15850666666666668,
        "std": 0.052177911035226385
      },
      "miss_drift_day": {
        "mean": 0.37912000000000007,
        "std": 0.061233605878544255
      },
      "miss_drift_all": {
        "mean": 0.26881333333333335,
        "std": 0.05238813097130557
      },
      "auc_unknown_eval": {
        "mean": 0.8801291083333332,
        "std": 0.15522627304676354
      }
    },
    "UngatedAdapt": {
      "stable_acc": {
        "mean": 0.9975499999999998,
        "std": 0.0009882644720249005
      },
      "drift_acc_rx": {
        "mean": 0.5967333333333333,
        "std": 0.04949522984872156
      },
      "drift_acc_day": {
        "mean": 0.7296266666666665,
        "std": 0.08558615256635335
      },
      "drift_acc_all": {
        "mean": 0.66318,
        "std": 0.057454076733799604
      },
      "FRR_stable": {
        "mean": 0.09136666666666667,
        "std": 0.004486894496444298
      },
      "FAR_unknown_accept": {
        "mean": 0.1479822222222222,
        "std": 0.20559591118574388
      },
      "miss_drift_rx": {
        "mean": 0.16038666666666665,
        "std": 0.05123511642960866
      },
      "miss_drift_day": {
        "mean": 0.3866400000000001,
        "std": 0.05934635961876684
      },
      "miss_drift_all": {
        "mean": 0.27351333333333333,
        "std": 0.05120049739341731
      },
      "auc_unknown_eval": {
        "mean": 0.8869102601851852,
        "std": 0.14916439470508966
      }
    },
    "GatedAdapt": {
      "stable_acc": {
        "mean": 0.9976666666666665,
        "std": 0.0010671873729054852
      },
      "drift_acc_rx": {
        "mean": 0.6050666666666666,
        "std": 0.05008162226694427
      },
      "drift_acc_day": {
        "mean": 0.7397466666666668,
        "std": 0.0790631410118942
      },
      "drift_acc_all": {
        "mean": 0.6724066666666667,
        "std": 0.05438758191597295
      },
      "FRR_stable": {
        "mean": 0.09175000000000001,
        "std": 0.0034176827757349836
      },
      "FAR_unknown_accept": {
        "mean": 0.15808,
        "std": 0.21334115383813704
      },
      "miss_drift_rx": {
        "mean": 0.15969333333333333,
        "std": 0.05202913030216823
      },
      "miss_drift_day": {
        "mean": 0.3836,
        "std": 0.06232367126541889
      },
      "miss_drift_all": {
        "mean": 0.27164666666666665,
        "std": 0.05265536418806519
      },
      "auc_unknown_eval": {
        "mean": 0.8818367120370371,
        "std": 0.15205005153937845
      }
    },
    "OracleGateAdapt": {
      "stable_acc": {
        "mean": 0.9973666666666666,
        "std": 0.0010783217413081283
      },
      "drift_acc_rx": {
        "mean": 0.5971066666666667,
        "std": 0.050121782357241317
      },
      "drift_acc_day": {
        "mean": 0.7292000000000001,
        "std": 0.08729123667356307
      },
      "drift_acc_all": {
        "mean": 0.6631533333333333,
        "std": 0.05854646625639425
      },
      "FRR_stable": {
        "mean": 0.09330000000000002,
        "std": 0.005399228339926619
      },
      "FAR_unknown_accept": {
        "mean": 0.15619555555555556,
        "std": 0.2119453814570812
      },
      "miss_drift_rx": {
        "mean": 0.16014666666666666,
        "std": 0.05119280157730512
      },
      "miss_drift_day": {
        "mean": 0.3877333333333333,
        "std": 0.061748450272951075
      },
      "miss_drift_all": {
        "mean": 0.27394,
        "std": 0.05195309594025921
      },
      "auc_unknown_eval": {
        "mean": 0.8794545509259258,
        "std": 0.15758223436658375
      }
    }
  }
}