{
  "train_loss": [
    0.29411723318475264,
    0.02007368755078426,
    0.010349326706663877,
    0.008716836525127291,
    0.007038607569066463,
    0.005107037563532315,
    0.00496192901628092,
    0.004712996415845636,
    0.004317695954469619,
    0.003341534260781137,
    0.0034957711856501796,
    0.0022707619387397748,
    0.0032783064488925177,
    0.00326800152715468,
    0.0030801975894805596,
    0.00282504026782354,
    0.0022840861148088827,
    0.002068136844038101,
    0.0013295898396151003,
    0.0022718159955628734,
    0.002693821476013572,
    0.0024243375373771414,
    0.001243945564999228,
    0.0018198498428790588,
    0.002281790771370719,
    0.0014228295571498434,
    0.0021961934199444606
  ],
  "train_acc": [
    0.8892361111111111,
    0.9965277777777778,
    0.9975694444444444,
    0.9975694444444444,
    0.9983796296296297,
    0.9984953703703704,
    0.9986111111111111,
    0.9988425925925926,
    0.9983796296296297,
    0.9988425925925926,
    0.9988425925925926,
    0.9991898148148148,
    0.9989583333333333,
    0.9987268518518518,
    0.9989583333333333,
    0.9989583333333333,
    0.9993055555555556,
    0.9994212962962963,
    0.9997685185185186,
    0.9996527777777777,
    0.9990740740740741,
    0.9990740740740741,
    0.9994212962962963,
    0.9993055555555556,
    0.9990740740740741,
    0.9996527777777777,
    0.9991898148148148
  ],
  "val_loss": [
    0.7467041134834289,
    0.3197137256463369,
    0.18630043764909107,
    0.10551107327143351,
    0.06490677644809087,
    0.042639670645197233,
    0.07132417894899845,
    0.010283680500773091,
    0.038485199492424724,
    0.03153501643488805,
    0.010377410531509668,
    0.006461533634380127,
    0.010720680382413169,
    0.004732663502606252,
    0.008752714927929143,
    0.00193144918885082,
    0.0026486249863713358,
    0.003129446496798967,
    0.00026865781862094685,
    0.003616627517233913,
    0.0017883563103775182,
    0.0018217390058756185,
    7.103193474904401e-05,
    0.0001439925671244661,
    0.00014389546546832814,
    0.001124505343614146,
    0.00023818635575783748
  ],
  "val_acc": [
    0.759375,
    0.88125,
    0.93125,
    0.959375,
    0.975,
    0.9854166666666667,
    0.9791666666666666,
    0.9947916666666666,
    0.9875,
    0.9875,
    0.996875,
    0.9979166666666667,
    0.9958333333333333,
    0.9989583333333333,
    0.996875,
    0.9989583333333333,
    0.9989583333333333,
    0.9979166666666667,
    1.0,
    0.9979166666666667,
    1.0,
    1.0,
    1.0,
    1.0,
    1.0,
    1.0,
    1.0
  ]
}