{
  "split": 4,
  "fold": 1,
  "acc": 0.9975,
  "auc_unknown": 0.9961421527777778,
  "auc_drift_rx": 0.9101953819444444,
  "auc_drift_day": 0.8026878298611111,
  "tau_id": -1.1071122884750366,
  "tau_dom": 2271.51123046875,
  "FRR_stable": 0.09499999999999997,
  "false_drift_stable": 0.045,
  "FAR_unknown_accept": 0.0001,
  "miss_drift": 0.21891666666666668,
  "confusion_matrix": [
    [
      2172,
      108,
      120
    ],
    [
      10508,
      6403,
      31089
    ],
    [
      3,
      142,
      29855
    ]
  ]
}