{
  "tau_id": -1.1071122884750366,
  "tau_dom": 2271.51123046875
}