{
  "train_loss": [
    0.6624058696958753,
    0.18651178462637796,
    0.07187337188257112,
    0.04235344790612106,
    0.02457442766883307,
    0.024531075054848635,
    0.020236593997105957,
    0.016080811242055564,
    0.014510310410211483,
    0.010849381133017165,
    0.01080324074374167,
    0.010821044258773328,
    0.0089250056831925,
    0.008584288083861961,
    0.006394757403716169,
    0.006152076412561453,
    0.006176029340174325,
    0.0055476231379779405,
    0.005217022657032228,
    0.00789583087252039,
    0.004362124252603045,
    0.007043949258082581,
    0.0034617346797690346,
    0.0038633255898107397,
    0.002935623946271975,
    0.004565846154474895
  ],
  "train_acc": [
    0.7170138888888888,
    0.921875,
    0.9738425925925925,
    0.9862268518518519,
    0.9920138888888889,
    0.9918981481481481,
    0.9936342592592593,
    0.9944444444444445,
    0.9959490740740741,
    0.9962962962962963,
    0.9962962962962963,
    0.9974537037037037,
    0.996875,
    0.997337962962963,
    0.997800925925926,
    0.997800925925926,
    0.9980324074074074,
    0.9983796296296297,
    0.9980324074074074,
    0.997337962962963,
    0.9989583333333333,
    0.9980324074074074,
    0.9986111111111111,
    0.9988425925925926,
    0.9993055555555556,
    0.9986111111111111
  ],
  "val_loss": [
    0.6226721962292989,
    0.25310612420241035,
    0.0794813133776188,
    0.07767872388164203,
    0.056240672369798024,
    0.04223815215130647,
    0.04916531437387069,
    0.029965158660585682,
    0.030718108701209227,
    0.03705773216982682,
    0.022183059078330795,
    0.026450015402709446,
    0.014897032693261281,
    0.022822757166189454,
    0.01946885069871011,
    0.018019592160514245,
    0.027364626825631906,
    0.014331998781805548,
    0.011137426722901486,
    0.014889753054982672,
    0.018936047514822956,
    0.012420393223874272,
    0.008231498233847863,
    0.018081564601743594,
    0.007558724413199039,
    0.008954190088843461
  ],
  "val_acc": [
    0.75,
    0.8989583333333333,
    0.9802083333333333,
    0.98125,
    0.9875,
    0.9885416666666667,
    0.990625,
    0.9916666666666667,
    0.9927083333333333,
    0.9927083333333333,
    0.99375,
    0.99375,
    0.996875,
    0.9958333333333333,
    0.996875,
    0.9947916666666666,
    0.9958333333333333,
    0.9979166666666667,
    0.9979166666666667,
    0.996875,
    0.9947916666666666,
    0.996875,
    0.996875,
    0.996875,
    0.9979166666666667,
    0.9979166666666667
  ]
}