{
  "split": 10,
  "fold": 4,
  "acc": 0.995,
  "auc_unknown": 0.9987756250000001,
  "auc_drift_rx": 0.9267310532407407,
  "auc_drift_day": 0.82860765625,
  "tau_id": -1.1185160875320435,
  "tau_dom": 2540.52001953125,
  "FRR_stable": 0.09083333333333332,
  "false_drift_stable": 0.04083333333333333,
  "FAR_unknown_accept": 0.0,
  "miss_drift": 0.27970833333333334,
  "confusion_matrix": [
    [
      2182,
      98,
      120
    ],
    [
      13426,
      7794,
      26780
    ],
    [
      0,
      164,
      29836
    ]
  ]
}