{
  "tau_id": -1.1185160875320435,
  "tau_dom": 2540.52001953125
}