{
  "split": 5,
  "fold": 3,
  "acc": 0.9970833333333333,
  "auc_drift_rx": 0.9525432407407407,
  "auc_drift_day": 0.8627544965277778,
  "tau_dom": 2455.906994628906,
  "sid_results": {
    "EmbMaha": {
      "tau_id": -1033.849169921875,
      "auc_unknown": 0.6491170138888889,
      "FRR_stable": 0.09499999999999997,
      "false_drift_stable": 0.045,
      "FAR_unknown_accept": 0.3686,
      "miss_drift": 0.16410416666666666,
      "confusion_matrix": [
        [
          2172,
          108,
          120
        ],
        [
          7877,
          6467,
          33656
        ],
        [
          11058,
          10848,
          8094
        ]
      ]
    },
    "Energy": {
      "tau_id": 5.7139829158782955,
      "auc_unknown": 0.7211760416666666,
      "FRR_stable": 0.09583333333333333,
      "false_drift_stable": 0.04583333333333333,
      "FAR_unknown_accept": 0.3981,
      "miss_drift": 0.22139583333333332,
      "confusion_matrix": [
        [
          2170,
          110,
          120
        ],
        [
          10627,
          17047,
          20326
        ],
        [
          11943,
          15303,
          2754
        ]
      ]
    },
    "Fusion_lam0.25": {
      "tau_id": -1.1243118286132812,
      "auc_unknown": 0.6937053472222222,
      "FRR_stable": 0.09499999999999997,
      "false_drift_stable": 0.045,
      "FAR_unknown_accept": 0.36823333333333336,
      "miss_drift": 0.1533125,
      "confusion_matrix": [
        [
          2172,
          108,
          120
        ],
        [
          7359,
          6748,
          33893
        ],
        [
          11047,
          10759,
          8194
        ]
      ]
    },
    "Fusion_lam0.5": {
      "tau_id": -1.5578899085521698,
      "auc_unknown": 0.7131453472222222,
      "FRR_stable": 0.09499999999999997,
      "false_drift_stable": 0.045,
      "FAR_unknown_accept": 0.3703666666666667,
      "miss_drift": 0.15427083333333333,
      "confusion_matrix": [
        [
          2172,
          108,
          120
        ],
        [
          7405,
          7292,
          33303
        ],
        [
          11111,
          11143,
          7746
        ]
      ]
    },
    "Fusion_lam1.0": {
      "tau_id": -2.5122275710105897,
      "auc_unknown": 0.7341686805555555,
      "FRR_stable": 0.09499999999999997,
      "false_drift_stable": 0.045,
      "FAR_unknown_accept": 0.37453333333333333,
      "miss_drift": 0.16079166666666667,
      "confusion_matrix": [
        [
          2172,
          108,
          120
        ],
        [
          7718,
          8233,
          32049
        ],
        [
          11236,
          11821,
          6943
        ]
      ]
    },
    "Fusion_lam1.5": {
      "tau_id": -3.468585252761841,
      "auc_unknown": 0.7387847916666667,
      "FRR_stable": 0.09499999999999997,
      "false_drift_stable": 0.045,
      "FAR_unknown_accept": 0.3769,
      "miss_drift": 0.17047916666666665,
      "confusion_matrix": [
        [
          2172,
          108,
          120
        ],
        [
          8183,
          8969,
          30848
        ],
        [
          11307,
          12352,
          6341
        ]
      ]
    },
    "Fusion_lam2.0": {
      "tau_id": -4.290928363800049,
      "auc_unknown": 0.7396368055555554,
      "FRR_stable": 0.09499999999999997,
      "false_drift_stable": 0.045,
      "FAR_unknown_accept": 0.3778666666666667,
      "miss_drift": 0.17435416666666667,
      "confusion_matrix": [
        [
          2172,
          108,
          120
        ],
        [
          8369,
          9446,
          30185
        ],
        [
          11336,
          12599,
          6065
        ]
      ]
    }
  },
  "best_sid": "Fusion_lam2.0"
}