{
  "split": 10,
  "fold": 4,
  "acc": 0.99375,
  "auc_drift_rx": 0.9270471469907406,
  "auc_drift_day": 0.8513951041666666,
  "tau_dom": 2489.039587402343,
  "sid_results": {
    "EmbMaha": {
      "tau_id": -985.4903411865234,
      "auc_unknown": 0.9990520833333334,
      "FRR_stable": 0.09375,
      "false_drift_stable": 0.04375,
      "FAR_unknown_accept": 0.0,
      "miss_drift": 0.2735416666666667,
      "confusion_matrix": [
        [
          2175,
          105,
          120
        ],
        [
          13130,
          7498,
          27372
        ],
        [
          0,
          8,
          29992
        ]
      ]
    },
    "Energy": {
      "tau_id": 7.5539089918136595,
      "auc_unknown": 0.9961461805555556,
      "FRR_stable": 0.09250000000000003,
      "false_drift_stable": 0.0425,
      "FAR_unknown_accept": 0.005633333333333333,
      "miss_drift": 0.3071875,
      "confusion_matrix": [
        [
          2178,
          102,
          120
        ],
        [
          14745,
          13205,
          20050
        ],
        [
          169,
          3477,
          26354
        ]
      ]
    },
    "Fusion_lam0.25": {
      "tau_id": -1.126307886838913,
      "auc_unknown": 0.9991375694444444,
      "FRR_stable": 0.09250000000000003,
      "false_drift_stable": 0.0425,
      "FAR_unknown_accept": 0.0,
      "miss_drift": 0.2718333333333333,
      "confusion_matrix": [
        [
          2178,
          102,
          120
        ],
        [
          13048,
          7687,
          27265
        ],
        [
          0,
          7,
          29993
        ]
      ]
    },
    "Fusion_lam0.5": {
      "tau_id": -1.3757181286811828,
      "auc_unknown": 0.9992084722222222,
      "FRR_stable": 0.0920833333333333,
      "false_drift_stable": 0.042083333333333334,
      "FAR_unknown_accept": 0.0,
      "miss_drift": 0.2733125,
      "confusion_matrix": [
        [
          2179,
          101,
          120
        ],
        [
          13119,
          7917,
          26964
        ],
        [
          0,
          7,
          29993
        ]
      ]
    },
    "Fusion_lam1.0": {
      "tau_id": -1.9050854325294495,
      "auc_unknown": 0.999304861111111,
      "FRR_stable": 0.0920833333333333,
      "false_drift_stable": 0.042083333333333334,
      "FAR_unknown_accept": 0.0,
      "miss_drift": 0.27616666666666667,
      "confusion_matrix": [
        [
          2179,
          101,
          120
        ],
        [
          13256,
          8351,
          26393
        ],
        [
          0,
          54,
          29946
        ]
      ]
    },
    "Fusion_lam1.5": {
      "tau_id": -2.469004952907562,
      "auc_unknown": 0.9993496527777778,
      "FRR_stable": 0.0920833333333333,
      "false_drift_stable": 0.042083333333333334,
      "FAR_unknown_accept": 0.0,
      "miss_drift": 0.27902083333333333,
      "confusion_matrix": [
        [
          2179,
          101,
          120
        ],
        [
          13393,
          8743,
          25864
        ],
        [
          0,
          328,
          29672
        ]
      ]
    },
    "Fusion_lam2.0": {
      "tau_id": -3.155815041065216,
      "auc_unknown": 0.999357986111111,
      "FRR_stable": 0.09291666666666665,
      "false_drift_stable": 0.042916666666666665,
      "FAR_unknown_accept": 0.0,
      "miss_drift": 0.283,
      "confusion_matrix": [
        [
          2177,
          103,
          120
        ],
        [
          13584,
          9181,
          25235
        ],
        [
          0,
          724,
          29276
        ]
      ]
    }
  },
  "best_sid": "Fusion_lam2.0"
}