{
  "split": 2,
  "fold": 1,
  "tau_id": -1.4807418525218963,
  "tau_dom": 2410.314611816405,
  "tau_conf": 0.999746811389923,
  "pseudo_acc_rx": 0.6353333333333333,
  "pseudo_acc_day": 0.8136666666666666,
  "pseudo_acc_all": 0.7245,
  "gate_precision": 0.857379767827529,
  "gate_recall": 0.12925,
  "gate_keep_ratio": 0.0603,
  "conf_precision": 0.8571428571428571,
  "conf_recall": 0.129,
  "conf_keep_ratio": 0.0602,
  "conf_keep_given_gate": 0.9983416252072969,
  "adapt_stream_size": 10000,
  "gate_size": 603,
  "conf_size": 602,
  "oracle_size": 4000,
  "NoAdapt": {
    "stable_acc": 0.9970833333333333,
    "drift_acc_rx": 0.6353333333333333,
    "drift_acc_day": 0.8136666666666666,
    "drift_acc_all": 0.7245,
    "FRR_stable": 0.09666666666666668,
    "FAR_unknown_accept": 0.00011111111111111112,
    "miss_drift_rx": 0.19033333333333333,
    "miss_drift_day": 0.36966666666666664,
    "miss_drift_all": 0.28,
    "auc_unknown_eval": 0.9951034259259258
  },
  "UngatedAdapt": {
    "stable_acc": 0.9970833333333333,
    "drift_acc_rx": 0.637,
    "drift_acc_day": 0.8143333333333334,
    "drift_acc_all": 0.7256666666666667,
    "FRR_stable": 0.10041666666666671,
    "FAR_unknown_accept": 0.0,
    "miss_drift_rx": 0.183,
    "miss_drift_day": 0.367,
    "miss_drift_all": 0.275,
    "auc_unknown_eval": 0.9963410648148149
  },
  "GatedAdapt": {
    "stable_acc": 0.9979166666666667,
    "drift_acc_rx": 0.6396666666666667,
    "drift_acc_day": 0.8183333333333334,
    "drift_acc_all": 0.729,
    "FRR_stable": 0.09333333333333338,
    "FAR_unknown_accept": 0.00011111111111111112,
    "miss_drift_rx": 0.194,
    "miss_drift_day": 0.37433333333333335,
    "miss_drift_all": 0.2841666666666667,
    "auc_unknown_eval": 0.995221064814815
  },
  "GatedConfAdapt": {
    "stable_acc": 0.9979166666666667,
    "drift_acc_rx": 0.6423333333333333,
    "drift_acc_day": 0.82,
    "drift_acc_all": 0.7311666666666666,
    "FRR_stable": 0.0904166666666667,
    "FAR_unknown_accept": 0.00011111111111111112,
    "miss_drift_rx": 0.19533333333333333,
    "miss_drift_day": 0.376,
    "miss_drift_all": 0.2856666666666667,
    "auc_unknown_eval": 0.9952409722222222
  },
  "OracleGatePseudoAdapt": {
    "stable_acc": 0.9970833333333333,
    "drift_acc_rx": 0.6353333333333333,
    "drift_acc_day": 0.8163333333333334,
    "drift_acc_all": 0.7258333333333333,
    "FRR_stable": 0.13041666666666663,
    "FAR_unknown_accept": 0.0,
    "miss_drift_rx": 0.173,
    "miss_drift_day": 0.362,
    "miss_drift_all": 0.2675,
    "auc_unknown_eval": 0.9953295833333333
  },
  "OracleLabelAdapt": {
    "stable_acc": 0.9979166666666667,
    "drift_acc_rx": 0.967,
    "drift_acc_day": 0.9973333333333333,
    "drift_acc_all": 0.9821666666666666,
    "FRR_stable": 0.2366666666666667,
    "FAR_unknown_accept": 0.0,
    "miss_drift_rx": 0.16266666666666665,
    "miss_drift_day": 0.3473333333333333,
    "miss_drift_all": 0.255,
    "auc_unknown_eval": 0.9937531481481483
  }
}