{
  "train_loss": [
    0.627095596216343,
    0.18347302299958687,
    0.07895879615788107,
    0.046126782645781836,
    0.03675784060938491,
    0.025479075309165097,
    0.01932775455320047,
    0.018772703416093633,
    0.013417502934182132,
    0.016277994930364744,
    0.010731350312319895,
    0.00816043678248577,
    0.012355464439045775,
    0.009340850615235805,
    0.009206831771707922,
    0.00933415646949369,
    0.0064496429611204395,
    0.006764653065948988,
    0.006141020419481383,
    0.005107890543984939,
    0.0060724772396497425,
    0.006685702207377526,
    0.00533106155667661,
    0.005153813016497427
  ],
  "train_acc": [
    0.7170138888888888,
    0.9262731481481481,
    0.9740740740740741,
    0.9857638888888889,
    0.9892361111111111,
    0.9925925925925926,
    0.9929398148148149,
    0.9940972222222222,
    0.9958333333333333,
    0.9949074074074075,
    0.9967592592592592,
    0.9974537037037037,
    0.9959490740740741,
    0.996875,
    0.996875,
    0.9969907407407408,
    0.997800925925926,
    0.997337962962963,
    0.9982638888888888,
    0.9981481481481481,
    0.9979166666666667,
    0.9982638888888888,
    0.9981481481481481,
    0.9984953703703704
  ],
  "val_loss": [
    1.5402654806772869,
    0.6396968921025594,
    0.39218254486719767,
    0.276680322488149,
    0.16702173401912054,
    0.19270366926987967,
    0.15477602779865265,
    0.07492214441299438,
    0.07069786538680395,
    0.09645341411232948,
    0.08796007409691811,
    0.06495409583051999,
    0.08997938334941864,
    0.04234116027752558,
    0.04198181889951229,
    0.02102805890608579,
    0.046848664463808136,
    0.04244874746849139,
    0.04978855835894744,
    0.040528302639722825,
    0.03814346107343833,
    0.03440608541714028,
    0.031227478105574847,
    0.026732424025734267
  ],
  "val_acc": [
    0.571875,
    0.7395833333333334,
    0.8541666666666666,
    0.9052083333333333,
    0.94375,
    0.9260416666666667,
    0.9479166666666666,
    0.9729166666666667,
    0.9708333333333333,
    0.9635416666666666,
    0.9645833333333333,
    0.9708333333333333,
    0.9614583333333333,
    0.9864583333333333,
    0.984375,
    0.9958333333333333,
    0.9854166666666667,
    0.9885416666666667,
    0.978125,
    0.9875,
    0.9875,
    0.9895833333333334,
    0.990625,
    0.9916666666666667
  ]
}