{
  "fold": 3,
  "acc_in_domain": 0.9958333333333333,
  "auc_unknown": 0.9610429166666667,
  "auc_drift_rx": 0.772183431712963,
  "auc_drift_day": 0.6227836458333333,
  "tau_id": 0.9576979905366898,
  "tau_dom": 4300.506835937493
}