{
  "train_loss": [
    0.6007512931470518,
    0.23311125724403947,
    0.10419600015437161,
    0.04620183474487728,
    0.03417218685564068,
    0.02354298057379546,
    0.0211458723405721,
    0.019286560922585152,
    0.015979646410172185,
    0.012837157714077167,
    0.011820918005994625,
    0.009787208009166298,
    0.010403273760824016,
    0.007511716712852595,
    0.007066851451182393,
    0.006875058947372492,
    0.005611709335439459,
    0.0069579482897771175,
    0.00689275570222418,
    0.005644573969766498,
    0.005321258505271678,
    0.005569313933934878,
    0.00381081435695739,
    0.004562913420549766,
    0.0040457304161800834,
    0.004791429520507032,
    0.004516901674085401,
    0.0027445256962285686,
    0.004195319510202993,
    0.0034572401172395244,
    0.0035307732861299345,
    0.0037626735277525667,
    0.0031351221820201587,
    0.00332050981480818
  ],
  "train_acc": [
    0.7092592592592593,
    0.8954861111111111,
    0.9600694444444444,
    0.9842592592592593,
    0.9902777777777778,
    0.9929398148148149,
    0.992824074074074,
    0.9936342592592593,
    0.9947916666666666,
    0.9959490740740741,
    0.9956018518518519,
    0.9971064814814815,
    0.9965277777777778,
    0.997337962962963,
    0.9972222222222222,
    0.997800925925926,
    0.9982638888888888,
    0.997337962962963,
    0.9980324074074074,
    0.9982638888888888,
    0.9986111111111111,
    0.9986111111111111,
    0.9987268518518518,
    0.9983796296296297,
    0.9986111111111111,
    0.9982638888888888,
    0.9987268518518518,
    0.9988425925925926,
    0.9987268518518518,
    0.9987268518518518,
    0.9987268518518518,
    0.9988425925925926,
    0.9990740740740741,
    0.9988425925925926
  ],
  "val_loss": [
    2.582813088099162,
    1.4411142190297446,
    0.32526960372924807,
    0.0842317928870519,
    0.19035866657892864,
    0.09173607130845388,
    0.06059877077738444,
    0.07125195339322091,
    0.03775755800306797,
    0.04482641803721587,
    0.0444704237083594,
    0.030258109668890636,
    0.03930844354132811,
    0.015404750779271125,
    0.015100003127008677,
    0.014303615937630335,
    0.009364796883892268,
    0.016642150919263562,
    0.012372613853464524,
    0.009224787851174672,
    0.010921074341361721,
    0.014142749023934205,
    0.004916461830725893,
    0.00821829840230445,
    0.009870068139086167,
    0.00861958378906517,
    0.008102783064047495,
    0.007950228675811861,
    0.005102630021671454,
    0.004944353684550151,
    0.03680192474275827,
    0.006202892798076694,
    0.00501672689570114,
    0.0338946133852005
  ],
  "val_acc": [
    0.46875,
    0.6208333333333333,
    0.8510416666666667,
    0.9760416666666667,
    0.928125,
    0.9739583333333334,
    0.9822916666666667,
    0.9791666666666666,
    0.99375,
    0.990625,
    0.9895833333333334,
    0.99375,
    0.9916666666666667,
    0.9947916666666666,
    0.9947916666666666,
    0.99375,
    0.996875,
    0.9958333333333333,
    0.996875,
    0.996875,
    0.9958333333333333,
    0.9947916666666666,
    0.9979166666666667,
    0.996875,
    0.9958333333333333,
    0.9989583333333333,
    0.9958333333333333,
    0.9979166666666667,
    0.996875,
    0.996875,
    0.9854166666666667,
    0.9979166666666667,
    0.9979166666666667,
    0.9947916666666666
  ]
}