{
  "split": 12,
  "fold": 2,
  "acc": 0.9966666666666667,
  "auc_unknown": 0.9936018750000001,
  "auc_drift_rx": 0.9389552372685185,
  "auc_drift_day": 0.8363719097222222,
  "tau_id": -1.3200831413269043,
  "tau_dom": 3022.904541015625,
  "FRR_stable": 0.09125000000000005,
  "false_drift_stable": 0.04125,
  "FAR_unknown_accept": 0.0124,
  "miss_drift": 0.22133333333333333,
  "confusion_matrix": [
    [
      2181,
      99,
      120
    ],
    [
      10624,
      6505,
      30871
    ],
    [
      372,
      147,
      29481
    ]
  ]
}