{
  "tau_id": -1.3200831413269043,
  "tau_dom": 3022.904541015625
}