{
  "train_loss": [
    0.5500075770013126,
    0.178451955097693,
    0.09547249436562444,
    0.07025584591391645,
    0.052419298979235286,
    0.04371321267551846,
    0.036774672966818384,
    0.03284522745252391,
    0.02945396237730704,
    0.026956203168281068,
    0.026059604301922206,
    0.02270818116074359,
    0.01906717466880326,
    0.019256874927848486,
    0.019706623218551187,
    0.016924694501852362,
    0.014904031653911519,
    0.016458472385312672,
    0.01272923298622769,
    0.01506457493358786,
    0.012923759218293852,
    0.012111684003913844,
    0.01197317383211842,
    0.011052781710743238,
    0.009718845927308853
  ],
  "train_acc": [
    0.7631558641975309,
    0.9322916666666666,
    0.9663194444444444,
    0.9758487654320988,
    0.9816358024691358,
    0.9841435185185186,
    0.9867283950617284,
    0.9885416666666667,
    0.9891203703703704,
    0.9902391975308642,
    0.9905478395061729,
    0.9916666666666667,
    0.993287037037037,
    0.992824074074074,
    0.992824074074074,
    0.9940586419753087,
    0.9944444444444445,
    0.9940972222222222,
    0.995679012345679,
    0.9942901234567901,
    0.9953317901234567,
    0.9958333333333333,
    0.9952546296296296,
    0.9958333333333333,
    0.9961033950617284
  ],
  "val_loss": [
    0.4328222973479165,
    0.1368506121966574,
    0.06366845866044363,
    0.05815400501920117,
    0.04155782804720932,
    0.028800978102824754,
    0.022617518979435165,
    0.027693721362286143,
    0.01860100281903417,
    0.021862361205017403,
    0.02062516316719767,
    0.018460285381620957,
    0.020122849837773377,
    0.018227716532742813,
    0.012826617980802741,
    0.014096286482850297,
    0.01188038390957647,
    0.012430301695389466,
    0.013621309665015562,
    0.012824843552274008,
    0.013958252289901591,
    0.01311475426579515,
    0.018831968473225262,
    0.011114523949476682,
    0.011646375636337325
  ],
  "val_acc": [
    0.8173611111111111,
    0.9565972222222222,
    0.9774305555555556,
    0.98125,
    0.9850694444444444,
    0.9864583333333333,
    0.9895833333333334,
    0.9895833333333334,
    0.9913194444444444,
    0.9899305555555555,
    0.9930555555555556,
    0.9930555555555556,
    0.9927083333333333,
    0.9934027777777777,
    0.9934027777777777,
    0.9951388888888889,
    0.9965277777777778,
    0.9954861111111111,
    0.9958333333333333,
    0.9951388888888889,
    0.9947916666666666,
    0.9954861111111111,
    0.9951388888888889,
    0.9954861111111111,
    0.9958333333333333
  ]
}