{
  "fold": 2,
  "acc_in_domain": 0.9940277777777777,
  "auc_unknown": 0.9497036149691358,
  "auc_drift_rx": 0.6870243402777778,
  "auc_drift_day": 0.5473807465277778,
  "tau_id": 0.9493221342563629,
  "tau_dom": 1649.9121520996093
}