{
  "train_loss": [
    0.9158448100090026,
    0.40305565992991127,
    0.10813858012358347,
    0.03768096611731582,
    0.02791266143321991,
    0.02226205739296145,
    0.015760038503342205,
    0.016308602113794122,
    0.009899064701878362,
    0.01084620189956493,
    0.011668219450964697,
    0.009324063572825657,
    0.007177146306882302,
    0.0051322728576552535,
    0.0061171480144063635,
    0.006550300408465167,
    0.005465752212330699,
    0.004082596581429243,
    0.004324776925043099,
    0.003962612500052072,
    0.00498424528632313,
    0.0021363564909228847,
    0.0026307877153158186,
    0.002330235043902778,
    0.0019289172642553845,
    0.0020222049232365355,
    0.0026757796100961664,
    0.0028361382376816536,
    0.002019177774976318,
    0.0015919581974028713,
    0.0026180580361849734,
    0.001296269894939744,
    0.001171549520869222,
    0.0016015151221331003,
    0.0017534352075825963,
    0.001406588592281979,
    0.0012505351604583362
  ],
  "train_acc": [
    0.5954861111111112,
    0.88125,
    0.9694444444444444,
    0.9920138888888889,
    0.9920138888888889,
    0.9940972222222222,
    0.9961805555555555,
    0.9951388888888889,
    0.9982638888888888,
    0.9972222222222222,
    0.9965277777777778,
    0.9975694444444444,
    0.9982638888888888,
    0.9989583333333333,
    0.9989583333333333,
    0.9979166666666667,
    0.9989583333333333,
    0.9993055555555556,
    0.9989583333333333,
    0.9989583333333333,
    0.9986111111111111,
    0.9996527777777777,
    0.9993055555555556,
    0.9996527777777777,
    0.9996527777777777,
    0.9996527777777777,
    0.9993055555555556,
    0.9993055555555556,
    0.9993055555555556,
    0.9996527777777777,
    0.9993055555555556,
    0.9996527777777777,
    1.0,
    0.9996527777777777,
    1.0,
    0.9996527777777777,
    0.9996527777777777
  ],
  "val_loss": [
    2.5236939430236816,
    2.1756741046905517,
    1.6159590005874633,
    1.1254815816879273,
    0.7611876964569092,
    0.8372291684150696,
    0.7968856453895569,
    0.742246127128601,
    0.627978241443634,
    0.41066033244132993,
    0.286361837387085,
    0.4831602334976196,
    0.3931650102138519,
    0.2557915598154068,
    0.1590799629688263,
    0.21265068054199218,
    0.06410077065229416,
    0.17206495702266694,
    0.10889503359794617,
    0.0809541568160057,
    0.08930192589759826,
    0.06501554772257805,
    0.05314988866448402,
    0.041365346685051915,
    0.02134430930018425,
    0.017751366645097733,
    0.015848492085933686,
    0.013884717784821986,
    0.007383285090327263,
    0.018389561958611012,
    0.011800499819219112,
    0.010247810184955597,
    0.003260628995485604,
    0.006922554690390825,
    0.0026081472169607878,
    0.01976969316601753,
    0.014019154012203217
  ],
  "val_acc": [
    0.271875,
    0.59375,
    0.753125,
    0.753125,
    0.7625,
    0.75625,
    0.75625,
    0.759375,
    0.765625,
    0.834375,
    0.890625,
    0.796875,
    0.828125,
    0.9,
    0.934375,
    0.915625,
    0.971875,
    0.928125,
    0.95,
    0.9625,
    0.9625,
    0.971875,
    0.978125,
    0.984375,
    0.996875,
    0.996875,
    0.996875,
    0.996875,
    1.0,
    0.996875,
    1.0,
    1.0,
    1.0,
    1.0,
    1.0,
    0.996875,
    0.996875
  ]
}