{
  "fold": 2,
  "acc_in_domain": 1.0,
  "auc_unknown": 0.96394625,
  "auc_drift_rx": 0.9837844602272727,
  "auc_drift_day": 0.876571875,
  "tau_id": 0.9766371846199036,
  "tau_dom": 9400.533203125
}