{
  "train_loss": [
    0.4954775656814928,
    0.16676452507575354,
    0.06372579299603347,
    0.03451818309862305,
    0.024991047077087894,
    0.01845785993737755,
    0.016243305310813916,
    0.012092257896438242,
    0.012333238470644034,
    0.009625794429814927,
    0.008600208289162428,
    0.008079601887665275,
    0.007851094295943363,
    0.008178220555203519,
    0.005776977445499075,
    0.005725482101034787,
    0.0034665908957659092,
    0.00565890927531722,
    0.004113200531099682,
    0.003728683516426288,
    0.003793952744497262,
    0.0043629779187203555,
    0.004530908122520756,
    0.0037360239012977454,
    0.0018864874775452471,
    0.0022837907360452746
  ],
  "train_acc": [
    0.7618055555555555,
    0.9278935185185185,
    0.9802083333333333,
    0.9885416666666667,
    0.9917824074074074,
    0.9945601851851852,
    0.9953703703703703,
    0.9961805555555555,
    0.9965277777777778,
    0.9967592592592592,
    0.9976851851851852,
    0.9972222222222222,
    0.997337962962963,
    0.9962962962962963,
    0.9980324074074074,
    0.9979166666666667,
    0.9987268518518518,
    0.9987268518518518,
    0.9987268518518518,
    0.9987268518518518,
    0.9989583333333333,
    0.9986111111111111,
    0.9989583333333333,
    0.9987268518518518,
    0.9996527777777777,
    0.9993055555555556
  ],
  "val_loss": [
    1.7591484785079956,
    0.8243533730506897,
    0.544363941748937,
    0.38161888122558596,
    0.28358487685521444,
    0.20109805365403494,
    0.14486481895049413,
    0.08461838910977046,
    0.10751324246327082,
    0.03822408951818943,
    0.12784996976455051,
    0.057847144454717635,
    0.027238898848493894,
    0.04436979765693347,
    0.0387462326635917,
    0.028869800083339215,
    0.03664886380235354,
    0.01090559905860573,
    0.008902252054152389,
    0.012733642430976033,
    0.013991092223053177,
    0.037814759214719135,
    0.01842037762204806,
    0.016037145784745615,
    0.011113057231220106,
    0.00651578283480679
  ],
  "val_acc": [
    0.6197916666666666,
    0.7708333333333334,
    0.8177083333333334,
    0.8260416666666667,
    0.8604166666666667,
    0.9072916666666667,
    0.934375,
    0.971875,
    0.9625,
    0.990625,
    0.94375,
    0.9791666666666666,
    0.9947916666666666,
    0.9864583333333333,
    0.9895833333333334,
    0.9947916666666666,
    0.990625,
    0.9979166666666667,
    0.9979166666666667,
    0.996875,
    0.9958333333333333,
    0.9927083333333333,
    0.9947916666666666,
    0.996875,
    0.996875,
    0.9979166666666667
  ]
}