{
  "split": 3,
  "fold": 2,
  "acc": 0.9954166666666666,
  "auc_unknown": 0.9909778472222222,
  "auc_drift_rx": 0.9345145659722223,
  "auc_drift_day": 0.8465101388888887,
  "tau_id": -1.3866147994995117,
  "tau_dom": 1962.7530517578125,
  "FRR_stable": 0.0920833333333333,
  "false_drift_stable": 0.042083333333333334,
  "FAR_unknown_accept": 0.016533333333333334,
  "miss_drift": 0.289125,
  "confusion_matrix": [
    [
      2179,
      101,
      120
    ],
    [
      13878,
      8128,
      25994
    ],
    [
      496,
      1567,
      27937
    ]
  ]
}