{
  "tau_id": -1.3866147994995117,
  "tau_dom": 1962.7530517578125
}