{
  "train_loss": [
    0.3864784071290934,
    0.05606290221352268,
    0.029574778607046163,
    0.0208521519701376,
    0.013582853953940448,
    0.009825473216672738,
    0.009787219830926645,
    0.009062419038403918,
    0.00810336360440555,
    0.005764691589434666,
    0.006430762348679343,
    0.005662834593439819,
    0.005626455841465267,
    0.003930595652114048,
    0.0044762436662697126,
    0.004103175165127377,
    0.00353708890098561
  ],
  "train_acc": [
    0.8506944444444444,
    0.9861111111111112,
    0.9925925925925926,
    0.9940972222222222,
    0.9967592592592592,
    0.9971064814814815,
    0.9974537037037037,
    0.9972222222222222,
    0.997800925925926,
    0.9981481481481481,
    0.9979166666666667,
    0.9982638888888888,
    0.9982638888888888,
    0.9988425925925926,
    0.9984953703703704,
    0.9981481481481481,
    0.9989583333333333
  ],
  "val_loss": [
    1.6407701174418132,
    0.6004219929377238,
    0.11012365818023681,
    0.032382190724213916,
    0.02169210643817981,
    0.02962438960870107,
    0.0293885492409269,
    0.022500539757311346,
    0.009834154384831588,
    0.020420961392422516,
    0.021476833832760653,
    0.012638894189149142,
    0.012650257892285783,
    0.008145964719975989,
    0.006461243007409697,
    0.019960087335978944,
    0.007665376361304274
  ],
  "val_acc": [
    0.6375,
    0.7791666666666667,
    0.9604166666666667,
    0.9895833333333334,
    0.9947916666666666,
    0.9916666666666667,
    0.9916666666666667,
    0.99375,
    0.9989583333333333,
    0.9927083333333333,
    0.9927083333333333,
    0.9958333333333333,
    0.99375,
    0.996875,
    0.9979166666666667,
    0.9947916666666666,
    0.996875
  ]
}