{
  "split": 1,
  "fold": 5,
  "acc": 0.9966666666666667,
  "auc_unknown": 0.6637478472222224,
  "auc_drift_rx": 0.9474079976851852,
  "auc_drift_day": 0.8748817708333333,
  "tau_id": -1.3078244924545288,
  "tau_dom": 2562.6328125,
  "FRR_stable": 0.09333333333333338,
  "false_drift_stable": 0.043333333333333335,
  "FAR_unknown_accept": 0.3695333333333333,
  "miss_drift": 0.15372916666666667,
  "confusion_matrix": [
    [
      2176,
      104,
      120
    ],
    [
      7379,
      7173,
      33448
    ],
    [
      11086,
      10621,
      8293
    ]
  ]
}