{
  "tau_id": -1.3078244924545288,
  "tau_dom": 2562.6328125
}