{
  "split": 6,
  "fold": 1,
  "acc": 0.99625,
  "auc_drift_rx": 0.9368378414351851,
  "auc_drift_day": 0.8564898958333333,
  "tau_dom": 2429.14257812499,
  "sid_results": {
    "EmbMaha": {
      "tau_id": -1031.3382995605468,
      "auc_unknown": 0.9809658333333333,
      "FRR_stable": 0.08999999999999997,
      "false_drift_stable": 0.04,
      "FAR_unknown_accept": 0.012233333333333334,
      "miss_drift": 0.2488125,
      "confusion_matrix": [
        [
          2184,
          96,
          120
        ],
        [
          11943,
          5476,
          30581
        ],
        [
          367,
          1541,
          28092
        ]
      ]
    },
    "Energy": {
      "tau_id": 6.143900847434997,
      "auc_unknown": 0.634434861111111,
      "FRR_stable": 0.09125000000000005,
      "false_drift_stable": 0.04125,
      "FAR_unknown_accept": 0.0653,
      "miss_drift": 0.298375,
      "confusion_matrix": [
        [
          2181,
          99,
          120
        ],
        [
          14322,
          14006,
          19672
        ],
        [
          1959,
          15110,
          12931
        ]
      ]
    },
    "Fusion_lam0.25": {
      "tau_id": -0.7625864148139954,
      "auc_unknown": 0.9781532638888889,
      "FRR_stable": 0.08999999999999997,
      "false_drift_stable": 0.04,
      "FAR_unknown_accept": 0.012333333333333333,
      "miss_drift": 0.250375,
      "confusion_matrix": [
        [
          2184,
          96,
          120
        ],
        [
          12018,
          5930,
          30052
        ],
        [
          370,
          1632,
          27998
        ]
      ]
    },
    "Fusion_lam0.5": {
      "tau_id": -1.0286875247955323,
      "auc_unknown": 0.9705937152777777,
      "FRR_stable": 0.0904166666666667,
      "false_drift_stable": 0.04041666666666666,
      "FAR_unknown_accept": 0.013766666666666667,
      "miss_drift": 0.25314583333333335,
      "confusion_matrix": [
        [
          2183,
          97,
          120
        ],
        [
          12151,
          6393,
          29456
        ],
        [
          413,
          2022,
          27565
        ]
      ]
    },
    "Fusion_lam1.0": {
      "tau_id": -1.69807425737381,
      "auc_unknown": 0.9410981249999999,
      "FRR_stable": 0.0904166666666667,
      "false_drift_stable": 0.04041666666666666,
      "FAR_unknown_accept": 0.017133333333333334,
      "miss_drift": 0.2597291666666667,
      "confusion_matrix": [
        [
          2183,
          97,
          120
        ],
        [
          12467,
          7096,
          28437
        ],
        [
          514,
          2969,
          26517
        ]
      ]
    },
    "Fusion_lam1.5": {
      "tau_id": -2.3906702876091,
      "auc_unknown": 0.9046295833333333,
      "FRR_stable": 0.08999999999999997,
      "false_drift_stable": 0.04,
      "FAR_unknown_accept": 0.0196,
      "miss_drift": 0.2652083333333333,
      "confusion_matrix": [
        [
          2184,
          96,
          120
        ],
        [
          12730,
          7754,
          27516
        ],
        [
          588,
          4066,
          25346
        ]
      ]
    },
    "Fusion_lam2.0": {
      "tau_id": -3.0471749663352967,
      "auc_unknown": 0.873058125,
      "FRR_stable": 0.08999999999999997,
      "false_drift_stable": 0.04,
      "FAR_unknown_accept": 0.021266666666666666,
      "miss_drift": 0.26839583333333333,
      "confusion_matrix": [
        [
          2184,
          96,
          120
        ],
        [
          12883,
          8330,
          26787
        ],
        [
          638,
          5373,
          23989
        ]
      ]
    }
  },
  "best_sid": "EmbMaha"
}