{
  "train_loss": [
    0.2998913596073786,
    0.020473528053197597,
    0.010501614583794165,
    0.008353416910567494,
    0.00801516435954168,
    0.005469059081817115,
    0.005684233650875588,
    0.0036530427324275175,
    0.0036067463147143523,
    0.0026290819615867266,
    0.004072512281170391,
    0.005275943729362485,
    0.0039284082685804205,
    0.0019802060053701062,
    0.00144187116939402,
    0.0024801526725274957,
    0.0015067412540601152,
    0.0018633809718907018,
    0.001307773464186876,
    0.0012066089522839456,
    0.0007676570611591968,
    0.002148229420762854,
    0.0019480225487819149,
    0.0023950623130615523,
    0.0006419271506645062,
    0.0009699376053672663
  ],
  "train_acc": [
    0.9005787037037037,
    0.9961805555555555,
    0.997337962962963,
    0.9982638888888888,
    0.9984953703703704,
    0.9986111111111111,
    0.9986111111111111,
    0.9990740740740741,
    0.9990740740740741,
    0.9991898148148148,
    0.9987268518518518,
    0.9983796296296297,
    0.9988425925925926,
    0.9994212962962963,
    0.9994212962962963,
    0.9991898148148148,
    0.9994212962962963,
    0.9994212962962963,
    0.9996527777777777,
    0.9997685185185186,
    0.9997685185185186,
    0.9993055555555556,
    0.999537037037037,
    0.9994212962962963,
    1.0,
    0.9997685185185186
  ],
  "val_loss": [
    0.7396874547004699,
    0.26954235235850016,
    0.11865430076917012,
    0.05756243069966634,
    0.03446137141436338,
    0.02396021851648887,
    0.0161107057860742,
    0.016450471236991386,
    0.02377667386705677,
    0.03255123930672805,
    0.03001284091733396,
    0.010932220759180685,
    0.004778278879045198,
    0.005929592727140213,
    0.0039000405871775,
    0.004507354840946694,
    0.004366883054414453,
    0.0010121343987824123,
    0.002053154144474926,
    0.001972976076649502,
    0.0007698002504184842,
    0.0007935164942561338,
    0.006104344824173798,
    0.00268535881380861,
    0.0005676186151201061,
    0.00019523670548551308
  ],
  "val_acc": [
    0.7635416666666667,
    0.8885416666666667,
    0.9479166666666666,
    0.9770833333333333,
    0.9916666666666667,
    0.99375,
    0.996875,
    0.9958333333333333,
    0.99375,
    0.9864583333333333,
    0.990625,
    0.9989583333333333,
    0.9979166666666667,
    0.9989583333333333,
    0.9989583333333333,
    0.9979166666666667,
    0.9989583333333333,
    1.0,
    0.9989583333333333,
    0.9989583333333333,
    1.0,
    1.0,
    0.9979166666666667,
    0.9989583333333333,
    1.0,
    1.0
  ]
}