{
  "split": 2,
  "fold": 3,
  "acc": 0.9983333333333333,
  "auc_unknown": 0.9917179861111112,
  "auc_drift_rx": 0.9193177199074074,
  "auc_drift_day": 0.8361892708333334,
  "tau_id": -1.4394818544387817,
  "tau_dom": 2485.75,
  "FRR_stable": 0.0970833333333333,
  "false_drift_stable": 0.04708333333333333,
  "FAR_unknown_accept": 0.0,
  "miss_drift": 0.21483333333333332,
  "confusion_matrix": [
    [
      2167,
      113,
      120
    ],
    [
      10312,
      7051,
      30637
    ],
    [
      0,
      454,
      29546
    ]
  ]
}