{
  "split": 1,
  "fold": 5,
  "acc": 0.9970833333333333,
  "auc_unknown": 0.85077875,
  "auc_drift_rx": 0.9450186921296297,
  "auc_drift_day": 0.8320175694444445,
  "tau_id": -1052.1558837890625,
  "tau_dom": 2562.6328125,
  "FRR_stable": 0.0920833333333333,
  "false_drift_stable": 0.042083333333333334,
  "FAR_unknown_accept": 0.18556666666666666,
  "miss_drift": 0.14229166666666668,
  "confusion_matrix": [
    [
      2179,
      101,
      120
    ],
    [
      6830,
      7483,
      33687
    ],
    [
      5567,
      5820,
      18613
    ]
  ]
}