{
  "tau_id": -1052.1558837890625,
  "tau_dom": 2562.6328125
}