{
  "split": 1,
  "fold": 2,
  "acc": 0.9958333333333333,
  "auc_unknown": 0.5239388888888888,
  "auc_drift_rx": 0.951878611111111,
  "auc_drift_day": 0.8525511284722223,
  "tau_id_single": -1060.2304260253907,
  "tau_dom_single": 2459.278564453119,
  "tau_id_low": -2915.9328295898435,
  "tau_id_high": -741.5158081054688,
  "tau_dom_dual": 2459.278564453119,
  "single": {
    "FRR_stable": 0.09499999999999997,
    "false_drift_stable": 0.045,
    "FAR_unknown_accept": 0.41213333333333335,
    "miss_drift": 0.1733125
  },
  "dual_conservative": {
    "FRR_stable": 0.14125,
    "false_drift_stable": 0.04708333333333333,
    "FAR_unknown_accept": 0.40823333333333334,
    "miss_drift": 0.15502083333333333
  },
  "dual_balanced": {
    "FRR_stable": 0.057083333333333375,
    "false_drift_stable": 0.04708333333333333,
    "FAR_unknown_accept": 0.41963333333333336,
    "miss_drift": 0.2649166666666667
  },
  "confusion_matrix_single": [
    [
      2172,
      108,
      120
    ],
    [
      8319,
      8848,
      30833
    ],
    [
      12364,
      13576,
      4060
    ]
  ],
  "confusion_matrix_dual_conservative": [
    [
      2061,
      113,
      226
    ],
    [
      7441,
      16065,
      24494
    ],
    [
      12247,
      15919,
      1834
    ]
  ],
  "confusion_matrix_dual_balanced": [
    [
      2263,
      113,
      24
    ],
    [
      12716,
      16065,
      19219
    ],
    [
      12589,
      15919,
      1492
    ]
  ],
  "semantic_region_counts": {
    "0": 21749,
    "1": 19361,
    "2": 3984,
    "3": 16751,
    "4": 5819,
    "5": 12736
  }
}