{
  "tau_id_single": -1060.2304260253907,
  "tau_dom_single": 2459.278564453119,
  "tau_id_low": -2915.9328295898435,
  "tau_id_high": -741.5158081054688,
  "tau_dom_dual": 2459.278564453119
}