{
  "train_loss": [
    0.4159583316357047,
    0.051669101389469924,
    0.02776513334225725,
    0.01915938770743432,
    0.014496011630183568,
    0.01374896086614441,
    0.01070980308232484,
    0.01189911020229812,
    0.007538370709624831,
    0.006931626939007805,
    0.0056553166161325795,
    0.0059290762283597835,
    0.004456566384760663,
    0.005232718847131494,
    0.006000013337729292,
    0.0037285719763194385,
    0.005041567154263181,
    0.0032846865026469997,
    0.0022225392999610416,
    0.002051593669629828
  ],
  "train_acc": [
    0.8335648148148148,
    0.9866898148148148,
    0.9938657407407407,
    0.9949074074074075,
    0.9958333333333333,
    0.9965277777777778,
    0.9972222222222222,
    0.9972222222222222,
    0.9982638888888888,
    0.9980324074074074,
    0.9983796296296297,
    0.9980324074074074,
    0.9988425925925926,
    0.9983796296296297,
    0.9981481481481481,
    0.9988425925925926,
    0.9989583333333333,
    0.9994212962962963,
    0.999537037037037,
    0.9993055555555556
  ],
  "val_loss": [
    1.1670338233311972,
    0.20478004813194275,
    0.0591552272439003,
    0.04152930956333876,
    0.01658258093520999,
    0.012313540761048595,
    0.007558855022458981,
    0.00926384412838767,
    0.006838292900162439,
    0.009318446305405815,
    0.006346310038740436,
    0.0036492254604430247,
    0.008401126181342988,
    0.007013068984573086,
    0.00469522486673668,
    0.00362074503597493,
    0.007860212366601142,
    0.004328920501575339,
    0.0036538014266019065,
    0.0032434146114004156
  ],
  "val_acc": [
    0.6760416666666667,
    0.921875,
    0.9802083333333333,
    0.9875,
    0.996875,
    0.996875,
    0.9979166666666667,
    0.996875,
    0.996875,
    0.9979166666666667,
    0.9979166666666667,
    0.9989583333333333,
    0.9979166666666667,
    0.9979166666666667,
    0.9989583333333333,
    0.9989583333333333,
    0.9979166666666667,
    0.9979166666666667,
    0.996875,
    0.9979166666666667
  ]
}