{
  "split": 1,
  "fold": 1,
  "acc": 0.99875,
  "auc_unknown": 0.8117145138888889,
  "auc_drift_rx": 0.9406152893518519,
  "auc_drift_day": 0.8632734027777779,
  "tau_id": -1.4327043294906616,
  "tau_dom": 2834.036376953125,
  "FRR_stable": 0.09624999999999995,
  "false_drift_stable": 0.04625,
  "FAR_unknown_accept": 0.3928,
  "miss_drift": 0.13941666666666666,
  "confusion_matrix": [
    [
      2169,
      111,
      120
    ],
    [
      6692,
      7034,
      34274
    ],
    [
      11784,
      8765,
      9451
    ]
  ]
}