{
  "tau_id": -1.4327043294906616,
  "tau_dom": 2834.036376953125
}