{
  "split": 2,
  "fold": 3,
  "acc": 0.9983333333333333,
  "auc_drift_rx": 0.9181828645833334,
  "auc_drift_day": 0.8300989583333334,
  "tau_dom": 2476.83488769531,
  "sid_results": {
    "EmbMaha": {
      "tau_id": -808.5999877929687,
      "auc_unknown": 0.9981194444444444,
      "FRR_stable": 0.09666666666666668,
      "false_drift_stable": 0.04666666666666667,
      "FAR_unknown_accept": 0.0,
      "miss_drift": 0.20952083333333332,
      "confusion_matrix": [
        [
          2168,
          112,
          120
        ],
        [
          10057,
          5381,
          32562
        ],
        [
          0,
          79,
          29921
        ]
      ]
    },
    "Energy": {
      "tau_id": 8.544344472885133,
      "auc_unknown": 0.8936296874999998,
      "FRR_stable": 0.09916666666666663,
      "false_drift_stable": 0.049166666666666664,
      "FAR_unknown_accept": 0.0012666666666666666,
      "miss_drift": 0.255375,
      "confusion_matrix": [
        [
          2162,
          118,
          120
        ],
        [
          12258,
          8970,
          26772
        ],
        [
          38,
          6657,
          23305
        ]
      ]
    },
    "Fusion_lam0.25": {
      "tau_id": -1.0474368751049041,
      "auc_unknown": 0.9974640972222223,
      "FRR_stable": 0.09666666666666668,
      "false_drift_stable": 0.04666666666666667,
      "FAR_unknown_accept": 0.0,
      "miss_drift": 0.2070625,
      "confusion_matrix": [
        [
          2168,
          112,
          120
        ],
        [
          9939,
          5804,
          32257
        ],
        [
          0,
          126,
          29874
        ]
      ]
    },
    "Fusion_lam0.5": {
      "tau_id": -1.438781750202179,
      "auc_unknown": 0.9965271527777778,
      "FRR_stable": 0.0970833333333333,
      "false_drift_stable": 0.04708333333333333,
      "FAR_unknown_accept": 0.0,
      "miss_drift": 0.20872916666666666,
      "confusion_matrix": [
        [
          2167,
          113,
          120
        ],
        [
          10019,
          6342,
          31639
        ],
        [
          0,
          198,
          29802
        ]
      ]
    },
    "Fusion_lam1.0": {
      "tau_id": -2.192199873924255,
      "auc_unknown": 0.9942120833333333,
      "FRR_stable": 0.0970833333333333,
      "false_drift_stable": 0.04708333333333333,
      "FAR_unknown_accept": 3.3333333333333335e-05,
      "miss_drift": 0.2163125,
      "confusion_matrix": [
        [
          2167,
          113,
          120
        ],
        [
          10383,
          7026,
          30591
        ],
        [
          1,
          350,
          29649
        ]
      ]
    },
    "Fusion_lam1.5": {
      "tau_id": -3.044299292564392,
      "auc_unknown": 0.9915127777777778,
      "FRR_stable": 0.09750000000000003,
      "false_drift_stable": 0.0475,
      "FAR_unknown_accept": 6.666666666666667e-05,
      "miss_drift": 0.22447916666666667,
      "confusion_matrix": [
        [
          2166,
          114,
          120
        ],
        [
          10775,
          7445,
          29780
        ],
        [
          2,
          546,
          29452
        ]
      ]
    },
    "Fusion_lam2.0": {
      "tau_id": -3.864068019390106,
      "auc_unknown": 0.9887925,
      "FRR_stable": 0.09791666666666665,
      "false_drift_stable": 0.04791666666666667,
      "FAR_unknown_accept": 6.666666666666667e-05,
      "miss_drift": 0.23054166666666667,
      "confusion_matrix": [
        [
          2165,
          115,
          120
        ],
        [
          11066,
          7715,
          29219
        ],
        [
          2,
          738,
          29260
        ]
      ]
    }
  },
  "best_sid": "EmbMaha"
}