{
  "train_loss": [
    0.4090158548620012,
    0.05181537578917212,
    0.024773969025247627,
    0.01727424164613088,
    0.014797626185679326,
    0.012815309776407149,
    0.008778479703943487,
    0.0065662651736703185,
    0.008759360692325842,
    0.009388615739428334,
    0.006286982643090327,
    0.006230225111789035,
    0.004686761320206441,
    0.004711460616844879,
    0.0035919324820430053,
    0.004803388385981735,
    0.0038325480370851304,
    0.002782031623819084,
    0.00299626184235051,
    0.002483411126821819,
    0.00298796361797334,
    0.002026040545509507,
    0.003957029507297126
  ],
  "train_acc": [
    0.840625,
    0.9875,
    0.9951388888888889,
    0.9961805555555555,
    0.9958333333333333,
    0.9969907407407408,
    0.9976851851851852,
    0.9984953703703704,
    0.997800925925926,
    0.9975694444444444,
    0.9981481481481481,
    0.9982638888888888,
    0.9988425925925926,
    0.9987268518518518,
    0.9988425925925926,
    0.9983796296296297,
    0.9987268518518518,
    0.9993055555555556,
    0.9993055555555556,
    0.9994212962962963,
    0.9989583333333333,
    0.9994212962962963,
    0.9984953703703704
  ],
  "val_loss": [
    0.8939670165379842,
    0.10285217612981797,
    0.0783611555894216,
    0.03327550323059161,
    0.016424440902968247,
    0.009965230260665219,
    0.013251605692009132,
    0.009633619183053574,
    0.003646866449465354,
    0.006353665546824535,
    0.007498850535678988,
    0.004345951380673796,
    0.004745082557201385,
    0.0040915545502988,
    0.0023470013091961544,
    0.003455070798130085,
    0.0019451941926187525,
    0.000550907716024085,
    0.0027797565310417366,
    0.0015141874170997956,
    0.012231121025979518,
    0.001255179268385594,
    0.004864967715305587
  ],
  "val_acc": [
    0.7,
    0.9645833333333333,
    0.975,
    0.9895833333333334,
    0.996875,
    0.9958333333333333,
    0.9958333333333333,
    0.9958333333333333,
    0.9989583333333333,
    0.9979166666666667,
    0.9979166666666667,
    0.9979166666666667,
    0.9989583333333333,
    0.9979166666666667,
    1.0,
    0.9989583333333333,
    0.9989583333333333,
    1.0,
    0.9989583333333333,
    0.9989583333333333,
    0.9979166666666667,
    1.0,
    0.9989583333333333
  ]
}