{
  "split": 5,
  "fold": 2,
  "acc": 0.9991666666666666,
  "auc_unknown": 0.8668798611111113,
  "auc_drift_rx": 0.9481460416666665,
  "auc_drift_day": 0.8560501736111111,
  "tau_id": -0.9764310717582703,
  "tau_dom": 2591.593505859375,
  "FRR_stable": 0.09499999999999997,
  "false_drift_stable": 0.045,
  "FAR_unknown_accept": 0.21343333333333334,
  "miss_drift": 0.16839583333333333,
  "confusion_matrix": [
    [
      2172,
      108,
      120
    ],
    [
      8083,
      6254,
      33663
    ],
    [
      6403,
      6064,
      17533
    ]
  ]
}