{
  "tau_id": -0.9764310717582703,
  "tau_dom": 2591.593505859375
}