{
  "train_loss": [
    1.493005985667462,
    1.3020894556222686,
    1.233611660623698,
    1.1860311107369768,
    1.1552749458112215,
    1.1329372533703737,
    1.1063785932381456,
    1.0934950159061065,
    1.0807858275186166,
    1.0635319675085346,
    1.051249467846779,
    1.0399635483236873,
    1.0296742737477778,
    1.0176627687625472,
    1.0106797044491251,
    0.9965782175123138,
    0.9863175498442753,
    0.9789109900639891,
    0.9677024428689442,
    0.9559967492756091,
    0.9445922395393206,
    0.936411875652455,
    0.9265223033657015,
    0.9162428120710532,
    0.9072619082757932
  ],
  "train_acc": [
    0.40023219814241484,
    0.49303405572755415,
    0.5210526315789473,
    0.5400154798761609,
    0.551625386996904,
    0.5592879256965945,
    0.5685758513931889,
    0.5728715170278638,
    0.5797600619195047,
    0.5851780185758514,
    0.5912925696594428,
    0.5960526315789474,
    0.5981037151702786,
    0.6002708978328173,
    0.6055340557275541,
    0.6123839009287926,
    0.6166021671826626,
    0.617608359133127,
    0.6216331269349845,
    0.6259674922600619,
    0.6297987616099071,
    0.6332430340557276,
    0.6381191950464397,
    0.6409055727554179,
    0.6427631578947368
  ],
  "val_loss": [
    1.3182377112696537,
    1.225231260507624,
    1.1705469591449005,
    1.1366470580896573,
    1.1236253612259879,
    1.1078385735006542,
    1.092229796884285,
    1.100169273794673,
    1.06689091959468,
    1.0758041548670811,
    1.0684511445615816,
    1.060608560471782,
    1.0638209563935936,
    1.0553693525552832,
    1.0496146110905376,
    1.0690286539440494,
    1.058764471695507,
    1.0652419915808822,
    1.0872957773301628,
    1.0594742052731967,
    1.0573711206754381,
    1.0581853202891573,
    1.091675588246714,
    1.0847280456479191,
    1.0920017056662794
  ],
  "val_acc": [
    0.4827586206896552,
    0.5245559038662487,
    0.5374433995123651,
    0.5545106234761407,
    0.5586903517938001,
    0.5691396725879484,
    0.5799373040752351,
    0.5795889933820968,
    0.5869035179380007,
    0.5830721003134797,
    0.5830721003134797,
    0.5841170323928945,
    0.5879484500174156,
    0.5903866248693835,
    0.5855102751654476,
    0.588645071403692,
    0.5952629745733194,
    0.59108324625566,
    0.5931731104144897,
    0.589690003483107,
    0.5938697318007663,
    0.5914315569487983,
    0.58098223615465,
    0.587251828631139,
    0.5907349355625218
  ]
}