{
  "fold": 1,
  "acc_in_domain": 0.5101676284693597,
  "auc_unknown_by_Sid": 0.5628098209158481,
  "auc_drift_by_Sdom": 0.6023510754071683,
  "tau_id": 0.7594347596168518,
  "tau_dom": 116.51273345947266
}