{
  "tau_id_p05_stable": 0.7594347596168518,
  "tau_dom_p95_stable": 116.51273345947266
}