{
  "train_loss": [
    0.5478837810180806,
    0.18444239337135243,
    0.07767935628416361,
    0.04272655511826828,
    0.026532987698360724,
    0.021799833434461444,
    0.016137781239080207,
    0.013784666818187193,
    0.014414928683631674,
    0.014007596880266511,
    0.01287381668764822,
    0.008573283046415007,
    0.00864092940033448,
    0.008732634313680508,
    0.006147665440760277,
    0.005087581571381263,
    0.006089973324668352,
    0.006297450539380036,
    0.0035030638055306754,
    0.004375551362021792,
    0.006352670881810978,
    0.003352709312457591,
    0.003967361055374904
  ],
  "train_acc": [
    0.7503472222222223,
    0.925,
    0.9730324074074074,
    0.9876157407407408,
    0.9920138888888889,
    0.99375,
    0.9952546296296296,
    0.9952546296296296,
    0.9946759259259259,
    0.9959490740740741,
    0.9965277777777778,
    0.9969907407407408,
    0.9974537037037037,
    0.997337962962963,
    0.9980324074074074,
    0.9981481481481481,
    0.9983796296296297,
    0.9987268518518518,
    0.9993055555555556,
    0.9988425925925926,
    0.9979166666666667,
    0.9991898148148148,
    0.9987268518518518
  ],
  "val_loss": [
    1.9334221363067627,
    1.0310677329699198,
    0.41022349198659264,
    0.3603797813256582,
    0.27483484099308647,
    0.11641108319163322,
    0.10647281060616175,
    0.06772640111545722,
    0.0707869420448939,
    0.05807242852946123,
    0.042881287696460886,
    0.043248971179127696,
    0.06591855908433596,
    0.03069798064728578,
    0.02200548999632398,
    0.0471708190937837,
    0.07618947252631188,
    0.038418325657645865,
    0.04646310402701299,
    0.028120900643989442,
    0.11503618756930033,
    0.03301815896605452,
    0.03720203057891922
  ],
  "val_acc": [
    0.5739583333333333,
    0.6895833333333333,
    0.8166666666666667,
    0.8458333333333333,
    0.8875,
    0.9489583333333333,
    0.95,
    0.9854166666666667,
    0.975,
    0.984375,
    0.9895833333333334,
    0.9895833333333334,
    0.9802083333333333,
    0.9916666666666667,
    0.9927083333333333,
    0.9864583333333333,
    0.975,
    0.9927083333333333,
    0.9895833333333334,
    0.9916666666666667,
    0.9583333333333334,
    0.9916666666666667,
    0.9927083333333333
  ]
}