{
  "split": 15,
  "fold": 4,
  "acc": 0.9970833333333333,
  "auc_unknown": 0.9690242361111111,
  "auc_drift_rx": 0.9327778703703704,
  "auc_drift_day": 0.8550266666666666,
  "tau_id": -1.1954389810562134,
  "tau_dom": 2698.058349609375,
  "FRR_stable": 0.0920833333333333,
  "false_drift_stable": 0.042083333333333334,
  "FAR_unknown_accept": 0.0153,
  "miss_drift": 0.2748125,
  "confusion_matrix": [
    [
      2179,
      101,
      120
    ],
    [
      13191,
      7186,
      27623
    ],
    [
      459,
      4329,
      25212
    ]
  ]
}