{
  "tau_id": -1.1954389810562134,
  "tau_dom": 2698.058349609375
}