{
  "split": 2,
  "fold": 4,
  "tau_id": -1.3778335392475127,
  "tau_dom": 2036.0365661621051,
  "tau_conf": 0.9997955322265625,
  "pseudo_acc_rx": 0.6126666666666667,
  "pseudo_acc_day": 0.769,
  "pseudo_acc_all": 0.6908333333333333,
  "gate_precision": 0.8804347826086957,
  "gate_recall": 0.14175,
  "gate_keep_ratio": 0.0644,
  "conf_precision": 0.8804347826086957,
  "conf_recall": 0.14175,
  "conf_keep_ratio": 0.0644,
  "conf_keep_given_gate": 1.0,
  "adapt_stream_size": 10000,
  "gate_size": 644,
  "conf_size": 644,
  "oracle_size": 4000,
  "NoAdapt": {
    "stable_acc": 0.99875,
    "drift_acc_rx": 0.6126666666666667,
    "drift_acc_day": 0.769,
    "drift_acc_all": 0.6908333333333333,
    "FRR_stable": 0.09750000000000003,
    "FAR_unknown_accept": 0.0,
    "miss_drift_rx": 0.155,
    "miss_drift_day": 0.3396666666666667,
    "miss_drift_all": 0.24733333333333332,
    "auc_unknown_eval": 0.9961428703703704
  },
  "UngatedAdapt": {
    "stable_acc": 0.99875,
    "drift_acc_rx": 0.6143333333333333,
    "drift_acc_day": 0.7746666666666666,
    "drift_acc_all": 0.6945,
    "FRR_stable": 0.13958333333333328,
    "FAR_unknown_accept": 0.0,
    "miss_drift_rx": 0.14633333333333334,
    "miss_drift_day": 0.33066666666666666,
    "miss_drift_all": 0.2385,
    "auc_unknown_eval": 0.9956624999999999
  },
  "GatedAdapt": {
    "stable_acc": 0.99875,
    "drift_acc_rx": 0.613,
    "drift_acc_day": 0.772,
    "drift_acc_all": 0.6925,
    "FRR_stable": 0.0970833333333333,
    "FAR_unknown_accept": 0.0,
    "miss_drift_rx": 0.15533333333333332,
    "miss_drift_day": 0.3416666666666667,
    "miss_drift_all": 0.2485,
    "auc_unknown_eval": 0.9961828703703706
  },
  "GatedConfAdapt": {
    "stable_acc": 0.99875,
    "drift_acc_rx": 0.613,
    "drift_acc_day": 0.772,
    "drift_acc_all": 0.6925,
    "FRR_stable": 0.0970833333333333,
    "FAR_unknown_accept": 0.0,
    "miss_drift_rx": 0.15566666666666668,
    "miss_drift_day": 0.3416666666666667,
    "miss_drift_all": 0.24866666666666667,
    "auc_unknown_eval": 0.9961899999999999
  },
  "OracleGatePseudoAdapt": {
    "stable_acc": 0.99875,
    "drift_acc_rx": 0.614,
    "drift_acc_day": 0.7713333333333333,
    "drift_acc_all": 0.6926666666666667,
    "FRR_stable": 0.16500000000000004,
    "FAR_unknown_accept": 0.0,
    "miss_drift_rx": 0.14933333333333335,
    "miss_drift_day": 0.321,
    "miss_drift_all": 0.23516666666666666,
    "auc_unknown_eval": 0.9946893518518517
  },
  "OracleLabelAdapt": {
    "stable_acc": 0.9995833333333334,
    "drift_acc_rx": 0.9503333333333334,
    "drift_acc_day": 0.9976666666666667,
    "drift_acc_all": 0.974,
    "FRR_stable": 0.50875,
    "FAR_unknown_accept": 0.0,
    "miss_drift_rx": 0.146,
    "miss_drift_day": 0.2936666666666667,
    "miss_drift_all": 0.21983333333333333,
    "auc_unknown_eval": 0.9861829629629629
  }
}