{
  "train_loss": [
    0.30412818414193615,
    0.027729330981081282,
    0.01669847905911781,
    0.011405703998860662,
    0.009818120873360722,
    0.009093715051292545,
    0.006010099272329912,
    0.006212748157257145,
    0.00410688181657827,
    0.004989592309747995,
    0.003742196872028419,
    0.003364761297039136,
    0.003537146423305212,
    0.003695043174256743,
    0.0023656857480226015
  ],
  "train_acc": [
    0.8916666666666667,
    0.991550925925926,
    0.9951388888888889,
    0.9972222222222222,
    0.9967592592592592,
    0.997800925925926,
    0.9982638888888888,
    0.9981481481481481,
    0.9990740740740741,
    0.9989583333333333,
    0.9989583333333333,
    0.9990740740740741,
    0.9990740740740741,
    0.9988425925925926,
    0.999537037037037
  ],
  "val_loss": [
    0.6917240500450135,
    0.2682525674502055,
    0.1696518788735072,
    0.10294437656799953,
    0.08889509538809458,
    0.1360562374194463,
    0.014568848349153996,
    0.04778651098410289,
    0.041672968119382856,
    0.14856877426306406,
    0.21498390634854633,
    0.05908664762973785,
    0.025748535990715027,
    0.07534291793902716,
    0.005134726238126556
  ],
  "val_acc": [
    0.778125,
    0.8854166666666666,
    0.9270833333333334,
    0.9552083333333333,
    0.9583333333333334,
    0.9302083333333333,
    0.9989583333333333,
    0.9802083333333333,
    0.9875,
    0.9260416666666667,
    0.903125,
    0.9729166666666667,
    0.990625,
    0.9614583333333333,
    0.9989583333333333
  ]
}