{
  "split": 7,
  "fold": 1,
  "acc": 0.9954166666666666,
  "auc_unknown": 0.8856478472222222,
  "auc_drift_rx": 0.9338734317129631,
  "auc_drift_day": 0.8699991666666667,
  "tau_id": -1.5256613492965698,
  "tau_dom": 2086.370361328125,
  "FRR_stable": 0.09291666666666665,
  "false_drift_stable": 0.042916666666666665,
  "FAR_unknown_accept": 0.017533333333333335,
  "miss_drift": 0.23954166666666668,
  "confusion_matrix": [
    [
      2177,
      103,
      120
    ],
    [
      11498,
      9221,
      27281
    ],
    [
      526,
      7120,
      22354
    ]
  ]
}