{
  "tau_id": -1.5256613492965698,
  "tau_dom": 2086.370361328125
}