{
  "split": 3,
  "fold": 1,
  "tau_id": -1.349401205778122,
  "tau_dom": 1927.4238098144513,
  "gate_precision": 0.4892353377876763,
  "gate_recall": 0.16475,
  "gate_keep_ratio": 0.1347,
  "adapt_stream_size": 10000,
  "gated_size": 1347,
  "oracle_size": 4000,
  "NoAdapt": {
    "stable_acc": 0.9979166666666667,
    "drift_acc_rx": 0.6296666666666667,
    "drift_acc_day": 0.7643333333333333,
    "drift_acc_all": 0.697,
    "FRR_stable": 0.09333333333333338,
    "FAR_unknown_accept": 0.014888888888888889,
    "miss_drift_rx": 0.20066666666666666,
    "miss_drift_day": 0.5146666666666667,
    "miss_drift_all": 0.3576666666666667,
    "auc_unknown_eval": 0.9568975000000001
  },
  "UngatedAdapt": {
    "stable_acc": 0.9975,
    "drift_acc_rx": 0.63,
    "drift_acc_day": 0.7533333333333333,
    "drift_acc_all": 0.6916666666666667,
    "FRR_stable": 0.09375,
    "FAR_unknown_accept": 0.013,
    "miss_drift_rx": 0.20066666666666666,
    "miss_drift_day": 0.49433333333333335,
    "miss_drift_all": 0.3475,
    "auc_unknown_eval": 0.9723066203703703
  },
  "GatedAdapt": {
    "stable_acc": 0.99875,
    "drift_acc_rx": 0.6333333333333333,
    "drift_acc_day": 0.782,
    "drift_acc_all": 0.7076666666666667,
    "FRR_stable": 0.08208333333333329,
    "FAR_unknown_accept": 0.017555555555555557,
    "miss_drift_rx": 0.204,
    "miss_drift_day": 0.537,
    "miss_drift_all": 0.3705,
    "auc_unknown_eval": 0.9542126851851852
  },
  "OracleGateAdapt": {
    "stable_acc": 0.9983333333333333,
    "drift_acc_rx": 0.6316666666666667,
    "drift_acc_day": 0.765,
    "drift_acc_all": 0.6983333333333334,
    "FRR_stable": 0.08499999999999996,
    "FAR_unknown_accept": 0.016,
    "miss_drift_rx": 0.19866666666666666,
    "miss_drift_day": 0.529,
    "miss_drift_all": 0.36383333333333334,
    "auc_unknown_eval": 0.9565233796296295
  }
}