{
  "split": 2,
  "fold": 5,
  "acc": 0.9883333333333333,
  "auc_drift_rx": 0.9322514409722222,
  "auc_drift_day": 0.8493264756944444,
  "tau_dom": 2263.400769042969,
  "sid_results": {
    "EmbMaha": {
      "tau_id": -962.8196716308594,
      "auc_unknown": 0.9968166666666667,
      "FRR_stable": 0.09499999999999997,
      "false_drift_stable": 0.045,
      "FAR_unknown_accept": 0.0,
      "miss_drift": 0.24066666666666667,
      "confusion_matrix": [
        [
          2172,
          108,
          120
        ],
        [
          11552,
          6724,
          29724
        ],
        [
          0,
          148,
          29852
        ]
      ]
    },
    "Energy": {
      "tau_id": 4.531233453750611,
      "auc_unknown": 0.5570294791666667,
      "FRR_stable": 0.09875,
      "false_drift_stable": 0.04875,
      "FAR_unknown_accept": 0.0349,
      "miss_drift": 0.2765208333333333,
      "confusion_matrix": [
        [
          2163,
          117,
          120
        ],
        [
          13273,
          20851,
          13876
        ],
        [
          1047,
          26124,
          2829
        ]
      ]
    },
    "Fusion_lam0.25": {
      "tau_id": -1.3483056426048279,
      "auc_unknown": 0.9954756944444444,
      "FRR_stable": 0.0954166666666667,
      "false_drift_stable": 0.04541666666666667,
      "FAR_unknown_accept": 0.0,
      "miss_drift": 0.23627083333333335,
      "confusion_matrix": [
        [
          2171,
          109,
          120
        ],
        [
          11341,
          7020,
          29639
        ],
        [
          0,
          226,
          29774
        ]
      ]
    },
    "Fusion_lam0.5": {
      "tau_id": -1.6093447744846343,
      "auc_unknown": 0.9934868402777778,
      "FRR_stable": 0.0954166666666667,
      "false_drift_stable": 0.04541666666666667,
      "FAR_unknown_accept": 0.0,
      "miss_drift": 0.23322916666666665,
      "confusion_matrix": [
        [
          2171,
          109,
          120
        ],
        [
          11195,
          7351,
          29454
        ],
        [
          0,
          350,
          29650
        ]
      ]
    },
    "Fusion_lam1.0": {
      "tau_id": -2.293336832523346,
      "auc_unknown": 0.9878920138888889,
      "FRR_stable": 0.0954166666666667,
      "false_drift_stable": 0.04541666666666667,
      "FAR_unknown_accept": 0.0,
      "miss_drift": 0.23145833333333332,
      "confusion_matrix": [
        [
          2171,
          109,
          120
        ],
        [
          11110,
          7861,
          29029
        ],
        [
          0,
          678,
          29322
        ]
      ]
    },
    "Fusion_lam1.5": {
      "tau_id": -3.0201172947883608,
      "auc_unknown": 0.9807339583333332,
      "FRR_stable": 0.09624999999999995,
      "false_drift_stable": 0.04625,
      "FAR_unknown_accept": 6.666666666666667e-05,
      "miss_drift": 0.231125,
      "confusion_matrix": [
        [
          2169,
          111,
          120
        ],
        [
          11094,
          8221,
          28685
        ],
        [
          2,
          1047,
          28951
        ]
      ]
    },
    "Fusion_lam2.0": {
      "tau_id": -3.7804545521736146,
      "auc_unknown": 0.9725433333333333,
      "FRR_stable": 0.09666666666666668,
      "false_drift_stable": 0.04666666666666667,
      "FAR_unknown_accept": 0.0001,
      "miss_drift": 0.23139583333333333,
      "confusion_matrix": [
        [
          2168,
          112,
          120
        ],
        [
          11107,
          8414,
          28479
        ],
        [
          3,
          1477,
          28520
        ]
      ]
    }
  },
  "best_sid": "EmbMaha"
}