{
  "train_loss": [
    0.40023225648903554,
    0.12886307072124364,
    0.07328880466520786,
    0.04799827676680353,
    0.03867409412668627,
    0.032109535440664604,
    0.02581184360164183,
    0.02379263124578161,
    0.019366487039736025,
    0.018840967144753876,
    0.015769496635119947,
    0.014550470024991182,
    0.013585323060828226,
    0.013360983451230475,
    0.013125136429961357,
    0.011822637005272195,
    0.010617219989783027,
    0.00986821344201338,
    0.009681558415198837,
    0.008215261685423391,
    0.01018191754018865,
    0.007900107684214657,
    0.007395793366846686,
    0.00682397649327385,
    0.006047423660142899,
    0.006911309781832115,
    0.006867186012491009,
    0.007804742745586591
  ],
  "train_acc": [
    0.8158179012345679,
    0.952391975308642,
    0.9737654320987654,
    0.9839506172839506,
    0.9864583333333333,
    0.9888503086419753,
    0.9910108024691358,
    0.9917824074074074,
    0.9933256172839506,
    0.9931327160493827,
    0.9942901234567901,
    0.9948302469135802,
    0.9948688271604939,
    0.9950617283950617,
    0.9954861111111111,
    0.9958333333333333,
    0.9964120370370371,
    0.9964506172839506,
    0.9964891975308642,
    0.9971064814814815,
    0.9961805555555555,
    0.9975694444444444,
    0.997800925925926,
    0.9977623456790123,
    0.9980324074074074,
    0.9974537037037037,
    0.9979166666666667,
    0.9973765432098766
  ],
  "val_loss": [
    0.4592907971805996,
    0.14088997658756044,
    0.10050472683376736,
    0.10813604576720132,
    0.05486384588811133,
    0.03715441214024193,
    0.022284329959398344,
    0.02225658112955797,
    0.019135895098669507,
    0.02240863754414022,
    0.015588977494917344,
    0.018706799924742275,
    0.011521195513260965,
    0.014156985663511376,
    0.020497770256932,
    0.01353066723155886,
    0.020060715506567958,
    0.01549461884149221,
    0.010887587478565466,
    0.0073877961227683244,
    0.012934110775475145,
    0.01233156716528659,
    0.009742983916657977,
    0.00996985366251061,
    0.010796219850696313,
    0.00903003262323586,
    0.013822776575155633,
    0.009650397476960077
  ],
  "val_acc": [
    0.8326388888888889,
    0.9541666666666667,
    0.9704861111111112,
    0.9631944444444445,
    0.984375,
    0.9909722222222223,
    0.9930555555555556,
    0.9916666666666667,
    0.9940972222222222,
    0.9913194444444444,
    0.9947916666666666,
    0.9944444444444445,
    0.9954861111111111,
    0.9947916666666666,
    0.9930555555555556,
    0.9961805555555555,
    0.9940972222222222,
    0.9954861111111111,
    0.9965277777777778,
    0.9979166666666667,
    0.9951388888888889,
    0.9961805555555555,
    0.9972222222222222,
    0.996875,
    0.9965277777777778,
    0.9972222222222222,
    0.9965277777777778,
    0.9965277777777778
  ]
}