{
  "split": 3,
  "fold": 4,
  "acc": 0.9972222222222222,
  "auc_unknown": 0.9359479398148147,
  "auc_drRX_V0": 0.720926568287037,
  "auc_drRX_V1": 0.8502199768518518,
  "auc_drRX_V1k": 0.8052670949074073,
  "auc_drRX_V2": 0.4740266608796297,
  "auc_drRX_V3": 0.6159183969907408,
  "auc_drDAY_V0": 0.5320785397376543,
  "auc_drDAY_V1": 0.7414524768518518,
  "auc_drDAY_V1k": 0.7248078877314814,
  "auc_drDAY_V2": 0.48408227623456784,
  "auc_drDAY_V3": 0.47502119984567903
}