{
  "train_loss": [
    0.17060082667265777,
    0.020800562336879932,
    0.01420580684322358,
    0.010595127554713852,
    0.009244458293139843,
    0.008947742139391692,
    0.007616534245050983,
    0.006883895106866588,
    0.0069162917427968715,
    0.006874363948044908,
    0.006967371087384778,
    0.00603225942786257,
    0.006339147303650087,
    0.00569557098281587,
    0.006317459345514236,
    0.005755386639129152,
    0.005669422166991151,
    0.0042294128610390344,
    0.005477061007066952,
    0.004866132259772757,
    0.0046080360182972025,
    0.00473788880791952,
    0.003877949215080819,
    0.004835802586971966,
    0.005674013298904569,
    0.005212238605456128,
    0.004378155082102037,
    0.004189228159691679,
    0.00416184977878368
  ],
  "train_acc": [
    0.948996913580247,
    0.9943672839506172,
    0.9951774691358025,
    0.9967592592592592,
    0.9966820987654321,
    0.9967978395061728,
    0.997337962962963,
    0.9973765432098766,
    0.9972993827160493,
    0.9972222222222222,
    0.9974922839506173,
    0.9976466049382716,
    0.9976851851851852,
    0.997800925925926,
    0.9979552469135803,
    0.9979552469135803,
    0.9980324074074074,
    0.998533950617284,
    0.9979938271604938,
    0.9983796296296297,
    0.9982253086419753,
    0.9982253086419753,
    0.9986882716049382,
    0.9982638888888888,
    0.9980324074074074,
    0.9981867283950617,
    0.9984567901234568,
    0.9984953703703704,
    0.9984953703703704
  ],
  "val_loss": [
    0.0664835957189401,
    0.01388762676053577,
    0.01427223152325799,
    0.008804723953694015,
    0.007341836670982755,
    0.007650061459420006,
    0.004083677538761145,
    0.004622387690607057,
    0.006777699156615805,
    0.004032066707946392,
    0.004247728232316048,
    0.0043671103475895106,
    0.0038077982461901328,
    0.002015562032667933,
    0.004063226700620564,
    0.0032263921186919714,
    0.003301936209603203,
    0.0020460697554325535,
    0.0032595436526106723,
    0.0031356370364240623,
    0.0018798963385557323,
    0.0032293372916683436,
    0.002834217333778118,
    0.006461263847045808,
    0.0033037774787064537,
    0.005299814050441556,
    0.0027134822884868804,
    0.0019696440552555337,
    0.0035195585412212595
  ],
  "val_acc": [
    0.9784722222222222,
    0.9965277777777778,
    0.9965277777777778,
    0.9965277777777778,
    0.9979166666666667,
    0.9975694444444444,
    0.9986111111111111,
    0.9986111111111111,
    0.9982638888888888,
    0.9989583333333333,
    0.9986111111111111,
    0.9989583333333333,
    0.9986111111111111,
    0.9993055555555556,
    0.9986111111111111,
    0.9993055555555556,
    0.9993055555555556,
    0.9989583333333333,
    0.9989583333333333,
    0.9989583333333333,
    0.9996527777777777,
    0.9996527777777777,
    0.9993055555555556,
    0.9982638888888888,
    0.9993055555555556,
    0.9975694444444444,
    0.9996527777777777,
    0.9993055555555556,
    0.9989583333333333
  ]
}