{
  "split": 2,
  "fold": 2,
  "acc": 0.9983333333333333,
  "auc_unknown": 0.8936031172839507,
  "auc_drRX_V0": 0.7237127083333333,
  "auc_drRX_V1": 0.8893672337962963,
  "auc_drRX_V1k": 0.8720294502314816,
  "auc_drRX_V2": 0.6243682407407407,
  "auc_drRX_V3": 0.6813096585648148,
  "auc_drDAY_V0": 0.511538699845679,
  "auc_drDAY_V1": 0.7196814197530864,
  "auc_drDAY_V1k": 0.7133234799382716,
  "auc_drDAY_V2": 0.5428282137345679,
  "auc_drDAY_V3": 0.5172930536265432
}