{
  "train_loss": [
    0.4781376956789582,
    0.1302233726338104,
    0.05445057967056831,
    0.03353066560639827,
    0.022574808834879487,
    0.01898036523963566,
    0.01609528620934321,
    0.013876366653238182,
    0.012001613461136542,
    0.010843216771846293,
    0.009899616710565709,
    0.010251242871378997,
    0.009056916362950923,
    0.007835240189537959,
    0.006866088578115321
  ],
  "train_acc": [
    0.796412037037037,
    0.9511574074074074,
    0.9835648148148148,
    0.9914351851851851,
    0.9931712962962963,
    0.9930555555555556,
    0.9939814814814815,
    0.9949074074074075,
    0.9956018518518519,
    0.9962962962962963,
    0.9957175925925926,
    0.9975694444444444,
    0.9974537037037037,
    0.9971064814814815,
    0.9972222222222222
  ],
  "val_loss": [
    1.0362504164377848,
    0.22083814740180968,
    0.14446810483932496,
    0.09546706949671109,
    0.07139881998300553,
    0.05543067958205938,
    0.04262131570527951,
    0.040636131539940834,
    0.04489496201276779,
    0.034582528937608006,
    0.025134929874911904,
    0.04602468895415465,
    0.036827005461479226,
    0.03698228405167659,
    0.038829893028984465
  ],
  "val_acc": [
    0.6895833333333333,
    0.9177083333333333,
    0.9510416666666667,
    0.9708333333333333,
    0.9802083333333333,
    0.9875,
    0.99375,
    0.9885416666666667,
    0.990625,
    0.9916666666666667,
    0.990625,
    0.984375,
    0.9895833333333334,
    0.9916666666666667,
    0.9885416666666667
  ]
}