{
  "split": 6,
  "fold": 4,
  "acc": 0.9904166666666666,
  "auc_unknown": 0.9849714583333334,
  "auc_drift_rx": 0.9276755555555555,
  "auc_drift_day": 0.8558449652777778,
  "tau_id": -1.180105209350586,
  "tau_dom": 2462.02294921875,
  "FRR_stable": 0.09125000000000005,
  "false_drift_stable": 0.04125,
  "FAR_unknown_accept": 0.0097,
  "miss_drift": 0.24585416666666668,
  "confusion_matrix": [
    [
      2181,
      99,
      120
    ],
    [
      11801,
      7228,
      28971
    ],
    [
      291,
      1867,
      27842
    ]
  ]
}