{
  "tau_id": -1.180105209350586,
  "tau_dom": 2462.02294921875
}