{
  "train_loss": [
    0.3061754118099257,
    0.027383084436533627,
    0.017913313246228628,
    0.013625143968534691,
    0.011966988888431203,
    0.008573160651657316,
    0.00908912152086419,
    0.0069309644017334065,
    0.005328123158499323,
    0.004682490484858001,
    0.006087970020275356,
    0.006050053352697028,
    0.004046736169321876,
    0.004250424532262884,
    0.0052974360777254875,
    0.004514028124416385,
    0.0021953764647521354,
    0.002573865450190001,
    0.002445226955266359,
    0.0021657816468548304,
    0.003182813101685261,
    0.0026601227926288697,
    0.0029914444329699986,
    0.0035729869565262495,
    0.0033188759952921558,
    0.0014134776192130866,
    0.0026299937627670632,
    0.002780886518411097,
    0.0021359307741039193,
    0.0010413014775689656,
    0.0024846434868609152,
    0.0018506168034272614
  ],
  "train_acc": [
    0.8965277777777778,
    0.9945601851851852,
    0.9957175925925926,
    0.9962962962962963,
    0.9960648148148148,
    0.997337962962963,
    0.9972222222222222,
    0.9976851851851852,
    0.9986111111111111,
    0.9988425925925926,
    0.9980324074074074,
    0.9981481481481481,
    0.9986111111111111,
    0.9987268518518518,
    0.9983796296296297,
    0.9984953703703704,
    0.9994212962962963,
    0.9990740740740741,
    0.9991898148148148,
    0.9993055555555556,
    0.9988425925925926,
    0.9993055555555556,
    0.9989583333333333,
    0.9990740740740741,
    0.9986111111111111,
    0.999537037037037,
    0.9990740740740741,
    0.9990740740740741,
    0.9993055555555556,
    0.999537037037037,
    0.9991898148148148,
    0.999537037037037
  ],
  "val_loss": [
    0.8859841028849283,
    0.9951960762341817,
    0.6751685460408529,
    0.3249729653199514,
    0.521891721089681,
    0.21771463751792908,
    0.1886333107948303,
    0.2015727311372757,
    0.4329253693421682,
    0.10008689314126969,
    0.09865282525618871,
    0.12716996893286706,
    0.20925742586453755,
    0.05492857781549295,
    0.013669556953633826,
    0.03846598428984483,
    0.015432518037656943,
    0.015638481825590134,
    0.04126808345317841,
    0.013474772870540618,
    0.020657270525892574,
    0.007604044722393155,
    0.011485755102088054,
    0.0041790251326650225,
    0.0035134494020894634,
    0.01250249280128628,
    0.006526148513269921,
    0.006522138676761339,
    0.008000377115483086,
    0.00904323160648346,
    0.004716296072971696,
    0.007937732963667562
  ],
  "val_acc": [
    0.7552083333333334,
    0.775,
    0.8520833333333333,
    0.9,
    0.8802083333333334,
    0.9208333333333333,
    0.9260416666666667,
    0.9229166666666667,
    0.8895833333333333,
    0.9614583333333333,
    0.95625,
    0.9416666666666667,
    0.9177083333333333,
    0.9802083333333333,
    0.9947916666666666,
    0.9885416666666667,
    0.9947916666666666,
    0.99375,
    0.9854166666666667,
    0.9947916666666666,
    0.9947916666666666,
    0.996875,
    0.9947916666666666,
    0.9979166666666667,
    0.9979166666666667,
    0.9958333333333333,
    0.9979166666666667,
    0.996875,
    0.9958333333333333,
    0.9979166666666667,
    0.996875,
    0.9979166666666667
  ]
}