{
  "split": 11,
  "fold": 4,
  "acc": 0.99875,
  "auc_unknown": 0.6839584375,
  "auc_drift_rx": 0.9311845023148149,
  "auc_drift_day": 0.829444826388889,
  "tau_id": -1.2832075357437134,
  "tau_dom": 2086.690185546875,
  "FRR_stable": 0.09499999999999997,
  "false_drift_stable": 0.045,
  "FAR_unknown_accept": 0.0605,
  "miss_drift": 0.21302083333333333,
  "confusion_matrix": [
    [
      2172,
      108,
      120
    ],
    [
      10225,
      7435,
      30340
    ],
    [
      1815,
      13331,
      14854
    ]
  ]
}