{
  "tau_id": -1.2832075357437134,
  "tau_dom": 2086.690185546875
}