{
  "split": 3,
  "fold": 4,
  "acc": 0.9970833333333333,
  "auc_unknown": 0.9920181944444444,
  "auc_drift_rx": 0.9289405844907407,
  "auc_drift_day": 0.8233738888888888,
  "tau_id_single": -1021.7166870117187,
  "tau_dom_single": 1828.0911437988266,
  "tau_id_low": -3107.3805712890626,
  "tau_id_high": -690.8104248046875,
  "tau_dom_dual": 1828.0911437988266,
  "single": {
    "FRR_stable": 0.09375,
    "false_drift_stable": 0.04375,
    "FAR_unknown_accept": 0.02723333333333333,
    "miss_drift": 0.2740208333333333
  },
  "dual_conservative": {
    "FRR_stable": 0.14249999999999996,
    "false_drift_stable": 0.045,
    "FAR_unknown_accept": 0.018333333333333333,
    "miss_drift": 0.24435416666666668
  },
  "dual_balanced": {
    "FRR_stable": 0.05500000000000005,
    "false_drift_stable": 0.045,
    "FAR_unknown_accept": 0.0694,
    "miss_drift": 0.36570833333333336
  },
  "confusion_matrix_single": [
    [
      2175,
      105,
      120
    ],
    [
      13153,
      7417,
      27430
    ],
    [
      817,
      3707,
      25476
    ]
  ],
  "confusion_matrix_dual_conservative": [
    [
      2058,
      108,
      234
    ],
    [
      11729,
      13117,
      23154
    ],
    [
      550,
      9131,
      20319
    ]
  ],
  "confusion_matrix_dual_balanced": [
    [
      2268,
      108,
      24
    ],
    [
      17554,
      13117,
      17329
    ],
    [
      2082,
      9131,
      18787
    ]
  ],
  "semantic_region_counts": {
    "0": 14337,
    "1": 7930,
    "2": 6761,
    "3": 29379,
    "4": 7567,
    "5": 14426
  }
}