{
  "tau_id_single": -1021.7166870117187,
  "tau_dom_single": 1828.0911437988266,
  "tau_id_low": -3107.3805712890626,
  "tau_id_high": -690.8104248046875,
  "tau_dom_dual": 1828.0911437988266
}