{
  "split": 5,
  "fold": 1,
  "acc": 0.9975,
  "auc_drift_rx": 0.9572887499999999,
  "auc_drift_day": 0.8769038888888889,
  "tau_dom": 2587.5080932617166,
  "sid_results": {
    "EmbMaha": {
      "tau_id": -1008.3262420654297,
      "auc_unknown": 0.7221196527777778,
      "FRR_stable": 0.09250000000000003,
      "false_drift_stable": 0.0425,
      "FAR_unknown_accept": 0.103,
      "miss_drift": 0.13804166666666667,
      "confusion_matrix": [
        [
          2178,
          102,
          120
        ],
        [
          6626,
          7384,
          33990
        ],
        [
          3090,
          18218,
          8692
        ]
      ]
    },
    "Energy": {
      "tau_id": 7.040542960166931,
      "auc_unknown": 0.6922769444444444,
      "FRR_stable": 0.09375,
      "false_drift_stable": 0.04375,
      "FAR_unknown_accept": 0.1038,
      "miss_drift": 0.1746875,
      "confusion_matrix": [
        [
          2175,
          105,
          120
        ],
        [
          8385,
          12352,
          27263
        ],
        [
          3114,
          20636,
          6250
        ]
      ]
    },
    "Fusion_lam0.25": {
      "tau_id": -0.8456773966550827,
      "auc_unknown": 0.7315250694444444,
      "FRR_stable": 0.09291666666666665,
      "false_drift_stable": 0.042916666666666665,
      "FAR_unknown_accept": 0.1031,
      "miss_drift": 0.1395,
      "confusion_matrix": [
        [
          2177,
          103,
          120
        ],
        [
          6696,
          7800,
          33504
        ],
        [
          3093,
          18255,
          8652
        ]
      ]
    },
    "Fusion_lam0.5": {
      "tau_id": -1.2040059864521027,
      "auc_unknown": 0.7258571875000001,
      "FRR_stable": 0.09291666666666665,
      "false_drift_stable": 0.042916666666666665,
      "FAR_unknown_accept": 0.10326666666666667,
      "miss_drift": 0.14339583333333333,
      "confusion_matrix": [
        [
          2177,
          103,
          120
        ],
        [
          6883,
          8251,
          32866
        ],
        [
          3098,
          18413,
          8489
        ]
      ]
    },
    "Fusion_lam1.0": {
      "tau_id": -2.0054922699928284,
      "auc_unknown": 0.7146141666666666,
      "FRR_stable": 0.09291666666666665,
      "false_drift_stable": 0.042916666666666665,
      "FAR_unknown_accept": 0.10343333333333334,
      "miss_drift": 0.14835416666666668,
      "confusion_matrix": [
        [
          2177,
          103,
          120
        ],
        [
          7121,
          8856,
          32023
        ],
        [
          3103,
          18756,
          8141
        ]
      ]
    },
    "Fusion_lam1.5": {
      "tau_id": -2.842280125617981,
      "auc_unknown": 0.708949375,
      "FRR_stable": 0.09291666666666665,
      "false_drift_stable": 0.042916666666666665,
      "FAR_unknown_accept": 0.10353333333333334,
      "miss_drift": 0.15464583333333334,
      "confusion_matrix": [
        [
          2177,
          103,
          120
        ],
        [
          7423,
          9231,
          31346
        ],
        [
          3106,
          19012,
          7882
        ]
      ]
    },
    "Fusion_lam2.0": {
      "tau_id": -3.703049635887146,
      "auc_unknown": 0.7056506944444444,
      "FRR_stable": 0.09291666666666665,
      "false_drift_stable": 0.042916666666666665,
      "FAR_unknown_accept": 0.10366666666666667,
      "miss_drift": 0.1593125,
      "confusion_matrix": [
        [
          2177,
          103,
          120
        ],
        [
          7647,
          9499,
          30854
        ],
        [
          3110,
          19245,
          7645
        ]
      ]
    }
  },
  "best_sid": "Fusion_lam0.25"
}