{
  "split": 2,
  "fold": 1,
  "false_drift_target": 0.05,
  "tau_id": -0.9066920876502991,
  "tau_dom": 2410.30908203125,
  "tau_conf": 0.9999415874481201,
  "pseudo_acc_rx": 0.6583611111111111,
  "pseudo_acc_day": 0.7069166666666666,
  "pseudo_acc_all": 0.6705,
  "gate_precision": 0.8945634266886326,
  "gate_recall": 0.13575,
  "gate_keep_ratio": 0.0607,
  "conf_precision": 0.8945634266886326,
  "conf_recall": 0.13575,
  "conf_keep_ratio": 0.0607,
  "conf_keep_given_gate": 1.0,
  "adapt_stream_size": 10000,
  "gate_size": 607,
  "conf_size": 607,
  "oracle_size": 4000,
  "NoAdapt": {
    "stable_acc": 0.9975,
    "drift_acc_rx": 0.6556666666666666,
    "drift_acc_day": 0.6993333333333334,
    "drift_acc_all": 0.6775,
    "FRR_stable": 0.09583333333333333,
    "FAR_unknown_accept": 0.0,
    "miss_drift_rx": 0.21,
    "miss_drift_day": 0.38233333333333336,
    "miss_drift_all": 0.2961666666666667,
    "auc_unknown_eval": 0.9942297222222223
  },
  "UngatedAdapt": {
    "stable_acc": 0.9970833333333333,
    "drift_acc_rx": 0.6563333333333333,
    "drift_acc_day": 0.6923333333333334,
    "drift_acc_all": 0.6743333333333333,
    "FRR_stable": 0.18374999999999997,
    "FAR_unknown_accept": 0.0,
    "miss_drift_rx": 0.14666666666666667,
    "miss_drift_day": 0.30366666666666664,
    "miss_drift_all": 0.22516666666666665,
    "auc_unknown_eval": 0.9921375462962962
  },
  "OracleGatePseudoAdapt": {
    "stable_acc": 0.9970833333333333,
    "drift_acc_rx": 0.6533333333333333,
    "drift_acc_day": 0.695,
    "drift_acc_all": 0.6741666666666667,
    "FRR_stable": 0.18708333333333338,
    "FAR_unknown_accept": 0.0,
    "miss_drift_rx": 0.18766666666666668,
    "miss_drift_day": 0.3476666666666667,
    "miss_drift_all": 0.26766666666666666,
    "auc_unknown_eval": 0.9889990740740742
  },
  "OracleLabelAdapt": {
    "stable_acc": 0.9979166666666667,
    "drift_acc_rx": 0.9603333333333334,
    "drift_acc_day": 0.999,
    "drift_acc_all": 0.9796666666666667,
    "FRR_stable": 0.3354166666666667,
    "FAR_unknown_accept": 0.0,
    "miss_drift_rx": 0.13066666666666665,
    "miss_drift_day": 0.228,
    "miss_drift_all": 0.17933333333333334,
    "auc_unknown_eval": 0.9956631018518518
  },
  "GatedAdapt": {
    "stable_acc": 0.9975,
    "drift_acc_rx": 0.656,
    "drift_acc_day": 0.6993333333333334,
    "drift_acc_all": 0.6776666666666666,
    "FRR_stable": 0.0954166666666667,
    "FAR_unknown_accept": 0.0,
    "miss_drift_rx": 0.21,
    "miss_drift_day": 0.38233333333333336,
    "miss_drift_all": 0.2961666666666667,
    "auc_unknown_eval": 0.9942344444444445
  },
  "GatedConfAdapt": {
    "stable_acc": 0.9975,
    "drift_acc_rx": 0.656,
    "drift_acc_day": 0.6993333333333334,
    "drift_acc_all": 0.6776666666666666,
    "FRR_stable": 0.09499999999999997,
    "FAR_unknown_accept": 0.0,
    "miss_drift_rx": 0.21033333333333334,
    "miss_drift_day": 0.38233333333333336,
    "miss_drift_all": 0.29633333333333334,
    "auc_unknown_eval": 0.9942375462962963
  }
}