{
  "split": 2,
  "fold": 1,
  "false_drift_target": 0.2,
  "tau_id": -0.9066920876502991,
  "tau_dom": 1008.5919799804688,
  "tau_conf": 0.9999415874481201,
  "pseudo_acc_rx": 0.6583611111111111,
  "pseudo_acc_day": 0.7069166666666666,
  "pseudo_acc_all": 0.6705,
  "gate_precision": 0.9434129089301503,
  "gate_recall": 0.26675,
  "gate_keep_ratio": 0.1131,
  "conf_precision": 0.9430097951914514,
  "conf_recall": 0.26475,
  "conf_keep_ratio": 0.1123,
  "conf_keep_given_gate": 0.9929266136162688,
  "adapt_stream_size": 10000,
  "gate_size": 1131,
  "conf_size": 1123,
  "oracle_size": 4000,
  "NoAdapt": {
    "stable_acc": 0.9975,
    "drift_acc_rx": 0.6556666666666666,
    "drift_acc_day": 0.6993333333333334,
    "drift_acc_all": 0.6775,
    "FRR_stable": 0.24250000000000005,
    "FAR_unknown_accept": 0.0,
    "miss_drift_rx": 0.10233333333333333,
    "miss_drift_day": 0.225,
    "miss_drift_all": 0.16366666666666665,
    "auc_unknown_eval": 0.9942297222222223
  },
  "UngatedAdapt": {
    "stable_acc": 0.9970833333333333,
    "drift_acc_rx": 0.6563333333333333,
    "drift_acc_day": 0.6923333333333334,
    "drift_acc_all": 0.6743333333333333,
    "FRR_stable": 0.31375,
    "FAR_unknown_accept": 0.0,
    "miss_drift_rx": 0.078,
    "miss_drift_day": 0.15666666666666668,
    "miss_drift_all": 0.11733333333333333,
    "auc_unknown_eval": 0.9921375462962962
  },
  "OracleGatePseudoAdapt": {
    "stable_acc": 0.9970833333333333,
    "drift_acc_rx": 0.6533333333333333,
    "drift_acc_day": 0.695,
    "drift_acc_all": 0.6741666666666667,
    "FRR_stable": 0.31999999999999995,
    "FAR_unknown_accept": 0.0,
    "miss_drift_rx": 0.1,
    "miss_drift_day": 0.19966666666666666,
    "miss_drift_all": 0.14983333333333335,
    "auc_unknown_eval": 0.9889990740740742
  },
  "OracleLabelAdapt": {
    "stable_acc": 0.9979166666666667,
    "drift_acc_rx": 0.9603333333333334,
    "drift_acc_day": 0.999,
    "drift_acc_all": 0.9796666666666667,
    "FRR_stable": 0.4508333333333333,
    "FAR_unknown_accept": 0.0,
    "miss_drift_rx": 0.077,
    "miss_drift_day": 0.156,
    "miss_drift_all": 0.1165,
    "auc_unknown_eval": 0.9956631018518518
  },
  "GatedAdapt": {
    "stable_acc": 0.9975,
    "drift_acc_rx": 0.656,
    "drift_acc_day": 0.6993333333333334,
    "drift_acc_all": 0.6776666666666666,
    "FRR_stable": 0.24208333333333332,
    "FAR_unknown_accept": 0.0,
    "miss_drift_rx": 0.10233333333333333,
    "miss_drift_day": 0.225,
    "miss_drift_all": 0.16366666666666665,
    "auc_unknown_eval": 0.9942389351851852
  },
  "GatedConfAdapt": {
    "stable_acc": 0.9975,
    "drift_acc_rx": 0.656,
    "drift_acc_day": 0.7,
    "drift_acc_all": 0.678,
    "FRR_stable": 0.2416666666666667,
    "FAR_unknown_accept": 0.0,
    "miss_drift_rx": 0.10266666666666667,
    "miss_drift_day": 0.225,
    "miss_drift_all": 0.16383333333333333,
    "auc_unknown_eval": 0.9942426388888889
  }
}