{
  "split": 2,
  "fold": 1,
  "false_drift_target": 0.01,
  "tau_id": -0.9066920876502991,
  "tau_dom": 5225.50439453125,
  "tau_conf": 0.9999415874481201,
  "pseudo_acc_rx": 0.6583611111111111,
  "pseudo_acc_day": 0.7069166666666666,
  "pseudo_acc_all": 0.6705,
  "gate_precision": 0.7575757575757576,
  "gate_recall": 0.0375,
  "gate_keep_ratio": 0.0198,
  "conf_precision": 0.7575757575757576,
  "conf_recall": 0.0375,
  "conf_keep_ratio": 0.0198,
  "conf_keep_given_gate": 1.0,
  "adapt_stream_size": 10000,
  "gate_size": 198,
  "conf_size": 198,
  "oracle_size": 4000,
  "NoAdapt": {
    "stable_acc": 0.9975,
    "drift_acc_rx": 0.6556666666666666,
    "drift_acc_day": 0.6993333333333334,
    "drift_acc_all": 0.6775,
    "FRR_stable": 0.05958333333333332,
    "FAR_unknown_accept": 0.003777777777777778,
    "miss_drift_rx": 0.2866666666666667,
    "miss_drift_day": 0.48133333333333334,
    "miss_drift_all": 0.384,
    "auc_unknown_eval": 0.9942297222222223
  },
  "UngatedAdapt": {
    "stable_acc": 0.9970833333333333,
    "drift_acc_rx": 0.6563333333333333,
    "drift_acc_day": 0.6923333333333334,
    "drift_acc_all": 0.6743333333333333,
    "FRR_stable": 0.14749999999999996,
    "FAR_unknown_accept": 0.002,
    "miss_drift_rx": 0.21366666666666667,
    "miss_drift_day": 0.4013333333333333,
    "miss_drift_all": 0.3075,
    "auc_unknown_eval": 0.9921375462962962
  },
  "OracleGatePseudoAdapt": {
    "stable_acc": 0.9970833333333333,
    "drift_acc_rx": 0.6533333333333333,
    "drift_acc_day": 0.695,
    "drift_acc_all": 0.6741666666666667,
    "FRR_stable": 0.15249999999999997,
    "FAR_unknown_accept": 0.004666666666666667,
    "miss_drift_rx": 0.25633333333333336,
    "miss_drift_day": 0.44633333333333336,
    "miss_drift_all": 0.35133333333333333,
    "auc_unknown_eval": 0.9889990740740742
  },
  "OracleLabelAdapt": {
    "stable_acc": 0.9979166666666667,
    "drift_acc_rx": 0.9603333333333334,
    "drift_acc_day": 0.999,
    "drift_acc_all": 0.9796666666666667,
    "FRR_stable": 0.30500000000000005,
    "FAR_unknown_accept": 0.0,
    "miss_drift_rx": 0.13733333333333334,
    "miss_drift_day": 0.2946666666666667,
    "miss_drift_all": 0.216,
    "auc_unknown_eval": 0.9956631018518518
  },
  "GatedAdapt": {
    "stable_acc": 0.9975,
    "drift_acc_rx": 0.656,
    "drift_acc_day": 0.6993333333333334,
    "drift_acc_all": 0.6776666666666666,
    "FRR_stable": 0.0591666666666667,
    "FAR_unknown_accept": 0.003777777777777778,
    "miss_drift_rx": 0.2866666666666667,
    "miss_drift_day": 0.48133333333333334,
    "miss_drift_all": 0.384,
    "auc_unknown_eval": 0.9942432870370372
  },
  "GatedConfAdapt": {
    "stable_acc": 0.9975,
    "drift_acc_rx": 0.656,
    "drift_acc_day": 0.6993333333333334,
    "drift_acc_all": 0.6776666666666666,
    "FRR_stable": 0.0591666666666667,
    "FAR_unknown_accept": 0.003777777777777778,
    "miss_drift_rx": 0.2866666666666667,
    "miss_drift_day": 0.48133333333333334,
    "miss_drift_all": 0.384,
    "auc_unknown_eval": 0.9942375462962962
  }
}