{
  "split": 2,
  "fold": 1,
  "false_drift_target": 0.1,
  "tau_id": -0.9066920876502991,
  "tau_dom": 1514.1136474609375,
  "tau_conf": 0.9999415874481201,
  "pseudo_acc_rx": 0.6583611111111111,
  "pseudo_acc_day": 0.7069166666666666,
  "pseudo_acc_all": 0.6705,
  "gate_precision": 0.9294377067254685,
  "gate_recall": 0.21075,
  "gate_keep_ratio": 0.0907,
  "conf_precision": 0.9293598233995585,
  "conf_recall": 0.2105,
  "conf_keep_ratio": 0.0906,
  "conf_keep_given_gate": 0.9988974641675854,
  "adapt_stream_size": 10000,
  "gate_size": 907,
  "conf_size": 906,
  "oracle_size": 4000,
  "NoAdapt": {
    "stable_acc": 0.9975,
    "drift_acc_rx": 0.6556666666666666,
    "drift_acc_day": 0.6993333333333334,
    "drift_acc_all": 0.6775,
    "FRR_stable": 0.14416666666666667,
    "FAR_unknown_accept": 0.0,
    "miss_drift_rx": 0.151,
    "miss_drift_day": 0.2896666666666667,
    "miss_drift_all": 0.22033333333333333,
    "auc_unknown_eval": 0.9942297222222223
  },
  "UngatedAdapt": {
    "stable_acc": 0.9970833333333333,
    "drift_acc_rx": 0.6563333333333333,
    "drift_acc_day": 0.6923333333333334,
    "drift_acc_all": 0.6743333333333333,
    "FRR_stable": 0.22791666666666666,
    "FAR_unknown_accept": 0.0,
    "miss_drift_rx": 0.107,
    "miss_drift_day": 0.21566666666666667,
    "miss_drift_all": 0.16133333333333333,
    "auc_unknown_eval": 0.9921375462962962
  },
  "OracleGatePseudoAdapt": {
    "stable_acc": 0.9970833333333333,
    "drift_acc_rx": 0.6533333333333333,
    "drift_acc_day": 0.695,
    "drift_acc_all": 0.6741666666666667,
    "FRR_stable": 0.23333333333333328,
    "FAR_unknown_accept": 0.0,
    "miss_drift_rx": 0.14566666666666667,
    "miss_drift_day": 0.25633333333333336,
    "miss_drift_all": 0.201,
    "auc_unknown_eval": 0.9889990740740742
  },
  "OracleLabelAdapt": {
    "stable_acc": 0.9979166666666667,
    "drift_acc_rx": 0.9603333333333334,
    "drift_acc_day": 0.999,
    "drift_acc_all": 0.9796666666666667,
    "FRR_stable": 0.3779166666666667,
    "FAR_unknown_accept": 0.0,
    "miss_drift_rx": 0.11066666666666666,
    "miss_drift_day": 0.18933333333333333,
    "miss_drift_all": 0.15,
    "auc_unknown_eval": 0.9956631018518518
  },
  "GatedAdapt": {
    "stable_acc": 0.9975,
    "drift_acc_rx": 0.656,
    "drift_acc_day": 0.6993333333333334,
    "drift_acc_all": 0.6776666666666666,
    "FRR_stable": 0.1433333333333333,
    "FAR_unknown_accept": 0.0,
    "miss_drift_rx": 0.15133333333333332,
    "miss_drift_day": 0.2896666666666667,
    "miss_drift_all": 0.2205,
    "auc_unknown_eval": 0.9942397222222222
  },
  "GatedConfAdapt": {
    "stable_acc": 0.9975,
    "drift_acc_rx": 0.656,
    "drift_acc_day": 0.6993333333333334,
    "drift_acc_all": 0.6776666666666666,
    "FRR_stable": 0.14375000000000004,
    "FAR_unknown_accept": 0.0,
    "miss_drift_rx": 0.151,
    "miss_drift_day": 0.2896666666666667,
    "miss_drift_all": 0.22033333333333333,
    "auc_unknown_eval": 0.9942350462962962
  }
}