{
  "train_loss": [
    0.5200803138591625,
    0.12972454795682872,
    0.05043501049556114,
    0.034653683882896545,
    0.02288424401992449,
    0.019285638054349907,
    0.01711466268946727,
    0.014538567029457125,
    0.01159050348645973,
    0.01350394626217032,
    0.01007325718248332,
    0.00936322479888245,
    0.009261263324016774,
    0.009879455278213654,
    0.007556291359166304,
    0.00696166377014446,
    0.006912856712437201,
    0.0071418672830245835,
    0.005883413601313131,
    0.005455564424887093,
    0.0057164003447353565,
    0.005076358615662213,
    0.004676780967835199,
    0.004335415371126685,
    0.00249195002360028,
    0.004242386479314451,
    0.003613552320921035,
    0.00278785650260505,
    0.005986494978639746,
    0.004417479428229854,
    0.002409008055649422,
    0.005730499267250437,
    0.0025848593034660788,
    0.003166159786202048,
    0.0027598643414589955,
    0.0021827977477288287,
    0.0030497776375678193
  ],
  "train_acc": [
    0.7741898148148149,
    0.9517361111111111,
    0.9842592592592593,
    0.9893518518518518,
    0.993287037037037,
    0.99375,
    0.9949074074074075,
    0.9950231481481482,
    0.9964120370370371,
    0.9961805555555555,
    0.9962962962962963,
    0.9971064814814815,
    0.9969907407407408,
    0.9966435185185185,
    0.9969907407407408,
    0.997337962962963,
    0.9971064814814815,
    0.997800925925926,
    0.9979166666666667,
    0.9983796296296297,
    0.9981481481481481,
    0.9982638888888888,
    0.9982638888888888,
    0.9987268518518518,
    0.9991898148148148,
    0.9988425925925926,
    0.9991898148148148,
    0.9991898148148148,
    0.9981481481481481,
    0.9983796296296297,
    0.9993055555555556,
    0.9982638888888888,
    0.9993055555555556,
    0.9987268518518518,
    0.9993055555555556,
    0.9991898148148148,
    0.9988425925925926
  ],
  "val_loss": [
    1.591945187250773,
    0.6948779622713724,
    0.38814857006073,
    0.20493445495764415,
    0.09929389754931132,
    0.06897707631190618,
    0.055190197688837844,
    0.07523606941103936,
    0.04875383650263151,
    0.054958078327278295,
    0.05662240199744702,
    0.04800247686604659,
    0.04554280340671539,
    0.030147513933479787,
    0.022281254812454184,
    0.028057825611904265,
    0.023240403621457517,
    0.022430098332309474,
    0.027703975047916173,
    0.022376998886466028,
    0.026080790422080707,
    0.01912803560650597,
    0.019174302633230885,
    0.017967860602463286,
    0.017082660365849732,
    0.024612650570149223,
    0.019912053281829382,
    0.02994495151700297,
    0.011751013613926867,
    0.025479946642493208,
    0.012904602342556852,
    0.02181440595110568,
    0.013017557616452298,
    0.016718076120499366,
    0.017551932596446326,
    0.013971960047880809,
    0.023775158046434323
  ],
  "val_acc": [
    0.5666666666666667,
    0.7729166666666667,
    0.8479166666666667,
    0.9197916666666667,
    0.9614583333333333,
    0.9729166666666667,
    0.9864583333333333,
    0.98125,
    0.990625,
    0.9833333333333333,
    0.984375,
    0.9864583333333333,
    0.9895833333333334,
    0.990625,
    0.9947916666666666,
    0.9927083333333333,
    0.9916666666666667,
    0.9927083333333333,
    0.99375,
    0.99375,
    0.9927083333333333,
    0.99375,
    0.996875,
    0.9958333333333333,
    0.9947916666666666,
    0.9916666666666667,
    0.9947916666666666,
    0.990625,
    0.9989583333333333,
    0.9947916666666666,
    0.996875,
    0.9947916666666666,
    0.9989583333333333,
    0.9989583333333333,
    0.9958333333333333,
    0.9979166666666667,
    0.9958333333333333
  ]
}