{
  "split": 15,
  "fold": 1,
  "acc": 0.9983333333333333,
  "auc_unknown": 0.9548436805555556,
  "auc_drift_rx": 0.9352238078703704,
  "auc_drift_day": 0.8439620833333332,
  "tau_id": -0.9435771107673645,
  "tau_dom": 2521.7841796875,
  "FRR_stable": 0.09333333333333338,
  "false_drift_stable": 0.043333333333333335,
  "FAR_unknown_accept": 0.006833333333333334,
  "miss_drift": 0.24060416666666667,
  "confusion_matrix": [
    [
      2176,
      104,
      120
    ],
    [
      11549,
      5021,
      31430
    ],
    [
      205,
      2166,
      27629
    ]
  ]
}