{
  "tau_id": -0.9435771107673645,
  "tau_dom": 2521.7841796875
}