{
  "split": 3,
  "fold": 4,
  "tau_id": -1.3362959265708922,
  "tau_dom": 1878.9017822265605,
  "thr_precision": 0.7155727155727156,
  "thr_recall": 0.139,
  "thr_keep_ratio": 0.0777,
  "topq_precision": 0.6918429003021148,
  "topq_recall": 0.1145,
  "topq_keep_ratio": 0.0662,
  "adapt_stream_size": 10000,
  "thr_size": 777,
  "topq_size": 662,
  "oracle_size": 4000,
  "NoAdapt": {
    "stable_acc": 0.9933333333333333,
    "drift_acc_rx": 0.5796666666666667,
    "drift_acc_day": 0.8556666666666667,
    "drift_acc_all": 0.7176666666666667,
    "FRR_stable": 0.08958333333333335,
    "FAR_unknown_accept": 0.006555555555555556,
    "miss_drift_rx": 0.20233333333333334,
    "miss_drift_day": 0.5,
    "miss_drift_all": 0.3511666666666667,
    "auc_unknown_eval": 0.9835792592592593
  },
  "UngatedAdapt": {
    "stable_acc": 0.9954166666666666,
    "drift_acc_rx": 0.58,
    "drift_acc_day": 0.8486666666666667,
    "drift_acc_all": 0.7143333333333334,
    "FRR_stable": 0.08374999999999999,
    "FAR_unknown_accept": 0.011222222222222222,
    "miss_drift_rx": 0.20566666666666666,
    "miss_drift_day": 0.5056666666666667,
    "miss_drift_all": 0.3556666666666667,
    "auc_unknown_eval": 0.983259675925926
  },
  "GatedAdapt": {
    "stable_acc": 0.9970833333333333,
    "drift_acc_rx": 0.5866666666666667,
    "drift_acc_day": 0.8586666666666667,
    "drift_acc_all": 0.7226666666666667,
    "FRR_stable": 0.08833333333333337,
    "FAR_unknown_accept": 0.006666666666666667,
    "miss_drift_rx": 0.204,
    "miss_drift_day": 0.5013333333333333,
    "miss_drift_all": 0.3526666666666667,
    "auc_unknown_eval": 0.983864675925926
  },
  "GatedTopQAdapt": {
    "stable_acc": 0.9958333333333333,
    "drift_acc_rx": 0.5843333333333334,
    "drift_acc_day": 0.8583333333333333,
    "drift_acc_all": 0.7213333333333334,
    "FRR_stable": 0.08791666666666664,
    "FAR_unknown_accept": 0.0071111111111111115,
    "miss_drift_rx": 0.20333333333333334,
    "miss_drift_day": 0.5013333333333333,
    "miss_drift_all": 0.35233333333333333,
    "auc_unknown_eval": 0.9832877777777778
  },
  "OracleGateAdapt": {
    "stable_acc": 0.995,
    "drift_acc_rx": 0.579,
    "drift_acc_day": 0.862,
    "drift_acc_all": 0.7205,
    "FRR_stable": 0.08666666666666667,
    "FAR_unknown_accept": 0.005333333333333333,
    "miss_drift_rx": 0.199,
    "miss_drift_day": 0.508,
    "miss_drift_all": 0.3535,
    "auc_unknown_eval": 0.9827418055555556
  }
}