{
  "train_loss": [
    0.6512066562970479,
    0.23839907491648638,
    0.10539057795648221,
    0.05899929750572752,
    0.03579139324525992,
    0.028752128117614323,
    0.025434305722376815,
    0.019118224839783378,
    0.01707752513423286,
    0.014307665273857613,
    0.012196307694884362,
    0.011632215384721619,
    0.011655738435823609,
    0.010010980623256829,
    0.009838004545653584,
    0.00813226789339549,
    0.009099364191880104,
    0.0076906946763672214,
    0.006386815002877955,
    0.007648878174195825,
    0.006763030446341468,
    0.007741463219712454,
    0.005481460931305601,
    0.004897125482697178,
    0.004099328233860433,
    0.005374944861547125,
    0.003994204654979209,
    0.0033604478644621042
  ],
  "train_acc": [
    0.7034722222222223,
    0.8988425925925926,
    0.9628472222222222,
    0.9822916666666667,
    0.9881944444444445,
    0.9905092592592593,
    0.9921296296296296,
    0.9934027777777777,
    0.9938657407407407,
    0.9954861111111111,
    0.9957175925925926,
    0.9964120370370371,
    0.9957175925925926,
    0.9965277777777778,
    0.9961805555555555,
    0.9971064814814815,
    0.9967592592592592,
    0.9976851851851852,
    0.9981481481481481,
    0.997337962962963,
    0.997800925925926,
    0.997337962962963,
    0.9979166666666667,
    0.9982638888888888,
    0.9983796296296297,
    0.9979166666666667,
    0.9986111111111111,
    0.9990740740740741
  ],
  "val_loss": [
    2.557704512278239,
    1.0195987462997436,
    0.3377052664756775,
    0.362792432308197,
    0.2061854124069214,
    0.13546603322029113,
    0.11394798258940379,
    0.06327112764120102,
    0.07227790504693984,
    0.04271508132417997,
    0.04186194178958734,
    0.05432861223816872,
    0.03702601989110311,
    0.0503547220180432,
    0.049101475377877554,
    0.04920036147038142,
    0.02707384613653024,
    0.03148721071581046,
    0.039499166732033096,
    0.02023540772497654,
    0.028195889169971147,
    0.021182223052407304,
    0.0353533658819894,
    0.022550393377120295,
    0.029480551105613508,
    0.058216973394155505,
    0.017815209475035468,
    0.021731933299452066
  ],
  "val_acc": [
    0.465625,
    0.6552083333333333,
    0.8739583333333333,
    0.8447916666666667,
    0.9072916666666667,
    0.959375,
    0.9625,
    0.9854166666666667,
    0.978125,
    0.9854166666666667,
    0.9854166666666667,
    0.98125,
    0.990625,
    0.9854166666666667,
    0.984375,
    0.9875,
    0.99375,
    0.990625,
    0.9885416666666667,
    0.9958333333333333,
    0.9927083333333333,
    0.99375,
    0.9927083333333333,
    0.99375,
    0.9927083333333333,
    0.9802083333333333,
    0.9958333333333333,
    0.9927083333333333
  ]
}