{
  "fold": 4,
  "acc": 0.9966666666666667,
  "AUC_u": 0.9374977083333332,
  "AUC_drRX": 0.6806938020833333,
  "AUC_drDAY": 0.587701892361111
}