{
  "train_loss": [
    0.6540909149028636,
    0.20318848407930798,
    0.08390757298028027,
    0.04517432934156171,
    0.03160932099239694,
    0.025964394008257875,
    0.020559128028927027,
    0.01732898814327739,
    0.018078632576874008,
    0.014547192469170248,
    0.010815364106868704,
    0.012204675508352617,
    0.008115697041136662,
    0.0067192714609619645,
    0.008094612627152215,
    0.00739574299055945,
    0.005757021757825795,
    0.0069972991762268875,
    0.007646584422413812,
    0.006010550403691552,
    0.0038934094128543857,
    0.005210364572445138,
    0.004916364062336032,
    0.004553239378125269,
    0.003734086284896842,
    0.004740454226783994,
    0.0018450630764063035,
    0.00308400623810788,
    0.00529416362427313,
    0.0033677156915439778
  ],
  "train_acc": [
    0.7163194444444444,
    0.9224537037037037,
    0.9719907407407408,
    0.9857638888888889,
    0.9908564814814815,
    0.9924768518518519,
    0.9935185185185185,
    0.9951388888888889,
    0.9943287037037037,
    0.9960648148148148,
    0.9961805555555555,
    0.9969907407407408,
    0.9974537037037037,
    0.9982638888888888,
    0.9975694444444444,
    0.9974537037037037,
    0.9980324074074074,
    0.997800925925926,
    0.997800925925926,
    0.9986111111111111,
    0.9991898148148148,
    0.9982638888888888,
    0.9987268518518518,
    0.9986111111111111,
    0.9987268518518518,
    0.9989583333333333,
    0.999537037037037,
    0.9990740740740741,
    0.9986111111111111,
    0.9987268518518518
  ],
  "val_loss": [
    0.6501504262288411,
    0.2427553395430247,
    0.1278223618865013,
    0.06668040308480462,
    0.11148743281761805,
    0.05910654738545418,
    0.03665485264112552,
    0.03201148000080138,
    0.012223468141746708,
    0.02311646788342235,
    0.017036190359309936,
    0.01195460899034515,
    0.011515658543551884,
    0.013670982020751883,
    0.005527013099102381,
    0.009145279728424308,
    0.008840241386011864,
    0.013489060143425984,
    0.017225339138531127,
    0.001576740900054574,
    0.003276583277814401,
    0.0006719991157297045,
    0.0015419563831528648,
    0.006902729003923014,
    0.00017205098653600242,
    0.002747380352229811,
    0.003185945244816442,
    0.0006289290598942898,
    0.001280275676496482,
    0.0004775619636347983
  ],
  "val_acc": [
    0.7427083333333333,
    0.9010416666666666,
    0.9625,
    0.9864583333333333,
    0.9666666666666667,
    0.9854166666666667,
    0.9885416666666667,
    0.990625,
    0.9947916666666666,
    0.99375,
    0.9958333333333333,
    0.9958333333333333,
    0.996875,
    0.9958333333333333,
    0.9979166666666667,
    0.9958333333333333,
    0.9958333333333333,
    0.9958333333333333,
    0.9947916666666666,
    0.9989583333333333,
    0.9979166666666667,
    1.0,
    0.9989583333333333,
    0.9979166666666667,
    1.0,
    0.9989583333333333,
    0.9979166666666667,
    1.0,
    1.0,
    1.0
  ]
}