{
  "split": 13,
  "fold": 2,
  "acc": 0.9979166666666667,
  "auc_unknown": 0.9968122222222222,
  "auc_drift_rx": 0.9282159085648148,
  "auc_drift_day": 0.8192146180555555,
  "tau_id": -1.3044028282165527,
  "tau_dom": 2627.1689453125,
  "FRR_stable": 0.09083333333333332,
  "false_drift_stable": 0.04083333333333333,
  "FAR_unknown_accept": 0.0,
  "miss_drift": 0.2765208333333333,
  "confusion_matrix": [
    [
      2182,
      98,
      120
    ],
    [
      13273,
      5972,
      28755
    ],
    [
      0,
      103,
      29897
    ]
  ]
}