{
  "tau_id": -1.3044028282165527,
  "tau_dom": 2627.1689453125
}