{
  "train_loss": [
    0.6223479178216722,
    0.1970561139009617,
    0.07968606910219898,
    0.04763224819606101,
    0.03430893789562914,
    0.023697687264669826,
    0.021789829729607812,
    0.017827484180667885,
    0.01456186094286817,
    0.012964792330576866,
    0.009464945852394319,
    0.012469832888045521,
    0.011326074411368205,
    0.009594572967573725,
    0.009255439325891159,
    0.007197898791464805,
    0.008416921098682063,
    0.008930665832788993,
    0.005727374281182333,
    0.007161338520839948,
    0.005233831370801285,
    0.007244766845919744,
    0.004012969265588456,
    0.0039551024661502905,
    0.0023671923136269605,
    0.003969693006042184,
    0.0043735143260737125
  ],
  "train_acc": [
    0.7331018518518518,
    0.9171296296296296,
    0.9716435185185185,
    0.9850694444444444,
    0.9886574074074074,
    0.9920138888888889,
    0.993287037037037,
    0.9938657407407407,
    0.9952546296296296,
    0.9954861111111111,
    0.9974537037037037,
    0.9959490740740741,
    0.9964120370370371,
    0.9964120370370371,
    0.996875,
    0.9975694444444444,
    0.9976851851851852,
    0.9972222222222222,
    0.997800925925926,
    0.9979166666666667,
    0.9983796296296297,
    0.9976851851851852,
    0.9989583333333333,
    0.9988425925925926,
    0.9994212962962963,
    0.9986111111111111,
    0.9983796296296297
  ],
  "val_loss": [
    0.42551708618799844,
    0.2079505999883016,
    0.19321149786313374,
    0.08642425239086152,
    0.056807012856006624,
    0.06426130160689354,
    0.06978392004966735,
    0.05072778065999349,
    0.04049852018555005,
    0.03971735015511513,
    0.03283480610698462,
    0.021945256212105354,
    0.03370555217067401,
    0.053238333016633985,
    0.02662181363751491,
    0.020919633726589382,
    0.022395358188077807,
    0.006801182581693865,
    0.015687610069289804,
    0.012687304387024293,
    0.009523797363120442,
    0.030404151619101562,
    0.026011268282309173,
    0.01296415743418038,
    0.031296871866409975,
    0.006536866307093684,
    0.03212599672066669
  ],
  "val_acc": [
    0.7916666666666666,
    0.90625,
    0.94375,
    0.9770833333333333,
    0.98125,
    0.9791666666666666,
    0.9791666666666666,
    0.9864583333333333,
    0.9875,
    0.9875,
    0.9916666666666667,
    0.99375,
    0.990625,
    0.984375,
    0.9916666666666667,
    0.9927083333333333,
    0.99375,
    0.9958333333333333,
    0.996875,
    0.996875,
    0.9958333333333333,
    0.9916666666666667,
    0.9927083333333333,
    0.996875,
    0.9927083333333333,
    0.996875,
    0.9916666666666667
  ]
}