{
  "split": 13,
  "fold": 3,
  "acc": 0.9929166666666667,
  "auc_unknown": 0.9976780555555556,
  "auc_drift_rx": 0.928919994212963,
  "auc_drift_day": 0.8373222048611111,
  "tau_id": -1.3922886848449707,
  "tau_dom": 2331.315673828125,
  "FRR_stable": 0.0904166666666667,
  "false_drift_stable": 0.04041666666666666,
  "FAR_unknown_accept": 0.0,
  "miss_drift": 0.28839583333333335,
  "confusion_matrix": [
    [
      2183,
      97,
      120
    ],
    [
      13843,
      8293,
      25864
    ],
    [
      0,
      951,
      29049
    ]
  ]
}