{
  "tau_id": -1.3922886848449707,
  "tau_dom": 2331.315673828125
}