{
  "split": 1,
  "fold": 3,
  "acc": 0.9954166666666666,
  "auc_drift_rx": 0.9658424074074072,
  "auc_drift_day": 0.8778164930555555,
  "tau_dom": 2633.628491210933,
  "sid_results": {
    "EmbMaha": {
      "tau_id": -1010.7595581054687,
      "auc_unknown": 0.45910906250000005,
      "FRR_stable": 0.09333333333333338,
      "false_drift_stable": 0.043333333333333335,
      "FAR_unknown_accept": 0.16023333333333334,
      "miss_drift": 0.13133333333333333,
      "confusion_matrix": [
        [
          2176,
          104,
          120
        ],
        [
          6304,
          8069,
          33627
        ],
        [
          4807,
          19301,
          5892
        ]
      ]
    },
    "Energy": {
      "tau_id": 4.862594199180603,
      "auc_unknown": 0.7952996527777777,
      "FRR_stable": 0.09624999999999995,
      "false_drift_stable": 0.04625,
      "FAR_unknown_accept": 0.16,
      "miss_drift": 0.18347916666666667,
      "confusion_matrix": [
        [
          2169,
          111,
          120
        ],
        [
          8807,
          14675,
          24518
        ],
        [
          4800,
          20156,
          5044
        ]
      ]
    },
    "Fusion_lam0.25": {
      "tau_id": -0.9341909348964691,
      "auc_unknown": 0.6753792361111111,
      "FRR_stable": 0.09375,
      "false_drift_stable": 0.04375,
      "FAR_unknown_accept": 0.16006666666666666,
      "miss_drift": 0.1299375,
      "confusion_matrix": [
        [
          2175,
          105,
          120
        ],
        [
          6237,
          7872,
          33891
        ],
        [
          4802,
          19040,
          6158
        ]
      ]
    },
    "Fusion_lam0.5": {
      "tau_id": -1.2191095352172852,
      "auc_unknown": 0.7636271527777778,
      "FRR_stable": 0.09375,
      "false_drift_stable": 0.04375,
      "FAR_unknown_accept": 0.16,
      "miss_drift": 0.13227083333333334,
      "confusion_matrix": [
        [
          2175,
          105,
          120
        ],
        [
          6349,
          8037,
          33614
        ],
        [
          4800,
          19007,
          6193
        ]
      ]
    },
    "Fusion_lam1.0": {
      "tau_id": -1.8743227481842042,
      "auc_unknown": 0.8035911805555556,
      "FRR_stable": 0.09416666666666662,
      "false_drift_stable": 0.04416666666666667,
      "FAR_unknown_accept": 0.15996666666666667,
      "miss_drift": 0.13920833333333332,
      "confusion_matrix": [
        [
          2174,
          106,
          120
        ],
        [
          6682,
          8511,
          32807
        ],
        [
          4799,
          19035,
          6166
        ]
      ]
    },
    "Fusion_lam1.5": {
      "tau_id": -2.5765430688858033,
      "auc_unknown": 0.8002309027777778,
      "FRR_stable": 0.09458333333333335,
      "false_drift_stable": 0.044583333333333336,
      "FAR_unknown_accept": 0.15993333333333334,
      "miss_drift": 0.1435625,
      "confusion_matrix": [
        [
          2173,
          107,
          120
        ],
        [
          6891,
          8939,
          32170
        ],
        [
          4798,
          19080,
          6122
        ]
      ]
    },
    "Fusion_lam2.0": {
      "tau_id": -3.3167787194252014,
      "auc_unknown": 0.7970434027777777,
      "FRR_stable": 0.09499999999999997,
      "false_drift_stable": 0.045,
      "FAR_unknown_accept": 0.15996666666666667,
      "miss_drift": 0.14722916666666666,
      "confusion_matrix": [
        [
          2172,
          108,
          120
        ],
        [
          7067,
          9387,
          31546
        ],
        [
          4799,
          19180,
          6021
        ]
      ]
    }
  },
  "best_sid": "Fusion_lam1.0"
}