{
  "train_loss": [
    0.2822829339929201,
    0.02191513362513096,
    0.010888170854498943,
    0.008557258959411194,
    0.00687320866725511,
    0.005956233514438349,
    0.004183044454893442,
    0.003870477003726625,
    0.0036376383090909155,
    0.003573461425602781,
    0.002331624538594581,
    0.004958734925215443,
    0.002947814081778267,
    0.00263924284167674,
    0.0021591315202251146,
    0.0021724343934760395,
    0.0039278361467748055,
    0.0032598630891664438,
    0.0017776966451762107,
    0.002113754932630669,
    0.0020855264117320377,
    0.001187141898144209,
    0.0019100240070083938,
    0.0027535820483333535
  ],
  "train_acc": [
    0.8966435185185185,
    0.9960648148148148,
    0.9979166666666667,
    0.9979166666666667,
    0.9983796296296297,
    0.9982638888888888,
    0.9990740740740741,
    0.9988425925925926,
    0.9989583333333333,
    0.9989583333333333,
    0.9993055555555556,
    0.9984953703703704,
    0.9990740740740741,
    0.9990740740740741,
    0.9993055555555556,
    0.9993055555555556,
    0.9991898148148148,
    0.9994212962962963,
    0.9994212962962963,
    0.9991898148148148,
    0.9994212962962963,
    0.9997685185185186,
    0.999537037037037,
    0.9990740740740741
  ],
  "val_loss": [
    1.1546314398447672,
    0.6399839440981547,
    0.2935063302516937,
    0.17304475903511046,
    0.06809475099047026,
    0.051772832746307056,
    0.0274620007413129,
    0.01008438061689958,
    0.01476394860073924,
    0.015179402854604026,
    0.024299371739228567,
    0.015867847887178262,
    0.0024750710057560355,
    0.013128338723133008,
    0.008318351209163665,
    0.0048076969804242255,
    0.010630972978348533,
    0.0018761642374253522,
    0.0038205557551312572,
    0.0034488770812458823,
    0.002145069698478134,
    0.0014997634663207768,
    0.0022063571804513534,
    0.0032114414003444835
  ],
  "val_acc": [
    0.6791666666666667,
    0.7989583333333333,
    0.89375,
    0.946875,
    0.9760416666666667,
    0.9822916666666667,
    0.9885416666666667,
    0.996875,
    0.9947916666666666,
    0.9947916666666666,
    0.990625,
    0.9958333333333333,
    0.9989583333333333,
    0.9958333333333333,
    0.9979166666666667,
    1.0,
    0.9947916666666666,
    0.9989583333333333,
    0.9979166666666667,
    0.9989583333333333,
    0.9989583333333333,
    0.9989583333333333,
    0.9989583333333333,
    0.9989583333333333
  ]
}