{
  "split": 4,
  "fold": 5,
  "acc": 0.9966666666666667,
  "auc_unknown": 0.996607013888889,
  "auc_drift_rx": 0.9216259259259261,
  "auc_drift_day": 0.8138761284722222,
  "tau_id": -1.1691699028015137,
  "tau_dom": 2425.7197265625,
  "FRR_stable": 0.09833333333333338,
  "false_drift_stable": 0.04833333333333333,
  "FAR_unknown_accept": 0.00013333333333333334,
  "miss_drift": 0.21952083333333333,
  "confusion_matrix": [
    [
      2164,
      116,
      120
    ],
    [
      10537,
      7242,
      30221
    ],
    [
      4,
      105,
      29891
    ]
  ]
}