{
  "tau_id": -1.1691699028015137,
  "tau_dom": 2425.7197265625
}