{
  "acc": {
    "mean": 0.9970555555555556,
    "std": 0.0019571016615342776
  },
  "unknown": {
    "EmbMaha": {
      "mean": 0.9322778935185185,
      "std": 0.09183909689280861
    },
    "Energy": {
      "mean": 0.8268113148148148,
      "std": 0.06737639797205497
    },
    "MSP": {
      "mean": 0.8303972685185185,
      "std": 0.0715572546223984
    },
    "Margin": {
      "mean": 0.8296389953703703,
      "std": 0.07203135723418284
    },
    "NegEntropy": {
      "mean": 0.8308727893518518,
      "std": 0.07150747607633769
    },
    "cosine_proto": {
      "mean": 0.8310655000000001,
      "std": 0.13009918104273838
    }
  },
  "drRX": {
    "V0_deviceDist": {
      "mean": 0.7707610158179012,
      "std": 0.022976686485125356
    },
    "V1_minDist": {
      "mean": 0.9323429371141976,
      "std": 0.013448974243110838
    },
    "V1_mixNLL": {
      "mean": 0.9334350972222223,
      "std": 0.013271909973935618
    },
    "V1_softminDist": {
      "mean": 0.932342875,
      "std": 0.013448952368085606
    },
    "V1_weightedMixNLL": {
      "mean": 0.9046843506944444,
      "std": 0.015912068356897128
    },
    "V2_rxPooledMinDist": {
      "mean": 0.7389343433641976,
      "std": 0.02689294797196813
    },
    "VZ_pca_minDist": {
      "mean": 0.8734560918209875,
      "std": 0.03617029751633937
    }
  },
  "drDAY": {
    "V0_deviceDist": {
      "mean": 0.6119408518518518,
      "std": 0.029696456085046223
    },
    "V1_minDist": {
      "mean": 0.8354216956018519,
      "std": 0.022223834299288727
    },
    "V1_mixNLL": {
      "mean": 0.8375171018518519,
      "std": 0.02215437212135551
    },
    "V1_softminDist": {
      "mean": 0.8354214178240742,
      "std": 0.022223960037550932
    },
    "V1_weightedMixNLL": {
      "mean": 0.8004412025462962,
      "std": 0.015438667557000815
    },
    "V2_rxPooledMinDist": {
      "mean": 0.5363824849537038,
      "std": 0.06086669095834661
    },
    "VZ_pca_minDist": {
      "mean": 0.744682105324074,
      "std": 0.05540457035454433
    }
  }
}