{
  "train_loss": [
    0.2497905090175293,
    0.01704223711664478,
    0.01706994467207955,
    0.007842203003733799,
    0.006888503659758027,
    0.005925723295917527,
    0.005348589633487993,
    0.004921778178497873,
    0.004192524513065884,
    0.004247084810803817,
    0.004127734566443704,
    0.0027087565474815806,
    0.0027152446387508126,
    0.0036298285267548636,
    0.00205568389027138,
    0.0037703475573195007,
    0.0027100592424782613,
    0.0032700071409905193,
    0.003413184344794394,
    0.0022354984707716437,
    0.002150273227770985,
    0.0016305014428561898,
    0.001503223857758308,
    0.0032900879371919912,
    0.003552037932752649
  ],
  "train_acc": [
    0.9224537037037037,
    0.9971064814814815,
    0.9974537037037037,
    0.9988425925925926,
    0.9981481481481481,
    0.9984953703703704,
    0.9983796296296297,
    0.9987268518518518,
    0.9982638888888888,
    0.9981481481481481,
    0.9981481481481481,
    0.9993055555555556,
    0.9990740740740741,
    0.9989583333333333,
    0.9993055555555556,
    0.9993055555555556,
    0.9990740740740741,
    0.9989583333333333,
    0.9988425925925926,
    0.9990740740740741,
    0.999537037037037,
    0.9996527777777777,
    0.9991898148148148,
    0.9990740740740741,
    0.9990740740740741
  ],
  "val_loss": [
    0.6299831628799438,
    0.4531262199083964,
    0.15343539118766786,
    0.08367656469345093,
    0.06428232118487358,
    0.033547790503750244,
    0.04337577832241853,
    0.025201492104679347,
    0.022016879838580885,
    0.019464384686822694,
    0.015675684281935293,
    0.013419744116254151,
    0.011693136416336831,
    0.007846309658877242,
    0.012109603104181587,
    0.010191458192033072,
    0.009974756134518733,
    0.014762513743092617,
    0.01598374292079825,
    0.010146588994151292,
    0.003141155277262442,
    0.00512760729228224,
    0.0108868311055024,
    0.012583961725855868,
    0.0027716599606113354
  ],
  "val_acc": [
    0.7583333333333333,
    0.8125,
    0.9416666666666667,
    0.9791666666666666,
    0.984375,
    0.99375,
    0.9895833333333334,
    0.9947916666666666,
    0.9958333333333333,
    0.9979166666666667,
    0.9979166666666667,
    0.9979166666666667,
    0.9979166666666667,
    0.996875,
    0.996875,
    0.9979166666666667,
    0.9989583333333333,
    0.996875,
    0.9958333333333333,
    0.9958333333333333,
    0.9989583333333333,
    0.9989583333333333,
    0.9979166666666667,
    0.9979166666666667,
    0.9989583333333333
  ]
}