{
  "split": 2,
  "fold": 4,
  "acc": 0.99875,
  "auc_unknown": 0.9848928472222223,
  "auc_drift_rx": 0.9274094907407409,
  "auc_drift_day": 0.8535016666666668,
  "tau_id": -1.3216348886489868,
  "tau_dom": 2036.0372314453125,
  "FRR_stable": 0.09624999999999995,
  "false_drift_stable": 0.04625,
  "FAR_unknown_accept": 0.0,
  "miss_drift": 0.20666666666666667,
  "confusion_matrix": [
    [
      2169,
      111,
      120
    ],
    [
      9920,
      8015,
      30065
    ],
    [
      0,
      632,
      29368
    ]
  ]
}