{
  "tau_id": -1.3216348886489868,
  "tau_dom": 2036.0372314453125
}