{
  "tau_id_single": -1080.6039794921874,
  "tau_dom_single": 1787.51287841796,
  "tau_id_low": -4225.521577148437,
  "tau_id_high": -701.3022888183593,
  "tau_dom_dual": 1787.51287841796
}