{
  "split": 5,
  "fold": 4,
  "false_drift_target": 0.05,
  "tau_id": -1.221875548362732,
  "tau_dom": 2640.3759765625,
  "tau_conf": 0.9962958097457886,
  "pseudo_acc_rx": 0.5546111111111112,
  "pseudo_acc_day": 0.6636666666666666,
  "pseudo_acc_all": 0.581875,
  "gate_precision": 0.22934173669467786,
  "gate_recall": 0.16375,
  "gate_keep_ratio": 0.2856,
  "conf_precision": 0.22942206654991243,
  "conf_recall": 0.16375,
  "conf_keep_ratio": 0.2855,
  "conf_keep_given_gate": 0.9996498599439776,
  "adapt_stream_size": 10000,
  "gate_size": 2856,
  "conf_size": 2855,
  "oracle_size": 4000,
  "NoAdapt": {
    "stable_acc": 0.9975,
    "drift_acc_rx": 0.566,
    "drift_acc_day": 0.67,
    "drift_acc_all": 0.618,
    "FRR_stable": 0.09666666666666668,
    "FAR_unknown_accept": 0.4831111111111111,
    "miss_drift_rx": 0.107,
    "miss_drift_day": 0.34,
    "miss_drift_all": 0.2235,
    "auc_unknown_eval": 0.6780459027777778
  },
  "UngatedAdapt": {
    "stable_acc": 0.9970833333333333,
    "drift_acc_rx": 0.567,
    "drift_acc_day": 0.6713333333333333,
    "drift_acc_all": 0.6191666666666666,
    "FRR_stable": 0.08958333333333335,
    "FAR_unknown_accept": 0.4821111111111111,
    "miss_drift_rx": 0.109,
    "miss_drift_day": 0.342,
    "miss_drift_all": 0.2255,
    "auc_unknown_eval": 0.705502962962963
  },
  "OracleGatePseudoAdapt": {
    "stable_acc": 0.9966666666666667,
    "drift_acc_rx": 0.569,
    "drift_acc_day": 0.677,
    "drift_acc_all": 0.623,
    "FRR_stable": 0.10083333333333333,
    "FAR_unknown_accept": 0.484,
    "miss_drift_rx": 0.10366666666666667,
    "miss_drift_day": 0.334,
    "miss_drift_all": 0.21883333333333332,
    "auc_unknown_eval": 0.6787181481481481
  },
  "OracleLabelAdapt": {
    "stable_acc": 0.9983333333333333,
    "drift_acc_rx": 0.9156666666666666,
    "drift_acc_day": 0.9913333333333333,
    "drift_acc_all": 0.9535,
    "FRR_stable": 0.3995833333333333,
    "FAR_unknown_accept": 0.0,
    "miss_drift_rx": 0.015,
    "miss_drift_day": 0.079,
    "miss_drift_all": 0.047,
    "auc_unknown_eval": 0.9333856481481482
  },
  "GatedAdapt": {
    "stable_acc": 0.9966666666666667,
    "drift_acc_rx": 0.5883333333333334,
    "drift_acc_day": 0.7,
    "drift_acc_all": 0.6441666666666667,
    "FRR_stable": 0.08625000000000005,
    "FAR_unknown_accept": 0.48333333333333334,
    "miss_drift_rx": 0.11066666666666666,
    "miss_drift_day": 0.3496666666666667,
    "miss_drift_all": 0.23016666666666666,
    "auc_unknown_eval": 0.681248125
  },
  "GatedConfAdapt": {
    "stable_acc": 0.9966666666666667,
    "drift_acc_rx": 0.5863333333333334,
    "drift_acc_day": 0.6996666666666667,
    "drift_acc_all": 0.643,
    "FRR_stable": 0.08708333333333329,
    "FAR_unknown_accept": 0.4836666666666667,
    "miss_drift_rx": 0.111,
    "miss_drift_day": 0.3496666666666667,
    "miss_drift_all": 0.23033333333333333,
    "auc_unknown_eval": 0.6772965277777778
  }
}