{
  "split": 5,
  "fold": 4,
  "false_drift_target": 0.2,
  "tau_id": -1.221875548362732,
  "tau_dom": 1067.7667236328125,
  "tau_conf": 0.9962958097457886,
  "pseudo_acc_rx": 0.5546111111111112,
  "pseudo_acc_day": 0.6636666666666666,
  "pseudo_acc_all": 0.581875,
  "gate_precision": 0.21332236842105262,
  "gate_recall": 0.32425,
  "gate_keep_ratio": 0.608,
  "conf_precision": 0.21102128361656491,
  "conf_recall": 0.31975,
  "conf_keep_ratio": 0.6061,
  "conf_keep_given_gate": 0.996875,
  "adapt_stream_size": 10000,
  "gate_size": 6080,
  "conf_size": 6061,
  "oracle_size": 4000,
  "NoAdapt": {
    "stable_acc": 0.9975,
    "drift_acc_rx": 0.566,
    "drift_acc_day": 0.67,
    "drift_acc_all": 0.618,
    "FRR_stable": 0.24083333333333334,
    "FAR_unknown_accept": 0.05611111111111111,
    "miss_drift_rx": 0.011333333333333334,
    "miss_drift_day": 0.11466666666666667,
    "miss_drift_all": 0.063,
    "auc_unknown_eval": 0.6780459027777778
  },
  "UngatedAdapt": {
    "stable_acc": 0.9970833333333333,
    "drift_acc_rx": 0.567,
    "drift_acc_day": 0.6713333333333333,
    "drift_acc_all": 0.6191666666666666,
    "FRR_stable": 0.23375,
    "FAR_unknown_accept": 0.05611111111111111,
    "miss_drift_rx": 0.012,
    "miss_drift_day": 0.116,
    "miss_drift_all": 0.064,
    "auc_unknown_eval": 0.705502962962963
  },
  "OracleGatePseudoAdapt": {
    "stable_acc": 0.9966666666666667,
    "drift_acc_rx": 0.569,
    "drift_acc_day": 0.677,
    "drift_acc_all": 0.623,
    "FRR_stable": 0.24458333333333337,
    "FAR_unknown_accept": 0.05611111111111111,
    "miss_drift_rx": 0.012,
    "miss_drift_day": 0.10966666666666666,
    "miss_drift_all": 0.060833333333333336,
    "auc_unknown_eval": 0.6787181481481481
  },
  "OracleLabelAdapt": {
    "stable_acc": 0.9983333333333333,
    "drift_acc_rx": 0.9156666666666666,
    "drift_acc_day": 0.9913333333333333,
    "drift_acc_all": 0.9535,
    "FRR_stable": 0.4754166666666667,
    "FAR_unknown_accept": 0.0,
    "miss_drift_rx": 0.006666666666666667,
    "miss_drift_day": 0.007333333333333333,
    "miss_drift_all": 0.007,
    "auc_unknown_eval": 0.9333856481481482
  },
  "GatedAdapt": {
    "stable_acc": 0.9966666666666667,
    "drift_acc_rx": 0.591,
    "drift_acc_day": 0.7006666666666667,
    "drift_acc_all": 0.6458333333333334,
    "FRR_stable": 0.22999999999999998,
    "FAR_unknown_accept": 0.05611111111111111,
    "miss_drift_rx": 0.013333333333333334,
    "miss_drift_day": 0.123,
    "miss_drift_all": 0.06816666666666667,
    "auc_unknown_eval": 0.6960531249999999
  },
  "GatedConfAdapt": {
    "stable_acc": 0.9966666666666667,
    "drift_acc_rx": 0.5886666666666667,
    "drift_acc_day": 0.7,
    "drift_acc_all": 0.6443333333333333,
    "FRR_stable": 0.23041666666666671,
    "FAR_unknown_accept": 0.05611111111111111,
    "miss_drift_rx": 0.013333333333333334,
    "miss_drift_day": 0.124,
    "miss_drift_all": 0.06866666666666667,
    "auc_unknown_eval": 0.6849627546296296
  }
}