{
  "split": 5,
  "fold": 4,
  "false_drift_target": 0.1,
  "tau_id": -1.221875548362732,
  "tau_dom": 1957.0458984375,
  "tau_conf": 0.9962958097457886,
  "pseudo_acc_rx": 0.5546111111111112,
  "pseudo_acc_day": 0.6636666666666666,
  "pseudo_acc_all": 0.581875,
  "gate_precision": 0.20703125,
  "gate_recall": 0.22525,
  "gate_keep_ratio": 0.4352,
  "conf_precision": 0.20707883245230982,
  "conf_recall": 0.22525,
  "conf_keep_ratio": 0.4351,
  "conf_keep_given_gate": 0.9997702205882353,
  "adapt_stream_size": 10000,
  "gate_size": 4352,
  "conf_size": 4351,
  "oracle_size": 4000,
  "NoAdapt": {
    "stable_acc": 0.9975,
    "drift_acc_rx": 0.566,
    "drift_acc_day": 0.67,
    "drift_acc_all": 0.618,
    "FRR_stable": 0.14416666666666667,
    "FAR_unknown_accept": 0.2757777777777778,
    "miss_drift_rx": 0.05733333333333333,
    "miss_drift_day": 0.2723333333333333,
    "miss_drift_all": 0.16483333333333333,
    "auc_unknown_eval": 0.6780459027777778
  },
  "UngatedAdapt": {
    "stable_acc": 0.9970833333333333,
    "drift_acc_rx": 0.567,
    "drift_acc_day": 0.6713333333333333,
    "drift_acc_all": 0.6191666666666666,
    "FRR_stable": 0.13708333333333333,
    "FAR_unknown_accept": 0.2763333333333333,
    "miss_drift_rx": 0.058666666666666666,
    "miss_drift_day": 0.27366666666666667,
    "miss_drift_all": 0.16616666666666666,
    "auc_unknown_eval": 0.705502962962963
  },
  "OracleGatePseudoAdapt": {
    "stable_acc": 0.9966666666666667,
    "drift_acc_rx": 0.569,
    "drift_acc_day": 0.677,
    "drift_acc_all": 0.623,
    "FRR_stable": 0.14833333333333332,
    "FAR_unknown_accept": 0.27655555555555555,
    "miss_drift_rx": 0.057,
    "miss_drift_day": 0.2673333333333333,
    "miss_drift_all": 0.16216666666666665,
    "auc_unknown_eval": 0.6787181481481481
  },
  "OracleLabelAdapt": {
    "stable_acc": 0.9983333333333333,
    "drift_acc_rx": 0.9156666666666666,
    "drift_acc_day": 0.9913333333333333,
    "drift_acc_all": 0.9535,
    "FRR_stable": 0.4258333333333333,
    "FAR_unknown_accept": 0.0,
    "miss_drift_rx": 0.011333333333333334,
    "miss_drift_day": 0.037,
    "miss_drift_all": 0.024166666666666666,
    "auc_unknown_eval": 0.9333856481481482
  },
  "GatedAdapt": {
    "stable_acc": 0.9966666666666667,
    "drift_acc_rx": 0.5883333333333334,
    "drift_acc_day": 0.7003333333333334,
    "drift_acc_all": 0.6443333333333333,
    "FRR_stable": 0.13291666666666668,
    "FAR_unknown_accept": 0.2753333333333333,
    "miss_drift_rx": 0.06166666666666667,
    "miss_drift_day": 0.2806666666666667,
    "miss_drift_all": 0.17116666666666666,
    "auc_unknown_eval": 0.6892155555555556
  },
  "GatedConfAdapt": {
    "stable_acc": 0.9966666666666667,
    "drift_acc_rx": 0.588,
    "drift_acc_day": 0.7003333333333334,
    "drift_acc_all": 0.6441666666666667,
    "FRR_stable": 0.13416666666666666,
    "FAR_unknown_accept": 0.2763333333333333,
    "miss_drift_rx": 0.06066666666666667,
    "miss_drift_day": 0.282,
    "miss_drift_all": 0.17133333333333334,
    "auc_unknown_eval": 0.6777972453703704
  }
}