{
  "split": 5,
  "fold": 4,
  "false_drift_target": 0.01,
  "tau_id": -1.221875548362732,
  "tau_dom": 5201.33251953125,
  "tau_conf": 0.9962958097457886,
  "pseudo_acc_rx": 0.5546111111111112,
  "pseudo_acc_day": 0.6636666666666666,
  "pseudo_acc_all": 0.581875,
  "gate_precision": 0.244,
  "gate_recall": 0.07625,
  "gate_keep_ratio": 0.125,
  "conf_precision": 0.244,
  "conf_recall": 0.07625,
  "conf_keep_ratio": 0.125,
  "conf_keep_given_gate": 1.0,
  "adapt_stream_size": 10000,
  "gate_size": 1250,
  "conf_size": 1250,
  "oracle_size": 4000,
  "NoAdapt": {
    "stable_acc": 0.9975,
    "drift_acc_rx": 0.566,
    "drift_acc_day": 0.67,
    "drift_acc_all": 0.618,
    "FRR_stable": 0.05958333333333332,
    "FAR_unknown_accept": 0.6947777777777778,
    "miss_drift_rx": 0.19566666666666666,
    "miss_drift_day": 0.437,
    "miss_drift_all": 0.31633333333333336,
    "auc_unknown_eval": 0.6780459027777778
  },
  "UngatedAdapt": {
    "stable_acc": 0.9970833333333333,
    "drift_acc_rx": 0.567,
    "drift_acc_day": 0.6713333333333333,
    "drift_acc_all": 0.6191666666666666,
    "FRR_stable": 0.05249999999999999,
    "FAR_unknown_accept": 0.6874444444444444,
    "miss_drift_rx": 0.19566666666666666,
    "miss_drift_day": 0.43933333333333335,
    "miss_drift_all": 0.3175,
    "auc_unknown_eval": 0.705502962962963
  },
  "OracleGatePseudoAdapt": {
    "stable_acc": 0.9966666666666667,
    "drift_acc_rx": 0.569,
    "drift_acc_day": 0.677,
    "drift_acc_all": 0.623,
    "FRR_stable": 0.06333333333333335,
    "FAR_unknown_accept": 0.6957777777777778,
    "miss_drift_rx": 0.192,
    "miss_drift_day": 0.43066666666666664,
    "miss_drift_all": 0.31133333333333335,
    "auc_unknown_eval": 0.6787181481481481
  },
  "OracleLabelAdapt": {
    "stable_acc": 0.9983333333333333,
    "drift_acc_rx": 0.9156666666666666,
    "drift_acc_day": 0.9913333333333333,
    "drift_acc_all": 0.9535,
    "FRR_stable": 0.37250000000000005,
    "FAR_unknown_accept": 0.0,
    "miss_drift_rx": 0.03766666666666667,
    "miss_drift_day": 0.14333333333333334,
    "miss_drift_all": 0.0905,
    "auc_unknown_eval": 0.9333856481481482
  },
  "GatedAdapt": {
    "stable_acc": 0.9966666666666667,
    "drift_acc_rx": 0.5886666666666667,
    "drift_acc_day": 0.7003333333333334,
    "drift_acc_all": 0.6445,
    "FRR_stable": 0.04874999999999996,
    "FAR_unknown_accept": 0.694,
    "miss_drift_rx": 0.19933333333333333,
    "miss_drift_day": 0.445,
    "miss_drift_all": 0.32216666666666666,
    "auc_unknown_eval": 0.6872611342592593
  },
  "GatedConfAdapt": {
    "stable_acc": 0.9966666666666667,
    "drift_acc_rx": 0.5853333333333334,
    "drift_acc_day": 0.6993333333333334,
    "drift_acc_all": 0.6423333333333333,
    "FRR_stable": 0.04958333333333331,
    "FAR_unknown_accept": 0.6955555555555556,
    "miss_drift_rx": 0.19833333333333333,
    "miss_drift_day": 0.44633333333333336,
    "miss_drift_all": 0.32233333333333336,
    "auc_unknown_eval": 0.6782119907407407
  }
}