{
  "split": 5,
  "fold": 2,
  "false_drift_target": 0.1,
  "tau_id": -0.9672359228134155,
  "tau_dom": 1888.3690185546875,
  "tau_conf": 0.9986447691917419,
  "pseudo_acc_rx": 0.5673888888888889,
  "pseudo_acc_day": 0.7048333333333333,
  "pseudo_acc_all": 0.60175,
  "gate_precision": 0.23569570871261378,
  "gate_recall": 0.18125,
  "gate_keep_ratio": 0.3076,
  "conf_precision": 0.23569570871261378,
  "conf_recall": 0.18125,
  "conf_keep_ratio": 0.3076,
  "conf_keep_given_gate": 1.0,
  "adapt_stream_size": 10000,
  "gate_size": 3076,
  "conf_size": 3076,
  "oracle_size": 4000,
  "NoAdapt": {
    "stable_acc": 0.9979166666666667,
    "drift_acc_rx": 0.561,
    "drift_acc_day": 0.7056666666666667,
    "drift_acc_all": 0.6333333333333333,
    "FRR_stable": 0.14166666666666672,
    "FAR_unknown_accept": 0.3997777777777778,
    "miss_drift_rx": 0.046,
    "miss_drift_day": 0.24966666666666668,
    "miss_drift_all": 0.14783333333333334,
    "auc_unknown_eval": 0.7518466666666667
  },
  "UngatedAdapt": {
    "stable_acc": 0.9979166666666667,
    "drift_acc_rx": 0.562,
    "drift_acc_day": 0.709,
    "drift_acc_all": 0.6355,
    "FRR_stable": 0.14,
    "FAR_unknown_accept": 0.1928888888888889,
    "miss_drift_rx": 0.04533333333333334,
    "miss_drift_day": 0.246,
    "miss_drift_all": 0.14566666666666667,
    "auc_unknown_eval": 0.8769263888888889
  },
  "OracleGatePseudoAdapt": {
    "stable_acc": 0.9979166666666667,
    "drift_acc_rx": 0.5613333333333334,
    "drift_acc_day": 0.7066666666666667,
    "drift_acc_all": 0.634,
    "FRR_stable": 0.16749999999999998,
    "FAR_unknown_accept": 0.39955555555555555,
    "miss_drift_rx": 0.04633333333333333,
    "miss_drift_day": 0.24533333333333332,
    "miss_drift_all": 0.14583333333333334,
    "auc_unknown_eval": 0.7079091203703703
  },
  "OracleLabelAdapt": {
    "stable_acc": 0.99875,
    "drift_acc_rx": 0.935,
    "drift_acc_day": 0.9903333333333333,
    "drift_acc_all": 0.9626666666666667,
    "FRR_stable": 0.32458333333333333,
    "FAR_unknown_accept": 0.13144444444444445,
    "miss_drift_rx": 0.030333333333333334,
    "miss_drift_day": 0.105,
    "miss_drift_all": 0.06766666666666667,
    "auc_unknown_eval": 0.7719059722222222
  },
  "GatedAdapt": {
    "stable_acc": 0.9983333333333333,
    "drift_acc_rx": 0.5703333333333334,
    "drift_acc_day": 0.7226666666666667,
    "drift_acc_all": 0.6465,
    "FRR_stable": 0.1345833333333334,
    "FAR_unknown_accept": 0.4,
    "miss_drift_rx": 0.04566666666666667,
    "miss_drift_day": 0.258,
    "miss_drift_all": 0.15183333333333332,
    "auc_unknown_eval": 0.7572860185185186
  },
  "GatedConfAdapt": {
    "stable_acc": 0.9983333333333333,
    "drift_acc_rx": 0.5726666666666667,
    "drift_acc_day": 0.7246666666666667,
    "drift_acc_all": 0.6486666666666666,
    "FRR_stable": 0.1333333333333333,
    "FAR_unknown_accept": 0.39966666666666667,
    "miss_drift_rx": 0.046,
    "miss_drift_day": 0.26033333333333336,
    "miss_drift_all": 0.15316666666666667,
    "auc_unknown_eval": 0.7790855555555556
  }
}