{
  "split": 5,
  "fold": 2,
  "false_drift_target": 0.05,
  "tau_id": -0.9672359228134155,
  "tau_dom": 2591.593505859375,
  "tau_conf": 0.9986447691917419,
  "pseudo_acc_rx": 0.5673888888888889,
  "pseudo_acc_day": 0.7048333333333333,
  "pseudo_acc_all": 0.60175,
  "gate_precision": 0.24013005109150024,
  "gate_recall": 0.12925,
  "gate_keep_ratio": 0.2153,
  "conf_precision": 0.24013005109150024,
  "conf_recall": 0.12925,
  "conf_keep_ratio": 0.2153,
  "conf_keep_given_gate": 1.0,
  "adapt_stream_size": 10000,
  "gate_size": 2153,
  "conf_size": 2153,
  "oracle_size": 4000,
  "NoAdapt": {
    "stable_acc": 0.9979166666666667,
    "drift_acc_rx": 0.561,
    "drift_acc_day": 0.7056666666666667,
    "drift_acc_all": 0.6333333333333333,
    "FRR_stable": 0.09333333333333338,
    "FAR_unknown_accept": 0.5253333333333333,
    "miss_drift_rx": 0.09233333333333334,
    "miss_drift_day": 0.302,
    "miss_drift_all": 0.19716666666666666,
    "auc_unknown_eval": 0.7518466666666667
  },
  "UngatedAdapt": {
    "stable_acc": 0.9979166666666667,
    "drift_acc_rx": 0.562,
    "drift_acc_day": 0.709,
    "drift_acc_all": 0.6355,
    "FRR_stable": 0.0920833333333333,
    "FAR_unknown_accept": 0.2554444444444444,
    "miss_drift_rx": 0.09133333333333334,
    "miss_drift_day": 0.2996666666666667,
    "miss_drift_all": 0.1955,
    "auc_unknown_eval": 0.8769263888888889
  },
  "OracleGatePseudoAdapt": {
    "stable_acc": 0.9979166666666667,
    "drift_acc_rx": 0.5613333333333334,
    "drift_acc_day": 0.7066666666666667,
    "drift_acc_all": 0.634,
    "FRR_stable": 0.12041666666666662,
    "FAR_unknown_accept": 0.525,
    "miss_drift_rx": 0.09266666666666666,
    "miss_drift_day": 0.2976666666666667,
    "miss_drift_all": 0.19516666666666665,
    "auc_unknown_eval": 0.7079091203703703
  },
  "OracleLabelAdapt": {
    "stable_acc": 0.99875,
    "drift_acc_rx": 0.935,
    "drift_acc_day": 0.9903333333333333,
    "drift_acc_all": 0.9626666666666667,
    "FRR_stable": 0.2866666666666666,
    "FAR_unknown_accept": 0.19311111111111112,
    "miss_drift_rx": 0.04766666666666667,
    "miss_drift_day": 0.13633333333333333,
    "miss_drift_all": 0.092,
    "auc_unknown_eval": 0.7719059722222222
  },
  "GatedAdapt": {
    "stable_acc": 0.9983333333333333,
    "drift_acc_rx": 0.5706666666666667,
    "drift_acc_day": 0.7233333333333334,
    "drift_acc_all": 0.647,
    "FRR_stable": 0.08625000000000005,
    "FAR_unknown_accept": 0.5255555555555556,
    "miss_drift_rx": 0.092,
    "miss_drift_day": 0.31133333333333335,
    "miss_drift_all": 0.20166666666666666,
    "auc_unknown_eval": 0.756626851851852
  },
  "GatedConfAdapt": {
    "stable_acc": 0.9983333333333333,
    "drift_acc_rx": 0.5706666666666667,
    "drift_acc_day": 0.7226666666666667,
    "drift_acc_all": 0.6466666666666666,
    "FRR_stable": 0.0854166666666667,
    "FAR_unknown_accept": 0.5254444444444445,
    "miss_drift_rx": 0.092,
    "miss_drift_day": 0.31233333333333335,
    "miss_drift_all": 0.20216666666666666,
    "auc_unknown_eval": 0.7577350462962963
  }
}