{
  "split": 5,
  "fold": 2,
  "false_drift_target": 0.2,
  "tau_id": -0.9672359228134155,
  "tau_dom": 1183.0421142578125,
  "tau_conf": 0.9986447691917419,
  "pseudo_acc_rx": 0.5673888888888889,
  "pseudo_acc_day": 0.7048333333333333,
  "pseudo_acc_all": 0.60175,
  "gate_precision": 0.207648254202845,
  "gate_recall": 0.281,
  "gate_keep_ratio": 0.5413,
  "conf_precision": 0.207648254202845,
  "conf_recall": 0.281,
  "conf_keep_ratio": 0.5413,
  "conf_keep_given_gate": 1.0,
  "adapt_stream_size": 10000,
  "gate_size": 5413,
  "conf_size": 5413,
  "oracle_size": 4000,
  "NoAdapt": {
    "stable_acc": 0.9979166666666667,
    "drift_acc_rx": 0.561,
    "drift_acc_day": 0.7056666666666667,
    "drift_acc_all": 0.6333333333333333,
    "FRR_stable": 0.23833333333333329,
    "FAR_unknown_accept": 0.074,
    "miss_drift_rx": 0.003,
    "miss_drift_day": 0.101,
    "miss_drift_all": 0.052,
    "auc_unknown_eval": 0.7518466666666667
  },
  "UngatedAdapt": {
    "stable_acc": 0.9979166666666667,
    "drift_acc_rx": 0.562,
    "drift_acc_day": 0.709,
    "drift_acc_all": 0.6355,
    "FRR_stable": 0.23624999999999996,
    "FAR_unknown_accept": 0.060222222222222226,
    "miss_drift_rx": 0.004,
    "miss_drift_day": 0.09733333333333333,
    "miss_drift_all": 0.050666666666666665,
    "auc_unknown_eval": 0.8769263888888889
  },
  "OracleGatePseudoAdapt": {
    "stable_acc": 0.9979166666666667,
    "drift_acc_rx": 0.5613333333333334,
    "drift_acc_day": 0.7066666666666667,
    "drift_acc_all": 0.634,
    "FRR_stable": 0.26375000000000004,
    "FAR_unknown_accept": 0.074,
    "miss_drift_rx": 0.0033333333333333335,
    "miss_drift_day": 0.09566666666666666,
    "miss_drift_all": 0.0495,
    "auc_unknown_eval": 0.7079091203703703
  },
  "OracleLabelAdapt": {
    "stable_acc": 0.99875,
    "drift_acc_rx": 0.935,
    "drift_acc_day": 0.9903333333333333,
    "drift_acc_all": 0.9626666666666667,
    "FRR_stable": 0.395,
    "FAR_unknown_accept": 0.021555555555555557,
    "miss_drift_rx": 0.0,
    "miss_drift_day": 0.034666666666666665,
    "miss_drift_all": 0.017333333333333333,
    "auc_unknown_eval": 0.7719059722222222
  },
  "GatedAdapt": {
    "stable_acc": 0.9983333333333333,
    "drift_acc_rx": 0.5686666666666667,
    "drift_acc_day": 0.722,
    "drift_acc_all": 0.6453333333333333,
    "FRR_stable": 0.2316666666666667,
    "FAR_unknown_accept": 0.074,
    "miss_drift_rx": 0.0026666666666666666,
    "miss_drift_day": 0.11,
    "miss_drift_all": 0.05633333333333333,
    "auc_unknown_eval": 0.7460278703703703
  },
  "GatedConfAdapt": {
    "stable_acc": 0.9983333333333333,
    "drift_acc_rx": 0.5706666666666667,
    "drift_acc_day": 0.723,
    "drift_acc_all": 0.6468333333333334,
    "FRR_stable": 0.23124999999999996,
    "FAR_unknown_accept": 0.07411111111111111,
    "miss_drift_rx": 0.003,
    "miss_drift_day": 0.11266666666666666,
    "miss_drift_all": 0.057833333333333334,
    "auc_unknown_eval": 0.7580124537037036
  }
}