{
  "split": 5,
  "fold": 2,
  "false_drift_target": 0.01,
  "tau_id": -0.9672359228134155,
  "tau_dom": 4897.88427734375,
  "tau_conf": 0.9986447691917419,
  "pseudo_acc_rx": 0.5673888888888889,
  "pseudo_acc_day": 0.7048333333333333,
  "pseudo_acc_all": 0.60175,
  "gate_precision": 0.2571428571428571,
  "gate_recall": 0.0585,
  "gate_keep_ratio": 0.091,
  "conf_precision": 0.2571428571428571,
  "conf_recall": 0.0585,
  "conf_keep_ratio": 0.091,
  "conf_keep_given_gate": 1.0,
  "adapt_stream_size": 10000,
  "gate_size": 910,
  "conf_size": 910,
  "oracle_size": 4000,
  "NoAdapt": {
    "stable_acc": 0.9979166666666667,
    "drift_acc_rx": 0.561,
    "drift_acc_day": 0.7056666666666667,
    "drift_acc_all": 0.6333333333333333,
    "FRR_stable": 0.057499999999999996,
    "FAR_unknown_accept": 0.6885555555555556,
    "miss_drift_rx": 0.15,
    "miss_drift_day": 0.40166666666666667,
    "miss_drift_all": 0.2758333333333333,
    "auc_unknown_eval": 0.7518466666666667
  },
  "UngatedAdapt": {
    "stable_acc": 0.9979166666666667,
    "drift_acc_rx": 0.562,
    "drift_acc_day": 0.709,
    "drift_acc_all": 0.6355,
    "FRR_stable": 0.05625000000000002,
    "FAR_unknown_accept": 0.3188888888888889,
    "miss_drift_rx": 0.14766666666666667,
    "miss_drift_day": 0.3993333333333333,
    "miss_drift_all": 0.2735,
    "auc_unknown_eval": 0.8769263888888889
  },
  "OracleGatePseudoAdapt": {
    "stable_acc": 0.9979166666666667,
    "drift_acc_rx": 0.5613333333333334,
    "drift_acc_day": 0.7066666666666667,
    "drift_acc_all": 0.634,
    "FRR_stable": 0.08499999999999996,
    "FAR_unknown_accept": 0.6857777777777778,
    "miss_drift_rx": 0.151,
    "miss_drift_day": 0.397,
    "miss_drift_all": 0.274,
    "auc_unknown_eval": 0.7079091203703703
  },
  "OracleLabelAdapt": {
    "stable_acc": 0.99875,
    "drift_acc_rx": 0.935,
    "drift_acc_day": 0.9903333333333333,
    "drift_acc_all": 0.9626666666666667,
    "FRR_stable": 0.2554166666666666,
    "FAR_unknown_accept": 0.2288888888888889,
    "miss_drift_rx": 0.06366666666666666,
    "miss_drift_day": 0.20566666666666666,
    "miss_drift_all": 0.13466666666666666,
    "auc_unknown_eval": 0.7719059722222222
  },
  "GatedAdapt": {
    "stable_acc": 0.9983333333333333,
    "drift_acc_rx": 0.5713333333333334,
    "drift_acc_day": 0.724,
    "drift_acc_all": 0.6476666666666666,
    "FRR_stable": 0.050000000000000044,
    "FAR_unknown_accept": 0.6876666666666666,
    "miss_drift_rx": 0.14966666666666667,
    "miss_drift_day": 0.4106666666666667,
    "miss_drift_all": 0.2801666666666667,
    "auc_unknown_eval": 0.7817191203703704
  },
  "GatedConfAdapt": {
    "stable_acc": 0.9983333333333333,
    "drift_acc_rx": 0.568,
    "drift_acc_day": 0.7193333333333334,
    "drift_acc_all": 0.6436666666666667,
    "FRR_stable": 0.050416666666666665,
    "FAR_unknown_accept": 0.6891111111111111,
    "miss_drift_rx": 0.14966666666666667,
    "miss_drift_day": 0.4106666666666667,
    "miss_drift_all": 0.2801666666666667,
    "auc_unknown_eval": 0.7494157870370372
  }
}