{
  "train_loss": [
    0.6526914951977907,
    0.20285924606853062,
    0.07798467626174291,
    0.0480620182291777,
    0.036734870766048075,
    0.027258501584745114,
    0.02059784570570897,
    0.017782592418155184,
    0.014973266786654239,
    0.01617253608311768,
    0.013290658594902466,
    0.012731493972414345,
    0.012629662837005324,
    0.008373767447105988,
    0.011951661106043806,
    0.01060911958295576,
    0.009604243456420523,
    0.009188122806760173,
    0.007065256008085001,
    0.004785813433031931,
    0.007643173824073057,
    0.004439383372664451,
    0.005614244008729993,
    0.004043542826763803,
    0.004080258132415582,
    0.0032092450737427163,
    0.0024712738130431345,
    0.0038889050454599785,
    0.004609140124025375,
    0.0028533672435312636,
    0.002346858362606899,
    0.005598541667590056
  ],
  "train_acc": [
    0.702662037037037,
    0.9195601851851852,
    0.9745370370370371,
    0.983912037037037,
    0.9890046296296297,
    0.9918981481481481,
    0.9927083333333333,
    0.9938657407407407,
    0.9951388888888889,
    0.9946759259259259,
    0.9957175925925926,
    0.9958333333333333,
    0.9954861111111111,
    0.9972222222222222,
    0.9961805555555555,
    0.9964120370370371,
    0.9962962962962963,
    0.9971064814814815,
    0.997800925925926,
    0.9987268518518518,
    0.9974537037037037,
    0.9982638888888888,
    0.9983796296296297,
    0.9989583333333333,
    0.9987268518518518,
    0.9988425925925926,
    0.9994212962962963,
    0.9990740740740741,
    0.9986111111111111,
    0.9990740740740741,
    0.9993055555555556,
    0.9980324074074074
  ],
  "val_loss": [
    1.8947524547576904,
    0.5874582966168721,
    0.26998288234074913,
    0.26719042658805847,
    0.19112688302993774,
    0.12078068256378174,
    0.09653922095894814,
    0.0819926972190539,
    0.07718108693758646,
    0.11436857283115387,
    0.05367376015832027,
    0.04639153908938169,
    0.047633348995198804,
    0.042819057560215396,
    0.03622488141991198,
    0.04055263784248382,
    0.05329741407185793,
    0.06940022623166442,
    0.06725226390796403,
    0.05749166952446103,
    0.03941838837927207,
    0.03762613640089209,
    0.026442229334497823,
    0.011321171272235612,
    0.01876813794563835,
    0.021000397151025633,
    0.02438906567840604,
    0.016523342886163542,
    0.03457434473869701,
    0.018482486034433046,
    0.014900479038381794,
    0.00904511452196554
  ],
  "val_acc": [
    0.503125,
    0.78125,
    0.9010416666666666,
    0.9010416666666666,
    0.9322916666666666,
    0.9604166666666667,
    0.9697916666666667,
    0.975,
    0.9833333333333333,
    0.9541666666666667,
    0.9875,
    0.9885416666666667,
    0.9895833333333334,
    0.990625,
    0.9895833333333334,
    0.990625,
    0.9885416666666667,
    0.9854166666666667,
    0.9885416666666667,
    0.9895833333333334,
    0.990625,
    0.9916666666666667,
    0.9916666666666667,
    0.9958333333333333,
    0.99375,
    0.9916666666666667,
    0.99375,
    0.9927083333333333,
    0.9916666666666667,
    0.9927083333333333,
    0.99375,
    0.9947916666666666
  ]
}