{
  "fold": 2,
  "acc_in_domain": 0.99875,
  "auc_unknown": 0.9304922569444445,
  "auc_drift_rx": 0.631293443287037,
  "auc_drift_day": 0.5261398090277778,
  "tau_id": 0.9616706103086472,
  "tau_dom_rx": 3407.8323364257812,
  "tau_dom_day": 648.6335845947265
}