{
  "tau_id_p05_stable": 0.9616706103086472,
  "tau_dom_rx_p95_stable": 3407.8323364257812,
  "tau_dom_day_p95_stable": 648.6335845947265
}