{
  "train_loss": [
    0.3539033265715396,
    0.04484470512166067,
    0.023449905392610364,
    0.01479470528041323,
    0.010642613568860624,
    0.01066909689904639,
    0.012680078759203078,
    0.008613663207291178,
    0.008327219212703683,
    0.008027035803361624,
    0.007609846178631954,
    0.005597049271239451,
    0.005117346794792899,
    0.0041973081693329195,
    0.00464548225605136,
    0.005740498890237952,
    0.005246150094791557,
    0.004676532182687273,
    0.0031005290386491215,
    0.002762360341902995,
    0.0032650060134646656,
    0.004863115612533875,
    0.0028760590827678918
  ],
  "train_acc": [
    0.8692129629629629,
    0.9872685185185185,
    0.9945601851851852,
    0.9967592592592592,
    0.997337962962963,
    0.996875,
    0.9969907407407408,
    0.9975694444444444,
    0.9976851851851852,
    0.9976851851851852,
    0.9975694444444444,
    0.9984953703703704,
    0.9982638888888888,
    0.9987268518518518,
    0.9983796296296297,
    0.9982638888888888,
    0.9979166666666667,
    0.9984953703703704,
    0.9990740740740741,
    0.9990740740740741,
    0.9989583333333333,
    0.9986111111111111,
    0.9994212962962963
  ],
  "val_loss": [
    1.5243109464645386,
    0.3321836551030477,
    0.104934890071551,
    0.09875399470329285,
    0.03342624604701996,
    0.01472410677621762,
    0.014116783315936724,
    0.028198732435703276,
    0.0040528260637074705,
    0.00499036960148563,
    0.005186632943029205,
    0.0031726481781030693,
    0.0015005381273416182,
    0.0024037598981522025,
    0.0015393865294754505,
    0.0325829361875852,
    0.0019789594730051856,
    0.000610406828733782,
    0.00013311371391561504,
    0.0008664585096994415,
    0.0008365422720089555,
    0.005596247113620241,
    0.0006408475186617579
  ],
  "val_acc": [
    0.6197916666666666,
    0.8635416666666667,
    0.9614583333333333,
    0.9604166666666667,
    0.9875,
    0.9958333333333333,
    0.9958333333333333,
    0.9927083333333333,
    0.9989583333333333,
    0.9989583333333333,
    0.9979166666666667,
    0.9989583333333333,
    0.9989583333333333,
    0.9989583333333333,
    1.0,
    0.990625,
    1.0,
    1.0,
    1.0,
    1.0,
    1.0,
    0.9989583333333333,
    1.0
  ]
}