{
  "split": 5,
  "fold": 3,
  "acc": 0.9975,
  "auc_unknown": 0.7392088541666667,
  "auc_drift_rx": 0.9592877199074075,
  "auc_drift_day": 0.8812305729166667,
  "tau_id": -1.4777235984802246,
  "tau_dom": 2450.24169921875,
  "FRR_stable": 0.09499999999999997,
  "false_drift_stable": 0.045,
  "FAR_unknown_accept": 0.3700333333333333,
  "miss_drift": 0.14083333333333334,
  "confusion_matrix": [
    [
      2172,
      108,
      120
    ],
    [
      6760,
      6516,
      34724
    ],
    [
      11101,
      9523,
      9376
    ]
  ]
}