{
  "tau_id": -1.4777235984802246,
  "tau_dom": 2450.24169921875
}