{
  "split": 1,
  "fold": 2,
  "false_drift_target": 0.05,
  "tau_id": -1.158506989479065,
  "tau_dom": 2453.650146484375,
  "tau_conf": 0.998060405254364,
  "pseudo_acc_rx": 0.5535277777777777,
  "pseudo_acc_day": 0.71675,
  "pseudo_acc_all": 0.5943333333333334,
  "gate_precision": 0.2521626297577855,
  "gate_recall": 0.14575,
  "gate_keep_ratio": 0.2312,
  "conf_precision": 0.25227174383383816,
  "conf_recall": 0.14575,
  "conf_keep_ratio": 0.2311,
  "conf_keep_given_gate": 0.9995674740484429,
  "adapt_stream_size": 10000,
  "gate_size": 2312,
  "conf_size": 2311,
  "oracle_size": 4000,
  "NoAdapt": {
    "stable_acc": 0.9966666666666667,
    "drift_acc_rx": 0.5396666666666666,
    "drift_acc_day": 0.7103333333333334,
    "drift_acc_all": 0.625,
    "FRR_stable": 0.09458333333333335,
    "FAR_unknown_accept": 0.4921111111111111,
    "miss_drift_rx": 0.11066666666666666,
    "miss_drift_day": 0.312,
    "miss_drift_all": 0.21133333333333335,
    "auc_unknown_eval": 0.814078587962963
  },
  "UngatedAdapt": {
    "stable_acc": 0.9970833333333333,
    "drift_acc_rx": 0.54,
    "drift_acc_day": 0.7153333333333334,
    "drift_acc_all": 0.6276666666666667,
    "FRR_stable": 0.09375,
    "FAR_unknown_accept": 0.4508888888888889,
    "miss_drift_rx": 0.11033333333333334,
    "miss_drift_day": 0.31066666666666665,
    "miss_drift_all": 0.2105,
    "auc_unknown_eval": 0.8552514814814813
  },
  "OracleGatePseudoAdapt": {
    "stable_acc": 0.99625,
    "drift_acc_rx": 0.5423333333333333,
    "drift_acc_day": 0.712,
    "drift_acc_all": 0.6271666666666667,
    "FRR_stable": 0.1629166666666667,
    "FAR_unknown_accept": 0.15977777777777777,
    "miss_drift_rx": 0.08766666666666667,
    "miss_drift_day": 0.2886666666666667,
    "miss_drift_all": 0.18816666666666668,
    "auc_unknown_eval": 0.8967492592592593
  },
  "OracleLabelAdapt": {
    "stable_acc": 0.9975,
    "drift_acc_rx": 0.918,
    "drift_acc_day": 0.9866666666666667,
    "drift_acc_all": 0.9523333333333334,
    "FRR_stable": 0.355,
    "FAR_unknown_accept": 0.08044444444444444,
    "miss_drift_rx": 0.066,
    "miss_drift_day": 0.13666666666666666,
    "miss_drift_all": 0.10133333333333333,
    "auc_unknown_eval": 0.8366169444444445
  },
  "GatedAdapt": {
    "stable_acc": 0.9966666666666667,
    "drift_acc_rx": 0.5686666666666667,
    "drift_acc_day": 0.7726666666666666,
    "drift_acc_all": 0.6706666666666666,
    "FRR_stable": 0.08333333333333337,
    "FAR_unknown_accept": 0.48833333333333334,
    "miss_drift_rx": 0.11166666666666666,
    "miss_drift_day": 0.31733333333333336,
    "miss_drift_all": 0.2145,
    "auc_unknown_eval": 0.8464467592592593
  },
  "GatedConfAdapt": {
    "stable_acc": 0.99625,
    "drift_acc_rx": 0.5653333333333334,
    "drift_acc_day": 0.755,
    "drift_acc_all": 0.6601666666666667,
    "FRR_stable": 0.08125000000000004,
    "FAR_unknown_accept": 0.48966666666666664,
    "miss_drift_rx": 0.11233333333333333,
    "miss_drift_day": 0.318,
    "miss_drift_all": 0.21516666666666667,
    "auc_unknown_eval": 0.8437403009259259
  }
}