{
  "split": 1,
  "fold": 2,
  "false_drift_target": 0.01,
  "tau_id": -1.158506989479065,
  "tau_dom": 5084.85498046875,
  "tau_conf": 0.998060405254364,
  "pseudo_acc_rx": 0.5535277777777777,
  "pseudo_acc_day": 0.71675,
  "pseudo_acc_all": 0.5943333333333334,
  "gate_precision": 0.24,
  "gate_recall": 0.051,
  "gate_keep_ratio": 0.085,
  "conf_precision": 0.24,
  "conf_recall": 0.051,
  "conf_keep_ratio": 0.085,
  "conf_keep_given_gate": 1.0,
  "adapt_stream_size": 10000,
  "gate_size": 850,
  "conf_size": 850,
  "oracle_size": 4000,
  "NoAdapt": {
    "stable_acc": 0.9966666666666667,
    "drift_acc_rx": 0.5396666666666666,
    "drift_acc_day": 0.7103333333333334,
    "drift_acc_all": 0.625,
    "FRR_stable": 0.05833333333333335,
    "FAR_unknown_accept": 0.6743333333333333,
    "miss_drift_rx": 0.18866666666666668,
    "miss_drift_day": 0.41133333333333333,
    "miss_drift_all": 0.3,
    "auc_unknown_eval": 0.814078587962963
  },
  "UngatedAdapt": {
    "stable_acc": 0.9970833333333333,
    "drift_acc_rx": 0.54,
    "drift_acc_day": 0.7153333333333334,
    "drift_acc_all": 0.6276666666666667,
    "FRR_stable": 0.057499999999999996,
    "FAR_unknown_accept": 0.5951111111111111,
    "miss_drift_rx": 0.187,
    "miss_drift_day": 0.4103333333333333,
    "miss_drift_all": 0.2986666666666667,
    "auc_unknown_eval": 0.8552514814814813
  },
  "OracleGatePseudoAdapt": {
    "stable_acc": 0.99625,
    "drift_acc_rx": 0.5423333333333333,
    "drift_acc_day": 0.712,
    "drift_acc_all": 0.6271666666666667,
    "FRR_stable": 0.12791666666666668,
    "FAR_unknown_accept": 0.197,
    "miss_drift_rx": 0.164,
    "miss_drift_day": 0.388,
    "miss_drift_all": 0.276,
    "auc_unknown_eval": 0.8967492592592593
  },
  "OracleLabelAdapt": {
    "stable_acc": 0.9975,
    "drift_acc_rx": 0.918,
    "drift_acc_day": 0.9866666666666667,
    "drift_acc_all": 0.9523333333333334,
    "FRR_stable": 0.32458333333333333,
    "FAR_unknown_accept": 0.10111111111111111,
    "miss_drift_rx": 0.101,
    "miss_drift_day": 0.22266666666666668,
    "miss_drift_all": 0.16183333333333333,
    "auc_unknown_eval": 0.8366169444444445
  },
  "GatedAdapt": {
    "stable_acc": 0.9958333333333333,
    "drift_acc_rx": 0.5593333333333333,
    "drift_acc_day": 0.752,
    "drift_acc_all": 0.6556666666666666,
    "FRR_stable": 0.04749999999999999,
    "FAR_unknown_accept": 0.6607777777777778,
    "miss_drift_rx": 0.18866666666666668,
    "miss_drift_day": 0.412,
    "miss_drift_all": 0.30033333333333334,
    "auc_unknown_eval": 0.856177685185185
  },
  "GatedConfAdapt": {
    "stable_acc": 0.9958333333333333,
    "drift_acc_rx": 0.5603333333333333,
    "drift_acc_day": 0.7456666666666667,
    "drift_acc_all": 0.653,
    "FRR_stable": 0.046666666666666634,
    "FAR_unknown_accept": 0.6668888888888889,
    "miss_drift_rx": 0.189,
    "miss_drift_day": 0.41633333333333333,
    "miss_drift_all": 0.30266666666666664,
    "auc_unknown_eval": 0.8460423611111111
  }
}