{
  "split": 1,
  "fold": 2,
  "false_drift_target": 0.1,
  "tau_id": -1.158506989479065,
  "tau_dom": 1857.8983154296875,
  "tau_conf": 0.998060405254364,
  "pseudo_acc_rx": 0.5535277777777777,
  "pseudo_acc_day": 0.71675,
  "pseudo_acc_all": 0.5943333333333334,
  "gate_precision": 0.24310077519379844,
  "gate_recall": 0.196,
  "gate_keep_ratio": 0.3225,
  "conf_precision": 0.24270639354438237,
  "conf_recall": 0.1955,
  "conf_keep_ratio": 0.3222,
  "conf_keep_given_gate": 0.9990697674418605,
  "adapt_stream_size": 10000,
  "gate_size": 3225,
  "conf_size": 3222,
  "oracle_size": 4000,
  "NoAdapt": {
    "stable_acc": 0.9966666666666667,
    "drift_acc_rx": 0.5396666666666666,
    "drift_acc_day": 0.7103333333333334,
    "drift_acc_all": 0.625,
    "FRR_stable": 0.1433333333333333,
    "FAR_unknown_accept": 0.3698888888888889,
    "miss_drift_rx": 0.068,
    "miss_drift_day": 0.264,
    "miss_drift_all": 0.166,
    "auc_unknown_eval": 0.814078587962963
  },
  "UngatedAdapt": {
    "stable_acc": 0.9970833333333333,
    "drift_acc_rx": 0.54,
    "drift_acc_day": 0.7153333333333334,
    "drift_acc_all": 0.6276666666666667,
    "FRR_stable": 0.14249999999999996,
    "FAR_unknown_accept": 0.33955555555555555,
    "miss_drift_rx": 0.06833333333333333,
    "miss_drift_day": 0.26266666666666666,
    "miss_drift_all": 0.1655,
    "auc_unknown_eval": 0.8552514814814813
  },
  "OracleGatePseudoAdapt": {
    "stable_acc": 0.99625,
    "drift_acc_rx": 0.5423333333333333,
    "drift_acc_day": 0.712,
    "drift_acc_all": 0.6271666666666667,
    "FRR_stable": 0.21083333333333332,
    "FAR_unknown_accept": 0.14277777777777778,
    "miss_drift_rx": 0.048,
    "miss_drift_day": 0.24066666666666667,
    "miss_drift_all": 0.14433333333333334,
    "auc_unknown_eval": 0.8967492592592593
  },
  "OracleLabelAdapt": {
    "stable_acc": 0.9975,
    "drift_acc_rx": 0.918,
    "drift_acc_day": 0.9866666666666667,
    "drift_acc_all": 0.9523333333333334,
    "FRR_stable": 0.3895833333333333,
    "FAR_unknown_accept": 0.05566666666666667,
    "miss_drift_rx": 0.053,
    "miss_drift_day": 0.09933333333333333,
    "miss_drift_all": 0.07616666666666666,
    "auc_unknown_eval": 0.8366169444444445
  },
  "GatedAdapt": {
    "stable_acc": 0.9966666666666667,
    "drift_acc_rx": 0.569,
    "drift_acc_day": 0.7623333333333333,
    "drift_acc_all": 0.6656666666666666,
    "FRR_stable": 0.13041666666666663,
    "FAR_unknown_accept": 0.36844444444444446,
    "miss_drift_rx": 0.06933333333333333,
    "miss_drift_day": 0.27066666666666667,
    "miss_drift_all": 0.17,
    "auc_unknown_eval": 0.8343841203703705
  },
  "GatedConfAdapt": {
    "stable_acc": 0.99625,
    "drift_acc_rx": 0.567,
    "drift_acc_day": 0.761,
    "drift_acc_all": 0.664,
    "FRR_stable": 0.13041666666666663,
    "FAR_unknown_accept": 0.36833333333333335,
    "miss_drift_rx": 0.069,
    "miss_drift_day": 0.2713333333333333,
    "miss_drift_all": 0.17016666666666666,
    "auc_unknown_eval": 0.8503099999999999
  }
}