{
  "split": 1,
  "fold": 2,
  "false_drift_target": 0.2,
  "tau_id": -1.158506989479065,
  "tau_dom": 1128.644775390625,
  "tau_conf": 0.998060405254364,
  "pseudo_acc_rx": 0.5535277777777777,
  "pseudo_acc_day": 0.71675,
  "pseudo_acc_all": 0.5943333333333334,
  "gate_precision": 0.21789954337899545,
  "gate_recall": 0.29825,
  "gate_keep_ratio": 0.5475,
  "conf_precision": 0.21564675705386588,
  "conf_recall": 0.29425,
  "conf_keep_ratio": 0.5458,
  "conf_keep_given_gate": 0.9968949771689498,
  "adapt_stream_size": 10000,
  "gate_size": 5475,
  "conf_size": 5458,
  "oracle_size": 4000,
  "NoAdapt": {
    "stable_acc": 0.9966666666666667,
    "drift_acc_rx": 0.5396666666666666,
    "drift_acc_day": 0.7103333333333334,
    "drift_acc_all": 0.625,
    "FRR_stable": 0.24,
    "FAR_unknown_accept": 0.057444444444444444,
    "miss_drift_rx": 0.018,
    "miss_drift_day": 0.108,
    "miss_drift_all": 0.063,
    "auc_unknown_eval": 0.814078587962963
  },
  "UngatedAdapt": {
    "stable_acc": 0.9970833333333333,
    "drift_acc_rx": 0.54,
    "drift_acc_day": 0.7153333333333334,
    "drift_acc_all": 0.6276666666666667,
    "FRR_stable": 0.23916666666666664,
    "FAR_unknown_accept": 0.05455555555555556,
    "miss_drift_rx": 0.019333333333333334,
    "miss_drift_day": 0.10666666666666667,
    "miss_drift_all": 0.063,
    "auc_unknown_eval": 0.8552514814814813
  },
  "OracleGatePseudoAdapt": {
    "stable_acc": 0.99625,
    "drift_acc_rx": 0.5423333333333333,
    "drift_acc_day": 0.712,
    "drift_acc_all": 0.6271666666666667,
    "FRR_stable": 0.30333333333333334,
    "FAR_unknown_accept": 0.051222222222222225,
    "miss_drift_rx": 0.015333333333333332,
    "miss_drift_day": 0.08533333333333333,
    "miss_drift_all": 0.050333333333333334,
    "auc_unknown_eval": 0.8967492592592593
  },
  "OracleLabelAdapt": {
    "stable_acc": 0.9975,
    "drift_acc_rx": 0.918,
    "drift_acc_day": 0.9866666666666667,
    "drift_acc_all": 0.9523333333333334,
    "FRR_stable": 0.44791666666666663,
    "FAR_unknown_accept": 0.004,
    "miss_drift_rx": 0.017,
    "miss_drift_day": 0.04533333333333334,
    "miss_drift_all": 0.031166666666666665,
    "auc_unknown_eval": 0.8366169444444445
  },
  "GatedAdapt": {
    "stable_acc": 0.9966666666666667,
    "drift_acc_rx": 0.5676666666666667,
    "drift_acc_day": 0.765,
    "drift_acc_all": 0.6663333333333333,
    "FRR_stable": 0.2270833333333333,
    "FAR_unknown_accept": 0.057,
    "miss_drift_rx": 0.018333333333333333,
    "miss_drift_day": 0.11366666666666667,
    "miss_drift_all": 0.066,
    "auc_unknown_eval": 0.8321376851851853
  },
  "GatedConfAdapt": {
    "stable_acc": 0.9970833333333333,
    "drift_acc_rx": 0.567,
    "drift_acc_day": 0.764,
    "drift_acc_all": 0.6655,
    "FRR_stable": 0.2270833333333333,
    "FAR_unknown_accept": 0.05688888888888889,
    "miss_drift_rx": 0.018333333333333333,
    "miss_drift_day": 0.114,
    "miss_drift_all": 0.06616666666666667,
    "auc_unknown_eval": 0.8255867592592592
  }
}