{
  "train_loss": [
    0.2849752451810572,
    0.016825034069242302,
    0.009485651832936263,
    0.007687826306317692,
    0.006068382289743534,
    0.003913376159983239,
    0.005292671155270741,
    0.005500373372773606,
    0.003933181602904504,
    0.002339103596319479,
    0.003085769462847599,
    0.003419613642230009,
    0.0025683533311907755,
    0.0019282507318873993,
    0.003143608643397413,
    0.0027142520614520265,
    0.0020755407907051483
  ],
  "train_acc": [
    0.9021990740740741,
    0.996875,
    0.9981481481481481,
    0.9982638888888888,
    0.9982638888888888,
    0.9987268518518518,
    0.9984953703703704,
    0.9984953703703704,
    0.9987268518518518,
    0.9991898148148148,
    0.9990740740740741,
    0.9988425925925926,
    0.9993055555555556,
    0.9994212962962963,
    0.9991898148148148,
    0.9990740740740741,
    0.9993055555555556
  ],
  "val_loss": [
    0.6601171016693115,
    0.322789204120636,
    0.06807857727011045,
    0.025871311873197557,
    0.01690192160507043,
    0.024453476381798584,
    0.013633740382889907,
    0.015350993101795515,
    0.006257086934056133,
    0.009878341240497928,
    0.004279851083022853,
    0.00271160384969941,
    0.004628709876366581,
    0.003556282342954849,
    0.0009296963607994257,
    0.00179218069727843,
    0.0023417972168923978
  ],
  "val_acc": [
    0.753125,
    0.8802083333333334,
    0.9833333333333333,
    0.9927083333333333,
    0.9958333333333333,
    0.99375,
    0.996875,
    0.996875,
    0.9989583333333333,
    0.9979166666666667,
    0.9989583333333333,
    0.9989583333333333,
    0.9989583333333333,
    0.9989583333333333,
    0.9989583333333333,
    0.9989583333333333,
    0.9989583333333333
  ]
}