{
  "train_loss": [
    0.41964180665435613,
    0.051843137666583064,
    0.03105847974549289,
    0.015509217477369087,
    0.011991458579345986,
    0.01232950375156684,
    0.010505584851597194,
    0.007567426761508816,
    0.009698567341978628,
    0.007277966226468345,
    0.006020893614428739,
    0.00815856765602129,
    0.0036069707901872417,
    0.003217652625257701,
    0.005437678003174908,
    0.004016318992297683,
    0.0031108337049200025,
    0.0040488213238185616,
    0.00308940718209164,
    0.002901339641216004,
    0.00371236796760328,
    0.00354455362022337,
    0.00402873378684658,
    0.002715257667996748,
    0.0037226995428446337,
    0.0010465248982654885,
    0.00151671282483558
  ],
  "train_acc": [
    0.8278935185185186,
    0.9863425925925926,
    0.9913194444444444,
    0.9964120370370371,
    0.9966435185185185,
    0.9966435185185185,
    0.9969907407407408,
    0.9979166666666667,
    0.9974537037037037,
    0.997800925925926,
    0.9982638888888888,
    0.9976851851851852,
    0.9991898148148148,
    0.9994212962962963,
    0.9984953703703704,
    0.9983796296296297,
    0.9989583333333333,
    0.9984953703703704,
    0.9989583333333333,
    0.9993055555555556,
    0.9989583333333333,
    0.9988425925925926,
    0.9986111111111111,
    0.9990740740740741,
    0.9989583333333333,
    0.9997685185185186,
    0.9994212962962963
  ],
  "val_loss": [
    1.7160242239634196,
    0.33508330782254536,
    0.22068030933539073,
    0.09271816015243531,
    0.05649702772498131,
    0.024055811079839864,
    0.023005844404300053,
    0.0182904712545375,
    0.016395469258228938,
    0.011407750844955444,
    0.011672799258182447,
    0.006133123145749171,
    0.003294171451125294,
    0.003832731826696545,
    0.010166574308338264,
    0.009804425605883202,
    0.02039319003621737,
    0.003587739235566308,
    0.011105942415694396,
    0.008316786711414654,
    0.004939875596513351,
    0.006819850115668184,
    0.004914709436707199,
    0.013350180396810175,
    0.007184295767607788,
    0.004583230747569663,
    0.08442942028244337
  ],
  "val_acc": [
    0.546875,
    0.8541666666666666,
    0.8947916666666667,
    0.9614583333333333,
    0.98125,
    0.9927083333333333,
    0.99375,
    0.996875,
    0.996875,
    0.9979166666666667,
    0.996875,
    0.9989583333333333,
    0.9989583333333333,
    0.9989583333333333,
    0.9958333333333333,
    0.9958333333333333,
    0.99375,
    0.9979166666666667,
    1.0,
    0.996875,
    0.9989583333333333,
    0.996875,
    0.9989583333333333,
    0.9958333333333333,
    0.996875,
    0.9979166666666667,
    0.9666666666666667
  ]
}