{
  "split": 5,
  "fold": 5,
  "acc": 0.9945833333333334,
  "auc_unknown": 0.8072594444444444,
  "auc_drift_rx": 0.9501663078703703,
  "auc_drift_day": 0.86059984375,
  "tau_id": -1.1601793766021729,
  "tau_dom": 2626.60791015625,
  "FRR_stable": 0.0954166666666667,
  "false_drift_stable": 0.04541666666666667,
  "FAR_unknown_accept": 0.3481666666666667,
  "miss_drift": 0.1414375,
  "confusion_matrix": [
    [
      2171,
      109,
      120
    ],
    [
      6789,
      6577,
      34634
    ],
    [
      10445,
      8322,
      11233
    ]
  ]
}