{
  "tau_id": -1.1601793766021729,
  "tau_dom": 2626.60791015625
}