{
  "split": 4,
  "fold": 2,
  "false_drift_target": 0.05,
  "tau_id": -1.5986932516098022,
  "tau_dom": 2365.07421875,
  "tau_conf": 0.9962409138679504,
  "pseudo_acc_rx": 0.61625,
  "pseudo_acc_day": 0.6175,
  "pseudo_acc_all": 0.6165625,
  "gate_precision": 0.925,
  "gate_recall": 0.1295,
  "gate_keep_ratio": 0.056,
  "conf_precision": 0.925,
  "conf_recall": 0.1295,
  "conf_keep_ratio": 0.056,
  "conf_keep_given_gate": 1.0,
  "adapt_stream_size": 10000,
  "gate_size": 560,
  "conf_size": 560,
  "oracle_size": 4000,
  "NoAdapt": {
    "stable_acc": 0.99625,
    "drift_acc_rx": 0.6096666666666667,
    "drift_acc_day": 0.6026666666666667,
    "drift_acc_all": 0.6061666666666666,
    "FRR_stable": 0.0954166666666667,
    "FAR_unknown_accept": 0.0,
    "miss_drift_rx": 0.18266666666666667,
    "miss_drift_day": 0.3883333333333333,
    "miss_drift_all": 0.2855,
    "auc_unknown_eval": 0.9975197685185185
  },
  "UngatedAdapt": {
    "stable_acc": 0.99625,
    "drift_acc_rx": 0.6063333333333333,
    "drift_acc_day": 0.602,
    "drift_acc_all": 0.6041666666666666,
    "FRR_stable": 0.10999999999999999,
    "FAR_unknown_accept": 0.0,
    "miss_drift_rx": 0.18033333333333335,
    "miss_drift_day": 0.37933333333333336,
    "miss_drift_all": 0.2798333333333333,
    "auc_unknown_eval": 0.9982580092592592
  },
  "OracleGatePseudoAdapt": {
    "stable_acc": 0.9958333333333333,
    "drift_acc_rx": 0.605,
    "drift_acc_day": 0.603,
    "drift_acc_all": 0.604,
    "FRR_stable": 0.3770833333333333,
    "FAR_unknown_accept": 0.0,
    "miss_drift_rx": 0.03333333333333333,
    "miss_drift_day": 0.111,
    "miss_drift_all": 0.07216666666666667,
    "auc_unknown_eval": 0.9983605324074074
  },
  "OracleLabelAdapt": {
    "stable_acc": 0.9975,
    "drift_acc_rx": 0.9553333333333334,
    "drift_acc_day": 0.9973333333333333,
    "drift_acc_all": 0.9763333333333334,
    "FRR_stable": 0.6204166666666666,
    "FAR_unknown_accept": 0.0,
    "miss_drift_rx": 0.017666666666666667,
    "miss_drift_day": 0.06066666666666667,
    "miss_drift_all": 0.03916666666666667,
    "auc_unknown_eval": 0.9682669444444445
  },
  "GatedAdapt": {
    "stable_acc": 0.99625,
    "drift_acc_rx": 0.6346666666666667,
    "drift_acc_day": 0.6103333333333333,
    "drift_acc_all": 0.6225,
    "FRR_stable": 0.08875,
    "FAR_unknown_accept": 0.0,
    "miss_drift_rx": 0.18666666666666668,
    "miss_drift_day": 0.3933333333333333,
    "miss_drift_all": 0.29,
    "auc_unknown_eval": 0.9973891666666668
  },
  "GatedConfAdapt": {
    "stable_acc": 0.99625,
    "drift_acc_rx": 0.6326666666666667,
    "drift_acc_day": 0.6116666666666667,
    "drift_acc_all": 0.6221666666666666,
    "FRR_stable": 0.08875,
    "FAR_unknown_accept": 0.0,
    "miss_drift_rx": 0.18733333333333332,
    "miss_drift_day": 0.39466666666666667,
    "miss_drift_all": 0.291,
    "auc_unknown_eval": 0.9974004629629629
  }
}