{
  "split": 4,
  "fold": 2,
  "false_drift_target": 0.01,
  "tau_id": -1.5986932516098022,
  "tau_dom": 5386.81787109375,
  "tau_conf": 0.9962409138679504,
  "pseudo_acc_rx": 0.61625,
  "pseudo_acc_day": 0.6175,
  "pseudo_acc_all": 0.6165625,
  "gate_precision": 0.9,
  "gate_recall": 0.036,
  "gate_keep_ratio": 0.016,
  "conf_precision": 0.9,
  "conf_recall": 0.036,
  "conf_keep_ratio": 0.016,
  "conf_keep_given_gate": 1.0,
  "adapt_stream_size": 10000,
  "gate_size": 160,
  "conf_size": 160,
  "oracle_size": 4000,
  "NoAdapt": {
    "stable_acc": 0.99625,
    "drift_acc_rx": 0.6096666666666667,
    "drift_acc_day": 0.6026666666666667,
    "drift_acc_all": 0.6061666666666666,
    "FRR_stable": 0.057499999999999996,
    "FAR_unknown_accept": 0.002777777777777778,
    "miss_drift_rx": 0.2733333333333333,
    "miss_drift_day": 0.486,
    "miss_drift_all": 0.37966666666666665,
    "auc_unknown_eval": 0.9975197685185185
  },
  "UngatedAdapt": {
    "stable_acc": 0.99625,
    "drift_acc_rx": 0.6063333333333333,
    "drift_acc_day": 0.602,
    "drift_acc_all": 0.6041666666666666,
    "FRR_stable": 0.07333333333333336,
    "FAR_unknown_accept": 0.0008888888888888889,
    "miss_drift_rx": 0.25366666666666665,
    "miss_drift_day": 0.475,
    "miss_drift_all": 0.36433333333333334,
    "auc_unknown_eval": 0.9982580092592592
  },
  "OracleGatePseudoAdapt": {
    "stable_acc": 0.9958333333333333,
    "drift_acc_rx": 0.605,
    "drift_acc_day": 0.603,
    "drift_acc_all": 0.604,
    "FRR_stable": 0.3433333333333334,
    "FAR_unknown_accept": 0.00011111111111111112,
    "miss_drift_rx": 0.08066666666666666,
    "miss_drift_day": 0.174,
    "miss_drift_all": 0.12733333333333333,
    "auc_unknown_eval": 0.9983605324074074
  },
  "OracleLabelAdapt": {
    "stable_acc": 0.9975,
    "drift_acc_rx": 0.9553333333333334,
    "drift_acc_day": 0.9973333333333333,
    "drift_acc_all": 0.9763333333333334,
    "FRR_stable": 0.6066666666666667,
    "FAR_unknown_accept": 0.0,
    "miss_drift_rx": 0.018333333333333333,
    "miss_drift_day": 0.06966666666666667,
    "miss_drift_all": 0.044,
    "auc_unknown_eval": 0.9682669444444445
  },
  "GatedAdapt": {
    "stable_acc": 0.99625,
    "drift_acc_rx": 0.6163333333333333,
    "drift_acc_day": 0.605,
    "drift_acc_all": 0.6106666666666667,
    "FRR_stable": 0.054166666666666696,
    "FAR_unknown_accept": 0.002777777777777778,
    "miss_drift_rx": 0.278,
    "miss_drift_day": 0.49333333333333335,
    "miss_drift_all": 0.38566666666666666,
    "auc_unknown_eval": 0.9975869444444445
  },
  "GatedConfAdapt": {
    "stable_acc": 0.99625,
    "drift_acc_rx": 0.6213333333333333,
    "drift_acc_day": 0.6063333333333333,
    "drift_acc_all": 0.6138333333333333,
    "FRR_stable": 0.05833333333333335,
    "FAR_unknown_accept": 0.002111111111111111,
    "miss_drift_rx": 0.26266666666666666,
    "miss_drift_day": 0.49,
    "miss_drift_all": 0.37633333333333335,
    "auc_unknown_eval": 0.9976622222222222
  }
}