{
  "split": 4,
  "fold": 2,
  "false_drift_target": 0.1,
  "tau_id": -1.5986932516098022,
  "tau_dom": 1526.129150390625,
  "tau_conf": 0.9962409138679504,
  "pseudo_acc_rx": 0.61625,
  "pseudo_acc_day": 0.6175,
  "pseudo_acc_all": 0.6165625,
  "gate_precision": 0.9478260869565217,
  "gate_recall": 0.19075,
  "gate_keep_ratio": 0.0805,
  "conf_precision": 0.9476961394769614,
  "conf_recall": 0.19025,
  "conf_keep_ratio": 0.0803,
  "conf_keep_given_gate": 0.9975155279503105,
  "adapt_stream_size": 10000,
  "gate_size": 805,
  "conf_size": 803,
  "oracle_size": 4000,
  "NoAdapt": {
    "stable_acc": 0.99625,
    "drift_acc_rx": 0.6096666666666667,
    "drift_acc_day": 0.6026666666666667,
    "drift_acc_all": 0.6061666666666666,
    "FRR_stable": 0.14375000000000004,
    "FAR_unknown_accept": 0.0,
    "miss_drift_rx": 0.142,
    "miss_drift_day": 0.30766666666666664,
    "miss_drift_all": 0.22483333333333333,
    "auc_unknown_eval": 0.9975197685185185
  },
  "UngatedAdapt": {
    "stable_acc": 0.99625,
    "drift_acc_rx": 0.6063333333333333,
    "drift_acc_day": 0.602,
    "drift_acc_all": 0.6041666666666666,
    "FRR_stable": 0.1579166666666667,
    "FAR_unknown_accept": 0.0,
    "miss_drift_rx": 0.14133333333333334,
    "miss_drift_day": 0.304,
    "miss_drift_all": 0.22266666666666668,
    "auc_unknown_eval": 0.9982580092592592
  },
  "OracleGatePseudoAdapt": {
    "stable_acc": 0.9958333333333333,
    "drift_acc_rx": 0.605,
    "drift_acc_day": 0.603,
    "drift_acc_all": 0.604,
    "FRR_stable": 0.4191666666666667,
    "FAR_unknown_accept": 0.0,
    "miss_drift_rx": 0.009333333333333334,
    "miss_drift_day": 0.061,
    "miss_drift_all": 0.035166666666666666,
    "auc_unknown_eval": 0.9983605324074074
  },
  "OracleLabelAdapt": {
    "stable_acc": 0.9975,
    "drift_acc_rx": 0.9553333333333334,
    "drift_acc_day": 0.9973333333333333,
    "drift_acc_all": 0.9763333333333334,
    "FRR_stable": 0.6408333333333334,
    "FAR_unknown_accept": 0.0,
    "miss_drift_rx": 0.013,
    "miss_drift_day": 0.05366666666666667,
    "miss_drift_all": 0.03333333333333333,
    "auc_unknown_eval": 0.9682669444444445
  },
  "GatedAdapt": {
    "stable_acc": 0.99625,
    "drift_acc_rx": 0.6323333333333333,
    "drift_acc_day": 0.6136666666666667,
    "drift_acc_all": 0.623,
    "FRR_stable": 0.13708333333333333,
    "FAR_unknown_accept": 0.0,
    "miss_drift_rx": 0.14566666666666667,
    "miss_drift_day": 0.31733333333333336,
    "miss_drift_all": 0.2315,
    "auc_unknown_eval": 0.9973542592592592
  },
  "GatedConfAdapt": {
    "stable_acc": 0.99625,
    "drift_acc_rx": 0.6346666666666667,
    "drift_acc_day": 0.6143333333333333,
    "drift_acc_all": 0.6245,
    "FRR_stable": 0.13875000000000004,
    "FAR_unknown_accept": 0.0,
    "miss_drift_rx": 0.14333333333333334,
    "miss_drift_day": 0.31633333333333336,
    "miss_drift_all": 0.22983333333333333,
    "auc_unknown_eval": 0.9974026851851853
  }
}