{
  "split": 4,
  "fold": 2,
  "false_drift_target": 0.2,
  "tau_id": -1.5986932516098022,
  "tau_dom": 955.5023803710938,
  "tau_conf": 0.9962409138679504,
  "pseudo_acc_rx": 0.61625,
  "pseudo_acc_day": 0.6175,
  "pseudo_acc_all": 0.6165625,
  "gate_precision": 0.9607843137254902,
  "gate_recall": 0.25725,
  "gate_keep_ratio": 0.1071,
  "conf_precision": 0.9602649006622517,
  "conf_recall": 0.25375,
  "conf_keep_ratio": 0.1057,
  "conf_keep_given_gate": 0.9869281045751634,
  "adapt_stream_size": 10000,
  "gate_size": 1071,
  "conf_size": 1057,
  "oracle_size": 4000,
  "NoAdapt": {
    "stable_acc": 0.99625,
    "drift_acc_rx": 0.6096666666666667,
    "drift_acc_day": 0.6026666666666667,
    "drift_acc_all": 0.6061666666666666,
    "FRR_stable": 0.23875000000000002,
    "FAR_unknown_accept": 0.0,
    "miss_drift_rx": 0.07833333333333334,
    "miss_drift_day": 0.23633333333333334,
    "miss_drift_all": 0.15733333333333333,
    "auc_unknown_eval": 0.9975197685185185
  },
  "UngatedAdapt": {
    "stable_acc": 0.99625,
    "drift_acc_rx": 0.6063333333333333,
    "drift_acc_day": 0.602,
    "drift_acc_all": 0.6041666666666666,
    "FRR_stable": 0.24916666666666665,
    "FAR_unknown_accept": 0.0,
    "miss_drift_rx": 0.07933333333333334,
    "miss_drift_day": 0.23333333333333334,
    "miss_drift_all": 0.15633333333333332,
    "auc_unknown_eval": 0.9982580092592592
  },
  "OracleGatePseudoAdapt": {
    "stable_acc": 0.9958333333333333,
    "drift_acc_rx": 0.605,
    "drift_acc_day": 0.603,
    "drift_acc_all": 0.604,
    "FRR_stable": 0.4683333333333334,
    "FAR_unknown_accept": 0.0,
    "miss_drift_rx": 0.0033333333333333335,
    "miss_drift_day": 0.041,
    "miss_drift_all": 0.022166666666666668,
    "auc_unknown_eval": 0.9983605324074074
  },
  "OracleLabelAdapt": {
    "stable_acc": 0.9975,
    "drift_acc_rx": 0.9553333333333334,
    "drift_acc_day": 0.9973333333333333,
    "drift_acc_all": 0.9763333333333334,
    "FRR_stable": 0.6654166666666667,
    "FAR_unknown_accept": 0.0,
    "miss_drift_rx": 0.004333333333333333,
    "miss_drift_day": 0.04766666666666667,
    "miss_drift_all": 0.026,
    "auc_unknown_eval": 0.9682669444444445
  },
  "GatedAdapt": {
    "stable_acc": 0.99625,
    "drift_acc_rx": 0.6413333333333333,
    "drift_acc_day": 0.615,
    "drift_acc_all": 0.6281666666666667,
    "FRR_stable": 0.23333333333333328,
    "FAR_unknown_accept": 0.0,
    "miss_drift_rx": 0.08066666666666666,
    "miss_drift_day": 0.24966666666666668,
    "miss_drift_all": 0.16516666666666666,
    "auc_unknown_eval": 0.9973449537037037
  },
  "GatedConfAdapt": {
    "stable_acc": 0.99625,
    "drift_acc_rx": 0.6353333333333333,
    "drift_acc_day": 0.615,
    "drift_acc_all": 0.6251666666666666,
    "FRR_stable": 0.23250000000000004,
    "FAR_unknown_accept": 0.0,
    "miss_drift_rx": 0.08033333333333334,
    "miss_drift_day": 0.24666666666666667,
    "miss_drift_all": 0.1635,
    "auc_unknown_eval": 0.9972906944444446
  }
}