{
  "train_loss": [
    0.1763708645351415,
    0.02024712650605512,
    0.014116047393892788,
    0.010788888171463227,
    0.009848706437889947,
    0.008395907797499986,
    0.007502600624093809,
    0.007633396761310804,
    0.0077168881954958685,
    0.00559580714266135,
    0.005946820696498221,
    0.007274703940528985,
    0.006542520777014785,
    0.0054069164364467905,
    0.005151715985464111,
    0.006592522632728768,
    0.0054824265728655765,
    0.005659399609574416,
    0.004471172752411444,
    0.004599240208641097,
    0.005349922713746006,
    0.003727609195414482,
    0.004827363468651993
  ],
  "train_acc": [
    0.9462191358024692,
    0.9943287037037037,
    0.9956018518518519,
    0.9963734567901235,
    0.9967592592592592,
    0.9970293209876543,
    0.9970679012345679,
    0.9971836419753086,
    0.9970293209876543,
    0.9981095679012346,
    0.9979552469135803,
    0.9973765432098766,
    0.9978395061728395,
    0.9978780864197531,
    0.9981095679012346,
    0.997800925925926,
    0.9979938271604938,
    0.998070987654321,
    0.9983410493827161,
    0.9982253086419753,
    0.9979166666666667,
    0.9986496913580247,
    0.9981481481481481
  ],
  "val_loss": [
    0.3030824379788505,
    0.02323769609340363,
    0.02574281874630186,
    0.013504875399586226,
    0.0070244061215716,
    0.006352684735934922,
    0.006293714655718456,
    0.006308800112957316,
    0.004493427401030203,
    0.004323220356663013,
    0.004954256898175421,
    0.005521474059029667,
    0.004015274997477213,
    0.004262864553533695,
    0.004765017450457283,
    0.0044990765094957575,
    0.004160591564222058,
    0.004071791175940436,
    0.0047478713419372475,
    0.00542253046217714,
    0.004390400580329394,
    0.005329235030108571,
    0.006956227537011727
  ],
  "val_acc": [
    0.8940972222222222,
    0.9934027777777777,
    0.9895833333333334,
    0.9951388888888889,
    0.996875,
    0.9972222222222222,
    0.9972222222222222,
    0.9972222222222222,
    0.9979166666666667,
    0.9975694444444444,
    0.9975694444444444,
    0.9979166666666667,
    0.9979166666666667,
    0.9979166666666667,
    0.9986111111111111,
    0.9975694444444444,
    0.9979166666666667,
    0.9986111111111111,
    0.9979166666666667,
    0.9975694444444444,
    0.9982638888888888,
    0.9979166666666667,
    0.9975694444444444
  ]
}