{
  "split": 2,
  "fold": 3,
  "acc": 0.9981944444444445,
  "auc_unknown": 0.8529561033950617,
  "auc_drRX_V0": 0.7063879050925925,
  "auc_drRX_V1": 0.8757607523148149,
  "auc_drRX_V1k": 0.8545318692129629,
  "auc_drRX_V2": 0.6085222685185185,
  "auc_drRX_V3": 0.6784559895833333,
  "auc_drDAY_V0": 0.528150100308642,
  "auc_drDAY_V1": 0.7173199594907407,
  "auc_drDAY_V1k": 0.694731574074074,
  "auc_drDAY_V2": 0.5337551736111111,
  "auc_drDAY_V3": 0.5136852835648149
}