{
  "split": 4,
  "fold": 2,
  "tau_id": -1.7186320304870606,
  "tau_dom": 2280.7755004882756,
  "thr_precision": 0.8766328011611031,
  "thr_recall": 0.151,
  "thr_keep_ratio": 0.0689,
  "topq_precision": 0.8507992895204263,
  "topq_recall": 0.11975,
  "topq_keep_ratio": 0.0563,
  "adapt_stream_size": 10000,
  "thr_size": 689,
  "topq_size": 563,
  "oracle_size": 4000,
  "NoAdapt": {
    "stable_acc": 0.9979166666666667,
    "drift_acc_rx": 0.549,
    "drift_acc_day": 0.7086666666666667,
    "drift_acc_all": 0.6288333333333334,
    "FRR_stable": 0.09666666666666668,
    "FAR_unknown_accept": 0.0,
    "miss_drift_rx": 0.18933333333333333,
    "miss_drift_day": 0.38866666666666666,
    "miss_drift_all": 0.289,
    "auc_unknown_eval": 0.9963055092592593
  },
  "UngatedAdapt": {
    "stable_acc": 0.9975,
    "drift_acc_rx": 0.5433333333333333,
    "drift_acc_day": 0.6986666666666667,
    "drift_acc_all": 0.621,
    "FRR_stable": 0.09624999999999995,
    "FAR_unknown_accept": 0.0,
    "miss_drift_rx": 0.18866666666666668,
    "miss_drift_day": 0.39666666666666667,
    "miss_drift_all": 0.2926666666666667,
    "auc_unknown_eval": 0.9951156481481481
  },
  "GatedAdapt": {
    "stable_acc": 0.9975,
    "drift_acc_rx": 0.5576666666666666,
    "drift_acc_day": 0.712,
    "drift_acc_all": 0.6348333333333334,
    "FRR_stable": 0.09375,
    "FAR_unknown_accept": 0.0,
    "miss_drift_rx": 0.18933333333333333,
    "miss_drift_day": 0.3943333333333333,
    "miss_drift_all": 0.29183333333333333,
    "auc_unknown_eval": 0.9963926388888888
  },
  "GatedTopQAdapt": {
    "stable_acc": 0.9975,
    "drift_acc_rx": 0.5553333333333333,
    "drift_acc_day": 0.7116666666666667,
    "drift_acc_all": 0.6335,
    "FRR_stable": 0.09375,
    "FAR_unknown_accept": 0.0,
    "miss_drift_rx": 0.19033333333333333,
    "miss_drift_day": 0.39466666666666667,
    "miss_drift_all": 0.2925,
    "auc_unknown_eval": 0.996455787037037
  },
  "OracleGateAdapt": {
    "stable_acc": 0.9975,
    "drift_acc_rx": 0.549,
    "drift_acc_day": 0.7013333333333334,
    "drift_acc_all": 0.6251666666666666,
    "FRR_stable": 0.09833333333333338,
    "FAR_unknown_accept": 0.0,
    "miss_drift_rx": 0.193,
    "miss_drift_day": 0.4043333333333333,
    "miss_drift_all": 0.2986666666666667,
    "auc_unknown_eval": 0.994794074074074
  }
}