{
  "split": 3,
  "fold": 3,
  "acc": 0.9883333333333333,
  "auc_unknown": 0.9881267361111111,
  "auc_drift_rx": 0.9245602604166667,
  "auc_drift_day": 0.8295285416666667,
  "tau_id": -1214.88623046875,
  "tau_dom": 1865.94921875,
  "FRR_stable": 0.08875,
  "false_drift_stable": 0.03875,
  "FAR_unknown_accept": 0.0321,
  "miss_drift": 0.2854791666666667,
  "confusion_matrix": [
    [
      2187,
      93,
      120
    ],
    [
      13703,
      7868,
      26429
    ],
    [
      963,
      2178,
      26859
    ]
  ]
}