{
  "tau_id": -1214.88623046875,
  "tau_dom": 1865.94921875
}