{
  "split": 10,
  "fold": 1,
  "acc": 0.9979166666666667,
  "auc_drift_rx": 0.9319690393518519,
  "auc_drift_day": 0.8161110763888888,
  "tau_dom": 2404.2672363281226,
  "sid_results": {
    "EmbMaha": {
      "tau_id": -1118.2805969238282,
      "auc_unknown": 0.9974222916666666,
      "FRR_stable": 0.09291666666666665,
      "false_drift_stable": 0.042916666666666665,
      "FAR_unknown_accept": 3.3333333333333335e-05,
      "miss_drift": 0.3084375,
      "confusion_matrix": [
        [
          2177,
          103,
          120
        ],
        [
          14805,
          7801,
          25394
        ],
        [
          1,
          1363,
          28636
        ]
      ]
    },
    "Energy": {
      "tau_id": 7.355638408660889,
      "auc_unknown": 0.9566343055555555,
      "FRR_stable": 0.09375,
      "false_drift_stable": 0.04375,
      "FAR_unknown_accept": 0.0069,
      "miss_drift": 0.2891875,
      "confusion_matrix": [
        [
          2175,
          105,
          120
        ],
        [
          13881,
          10705,
          23414
        ],
        [
          207,
          4008,
          25785
        ]
      ]
    },
    "Fusion_lam0.25": {
      "tau_id": -1.0459485411643983,
      "auc_unknown": 0.9979545833333332,
      "FRR_stable": 0.09375,
      "false_drift_stable": 0.04375,
      "FAR_unknown_accept": 0.0,
      "miss_drift": 0.2932708333333333,
      "confusion_matrix": [
        [
          2175,
          105,
          120
        ],
        [
          14077,
          6551,
          27372
        ],
        [
          0,
          1120,
          28880
        ]
      ]
    },
    "Fusion_lam0.5": {
      "tau_id": -1.238069272041321,
      "auc_unknown": 0.9981911805555556,
      "FRR_stable": 0.09416666666666662,
      "false_drift_stable": 0.04416666666666667,
      "FAR_unknown_accept": 0.0,
      "miss_drift": 0.28022916666666664,
      "confusion_matrix": [
        [
          2174,
          106,
          120
        ],
        [
          13451,
          6268,
          28281
        ],
        [
          0,
          1100,
          28900
        ]
      ]
    },
    "Fusion_lam1.0": {
      "tau_id": -1.917432475090027,
      "auc_unknown": 0.998261111111111,
      "FRR_stable": 0.09458333333333335,
      "false_drift_stable": 0.044583333333333336,
      "FAR_unknown_accept": 0.0,
      "miss_drift": 0.27227083333333335,
      "confusion_matrix": [
        [
          2173,
          107,
          120
        ],
        [
          13069,
          6580,
          28351
        ],
        [
          0,
          1209,
          28791
        ]
      ]
    },
    "Fusion_lam1.5": {
      "tau_id": -2.721168637275696,
      "auc_unknown": 0.9979017361111111,
      "FRR_stable": 0.09375,
      "false_drift_stable": 0.04375,
      "FAR_unknown_accept": 0.0,
      "miss_drift": 0.27139583333333334,
      "confusion_matrix": [
        [
          2175,
          105,
          120
        ],
        [
          13027,
          6969,
          28004
        ],
        [
          0,
          1358,
          28642
        ]
      ]
    },
    "Fusion_lam2.0": {
      "tau_id": -3.501252627372742,
      "auc_unknown": 0.9970260416666665,
      "FRR_stable": 0.09333333333333338,
      "false_drift_stable": 0.043333333333333335,
      "FAR_unknown_accept": 3.3333333333333335e-05,
      "miss_drift": 0.2705625,
      "confusion_matrix": [
        [
          2176,
          104,
          120
        ],
        [
          12987,
          7218,
          27795
        ],
        [
          1,
          1476,
          28523
        ]
      ]
    }
  },
  "best_sid": "Fusion_lam1.0"
}