{
  "train_loss": [
    1.4704097996855892,
    1.3165736339101355,
    1.2507731446488572,
    1.2079119555561089,
    1.1719889563829209,
    1.1429309058131485,
    1.1274800577538342,
    1.1053717217475154,
    1.0861837924356297,
    1.0775832030899914,
    1.0656273277563535,
    1.0521434914923757,
    1.0375243243515238,
    1.0314133293328407,
    1.018725639225739,
    1.0064439608594944,
    1.000435539221009,
    0.9892423336179316,
    0.9808180559489882,
    0.9661112511423164,
    0.9602764051253474,
    0.9536130999244855,
    0.9364881658798572,
    0.9324520568701695,
    0.920910786776302,
    0.9083824238140557,
    0.8934324368868389,
    0.8829700524090315
  ],
  "train_acc": [
    0.4056440109487644,
    0.48024210648058907,
    0.504799722425691,
    0.5287790585604688,
    0.5381857434750762,
    0.549442923782721,
    0.5514090751378233,
    0.5607001040903659,
    0.5683719495740005,
    0.5704537568911677,
    0.5763136589691199,
    0.5807471375149389,
    0.58730097536528,
    0.5891129187709626,
    0.5940090211650411,
    0.5978642199005358,
    0.5994448513820887,
    0.6058830332703651,
    0.6091599521955356,
    0.6127838390069008,
    0.6171787655653649,
    0.6186437410848529,
    0.6239639153398358,
    0.6231928755927368,
    0.6315201048614056,
    0.6320212806970199,
    0.6446663325494429,
    0.644589228574733
  ],
  "val_loss": [
    1.3753129236405297,
    1.2687332430785931,
    1.2314880193727535,
    1.193326509635867,
    1.1840312528908046,
    1.1728056600572003,
    1.1554251936142186,
    1.1294194255580015,
    1.1221611789330106,
    1.1324517601153488,
    1.1140757441768872,
    1.1151731470903532,
    1.111269929192283,
    1.1065671238776795,
    1.1081171202047428,
    1.103293817255085,
    1.1246720257109855,
    1.0983668216229479,
    1.110889352253127,
    1.103966371207333,
    1.1084855883010636,
    1.1276872007901433,
    1.1307705811210014,
    1.122383682203326,
    1.1156426710357772,
    1.1469146986126817,
    1.1555493478556627,
    1.1405305762327353
  ],
  "val_acc": [
    0.4437890353920888,
    0.4847328244274809,
    0.4958362248438584,
    0.5357390700902152,
    0.5430256766134629,
    0.5201249132546842,
    0.5319222761970853,
    0.5544760582928522,
    0.5614156835530881,
    0.5333102012491325,
    0.5426786953504511,
    0.5652324774462179,
    0.5412907702984039,
    0.5423317140874393,
    0.5423317140874393,
    0.5669673837612769,
    0.5707841776544067,
    0.5732130464954892,
    0.5697432338653713,
    0.5784177654406663,
    0.5721721027064538,
    0.5690492713393477,
    0.5503122831367107,
    0.5707841776544067,
    0.5742539902845246,
    0.5697432338653713,
    0.5700902151283831,
    0.5711311589174185
  ]
}