{
  "fold": 5,
  "acc_in_domain": 0.5421316964285714,
  "auc_unknown_by_Sid": 0.5254404618007589,
  "auc_drift_by_Sdom": 0.6226347577468676,
  "tau_id": 0.7474278211593628,
  "tau_dom": 142.510498046875
}