{
  "tau_id_p05_stable": 0.7474278211593628,
  "tau_dom_p95_stable": 142.510498046875
}