{
  "split": 6,
  "fold": 3,
  "acc": 0.9966666666666667,
  "auc_drift_rx": 0.9389605555555555,
  "auc_drift_day": 0.8508482986111112,
  "tau_dom": 2398.6492431640618,
  "sid_results": {
    "EmbMaha": {
      "tau_id": -1076.8867736816405,
      "auc_unknown": 0.9814590972222221,
      "FRR_stable": 0.09458333333333335,
      "false_drift_stable": 0.044583333333333336,
      "FAR_unknown_accept": 0.0012666666666666666,
      "miss_drift": 0.23560416666666667,
      "confusion_matrix": [
        [
          2173,
          107,
          120
        ],
        [
          11309,
          4077,
          32614
        ],
        [
          38,
          858,
          29104
        ]
      ]
    },
    "Energy": {
      "tau_id": 6.361073303222656,
      "auc_unknown": 0.802118125,
      "FRR_stable": 0.09250000000000003,
      "false_drift_stable": 0.0425,
      "FAR_unknown_accept": 0.0584,
      "miss_drift": 0.2953125,
      "confusion_matrix": [
        [
          2178,
          102,
          120
        ],
        [
          14175,
          13801,
          20024
        ],
        [
          1752,
          14858,
          13390
        ]
      ]
    },
    "Fusion_lam0.25": {
      "tau_id": -0.884747126698494,
      "auc_unknown": 0.9843029861111112,
      "FRR_stable": 0.09333333333333338,
      "false_drift_stable": 0.043333333333333335,
      "FAR_unknown_accept": 0.0009333333333333333,
      "miss_drift": 0.23470833333333332,
      "confusion_matrix": [
        [
          2176,
          104,
          120
        ],
        [
          11266,
          4599,
          32135
        ],
        [
          28,
          838,
          29134
        ]
      ]
    },
    "Fusion_lam0.5": {
      "tau_id": -1.2108711421489715,
      "auc_unknown": 0.9825891319444445,
      "FRR_stable": 0.09333333333333338,
      "false_drift_stable": 0.043333333333333335,
      "FAR_unknown_accept": 0.0019666666666666665,
      "miss_drift": 0.23810416666666667,
      "confusion_matrix": [
        [
          2176,
          104,
          120
        ],
        [
          11429,
          5263,
          31308
        ],
        [
          59,
          1068,
          28873
        ]
      ]
    },
    "Fusion_lam1.0": {
      "tau_id": -1.9175673246383667,
      "auc_unknown": 0.9763981944444444,
      "FRR_stable": 0.09250000000000003,
      "false_drift_stable": 0.0425,
      "FAR_unknown_accept": 0.005966666666666667,
      "miss_drift": 0.24347916666666666,
      "confusion_matrix": [
        [
          2178,
          102,
          120
        ],
        [
          11687,
          6168,
          30145
        ],
        [
          179,
          1537,
          28284
        ]
      ]
    },
    "Fusion_lam1.5": {
      "tau_id": -2.686300039291382,
      "auc_unknown": 0.9695942013888887,
      "FRR_stable": 0.09166666666666667,
      "false_drift_stable": 0.041666666666666664,
      "FAR_unknown_accept": 0.010133333333333333,
      "miss_drift": 0.24833333333333332,
      "confusion_matrix": [
        [
          2180,
          100,
          120
        ],
        [
          11920,
          6745,
          29335
        ],
        [
          304,
          2006,
          27690
        ]
      ]
    },
    "Fusion_lam2.0": {
      "tau_id": -3.4997074604034424,
      "auc_unknown": 0.9631883333333334,
      "FRR_stable": 0.09166666666666667,
      "false_drift_stable": 0.041666666666666664,
      "FAR_unknown_accept": 0.013966666666666667,
      "miss_drift": 0.2546041666666667,
      "confusion_matrix": [
        [
          2180,
          100,
          120
        ],
        [
          12221,
          7128,
          28651
        ],
        [
          419,
          2413,
          27168
        ]
      ]
    }
  },
  "best_sid": "Fusion_lam0.25"
}