{
  "train_loss": [
    0.8318502929475572,
    0.3666577670309279,
    0.14132300743626225,
    0.03445318113598558,
    0.021199780619806714,
    0.023962941848569445,
    0.015222129339559212,
    0.010404660211255154,
    0.008122594279444052,
    0.008990210235222347,
    0.006957155745476484,
    0.007563173492801272,
    0.007888881981165873,
    0.006324824530424343,
    0.005347496478093995,
    0.004108766254244579,
    0.0032261616666801273,
    0.002345967731283357,
    0.0034775103623461393,
    0.003618011026022335,
    0.0015596480522718694,
    0.005045407500842379,
    0.003074108845450812,
    0.0018271093735367887,
    0.0019858447757239144
  ],
  "train_acc": [
    0.6201388888888889,
    0.8763888888888889,
    0.9625,
    0.99375,
    0.9961805555555555,
    0.9934027777777777,
    0.9954861111111111,
    0.9975694444444444,
    0.9982638888888888,
    0.9986111111111111,
    0.9979166666666667,
    0.9972222222222222,
    0.9979166666666667,
    0.9989583333333333,
    0.9986111111111111,
    0.9989583333333333,
    0.9993055555555556,
    0.9996527777777777,
    0.9993055555555556,
    0.9989583333333333,
    0.9996527777777777,
    0.9986111111111111,
    0.9993055555555556,
    1.0,
    0.9996527777777777
  ],
  "val_loss": [
    3.496291732788086,
    2.5036664962768556,
    1.1179761171340943,
    0.865852689743042,
    0.6375411033630372,
    0.24330435395240785,
    0.22833764553070068,
    0.11518272757530212,
    0.10972156524658203,
    0.14027887880802153,
    0.10533073246479034,
    0.14418893456459045,
    0.03086564242839813,
    0.04823813438415527,
    0.08650974482297898,
    0.026356982439756392,
    0.013887351751327515,
    0.018140319734811783,
    0.016302161291241644,
    0.007237822376191616,
    0.018802186846733092,
    0.023847196623682974,
    0.010117140226066112,
    0.007417678460478782,
    0.02832074835896492
  ],
  "val_acc": [
    0.190625,
    0.478125,
    0.71875,
    0.75,
    0.771875,
    0.890625,
    0.91875,
    0.959375,
    0.9625,
    0.946875,
    0.953125,
    0.946875,
    0.990625,
    0.978125,
    0.959375,
    0.990625,
    1.0,
    0.996875,
    0.996875,
    1.0,
    1.0,
    0.990625,
    1.0,
    1.0,
    0.990625
  ]
}