{
  "fold": 5,
  "acc_in_domain": 0.99375,
  "auc_unknown": 0.991629375,
  "auc_drift_rx": 0.9915858948863636,
  "auc_drift_day": 0.9157278125,
  "tau_id": 0.9568748474121094,
  "tau_dom": 6134.6533203125
}