{
  "train_loss": [
    0.6534781301463092,
    0.1931372223076997,
    0.06355259778598944,
    0.03399060365778429,
    0.02981561321972145,
    0.0216826933539576,
    0.018535223984400984,
    0.01595635451203971,
    0.013065189678497888,
    0.010946039294961978,
    0.010268308434859609,
    0.011770244736948775,
    0.00892677870147896,
    0.008394240609508146,
    0.008800091662582148,
    0.007724584215665581,
    0.00809271018995248,
    0.006141137575765175,
    0.004053392289939371,
    0.004966357541787956,
    0.003180715105177283,
    0.005490709964780965,
    0.004080817876038728,
    0.00403539533231028
  ],
  "train_acc": [
    0.6998842592592592,
    0.9209490740740741,
    0.9774305555555556,
    0.9894675925925925,
    0.9908564814814815,
    0.9930555555555556,
    0.9936342592592593,
    0.9946759259259259,
    0.9952546296296296,
    0.9971064814814815,
    0.9967592592592592,
    0.9966435185185185,
    0.996875,
    0.9976851851851852,
    0.9971064814814815,
    0.997337962962963,
    0.9974537037037037,
    0.9981481481481481,
    0.9986111111111111,
    0.9981481481481481,
    0.9993055555555556,
    0.9987268518518518,
    0.9987268518518518,
    0.9983796296296297
  ],
  "val_loss": [
    0.2323969264825185,
    0.1375215450922648,
    0.04534135144203901,
    0.03761727229381601,
    0.01606833149950641,
    0.024034380353987216,
    0.03646089291820923,
    0.025836127266908687,
    0.021879446475456157,
    0.016450814605923368,
    0.01070302120836762,
    0.013589543085739326,
    0.01282677691973125,
    0.013436063147188785,
    0.012615994156415884,
    0.007387313006135324,
    0.013646715373033658,
    0.015240935046070566,
    0.01404389833624009,
    0.013630437794684742,
    0.007449867214503077,
    0.009208003871026448,
    0.005054206673715574,
    0.005757507948146667
  ],
  "val_acc": [
    0.8989583333333333,
    0.95,
    0.984375,
    0.9833333333333333,
    0.9927083333333333,
    0.9885416666666667,
    0.9864583333333333,
    0.9895833333333334,
    0.9916666666666667,
    0.99375,
    0.996875,
    0.9947916666666666,
    0.9947916666666666,
    0.996875,
    0.9947916666666666,
    0.9979166666666667,
    0.9958333333333333,
    0.996875,
    0.996875,
    0.9958333333333333,
    0.9979166666666667,
    0.996875,
    0.9979166666666667,
    0.9979166666666667
  ]
}