{
  "split": 13,
  "fold": 1,
  "acc": 0.995,
  "auc_unknown": 0.9987469444444445,
  "auc_drift_rx": 0.9306977777777778,
  "auc_drift_day": 0.8431362673611111,
  "tau_id": -1.147084355354309,
  "tau_dom": 2520.79833984375,
  "FRR_stable": 0.08999999999999997,
  "false_drift_stable": 0.04,
  "FAR_unknown_accept": 0.0,
  "miss_drift": 0.293375,
  "confusion_matrix": [
    [
      2184,
      96,
      120
    ],
    [
      14082,
      8377,
      25541
    ],
    [
      0,
      1482,
      28518
    ]
  ]
}