{
  "tau_id": -1.147084355354309,
  "tau_dom": 2520.79833984375
}