{
  "train_loss": [
    0.3871497286690606,
    0.0501547632187053,
    0.027847812314414317,
    0.019703055224898788,
    0.013182296716021719,
    0.00955806019095083,
    0.009324101182735628,
    0.009128515463736322,
    0.007074493449612486,
    0.0074081114299284915,
    0.006447950325457862,
    0.0077156275993695966,
    0.0061889254889037045,
    0.007075238476196925,
    0.005266156236218565,
    0.004413536622370076,
    0.004498734238397985,
    0.004353297822806915,
    0.004292237019614765,
    0.005662590538742262
  ],
  "train_acc": [
    0.850462962962963,
    0.9879629629629629,
    0.9927083333333333,
    0.9942129629629629,
    0.9967592592592592,
    0.9976851851851852,
    0.9979166666666667,
    0.9972222222222222,
    0.9982638888888888,
    0.9981481481481481,
    0.9979166666666667,
    0.9984953703703704,
    0.9983796296296297,
    0.9980324074074074,
    0.9988425925925926,
    0.9987268518518518,
    0.9989583333333333,
    0.9988425925925926,
    0.9988425925925926,
    0.9984953703703704
  ],
  "val_loss": [
    0.36954396069049833,
    0.04979685839886467,
    0.02304806266911328,
    0.02283417268966635,
    0.01776111766230315,
    0.014386818177687626,
    0.018357650811473527,
    0.015153435443062335,
    0.012133218410114447,
    0.013318074176398416,
    0.01223572378512472,
    0.00950154800278445,
    0.011057892333095272,
    0.009503042045980691,
    0.008990741284408917,
    0.01089198367165712,
    0.006298349526089927,
    0.009426957945591615,
    0.0072283999407469915,
    0.006739369077452769
  ],
  "val_acc": [
    0.8572916666666667,
    0.9864583333333333,
    0.9958333333333333,
    0.996875,
    0.9958333333333333,
    0.996875,
    0.9958333333333333,
    0.996875,
    0.9958333333333333,
    0.996875,
    0.996875,
    0.9979166666666667,
    0.996875,
    0.9979166666666667,
    0.9979166666666667,
    0.996875,
    0.9979166666666667,
    0.996875,
    0.9979166666666667,
    0.9979166666666667
  ]
}