{
  "split": 5,
  "fold": 4,
  "acc": 0.9975,
  "auc_unknown": 0.7178300347222223,
  "auc_drift_rx": 0.9470244097222222,
  "auc_drift_day": 0.865971736111111,
  "tau_id": -1.4374374151229858,
  "tau_dom": 2656.92236328125,
  "FRR_stable": 0.09583333333333333,
  "false_drift_stable": 0.04583333333333333,
  "FAR_unknown_accept": 0.39103333333333334,
  "miss_drift": 0.1423125,
  "confusion_matrix": [
    [
      2170,
      110,
      120
    ],
    [
      6831,
      7445,
      33724
    ],
    [
      11731,
      12470,
      5799
    ]
  ]
}