{
  "tau_id": -1.4374374151229858,
  "tau_dom": 2656.92236328125
}