{
  "split": 7,
  "fold": 3,
  "acc": 0.9983333333333333,
  "auc_drift_rx": 0.9339507523148147,
  "auc_drift_day": 0.8618094791666666,
  "tau_dom": 2171.032116699214,
  "sid_results": {
    "EmbMaha": {
      "tau_id": -894.2343353271484,
      "auc_unknown": 0.9533175694444445,
      "FRR_stable": 0.09333333333333338,
      "false_drift_stable": 0.043333333333333335,
      "FAR_unknown_accept": 0.011333333333333334,
      "miss_drift": 0.24475,
      "confusion_matrix": [
        [
          2176,
          104,
          120
        ],
        [
          11748,
          6503,
          29749
        ],
        [
          340,
          3895,
          25765
        ]
      ]
    },
    "Energy": {
      "tau_id": 4.929450678825378,
      "auc_unknown": 0.7989585416666667,
      "FRR_stable": 0.09916666666666663,
      "false_drift_stable": 0.049166666666666664,
      "FAR_unknown_accept": 0.029166666666666667,
      "miss_drift": 0.32614583333333336,
      "confusion_matrix": [
        [
          2162,
          118,
          120
        ],
        [
          15655,
          20343,
          12002
        ],
        [
          875,
          18122,
          11003
        ]
      ]
    },
    "Fusion_lam0.25": {
      "tau_id": -1.2802388072013855,
      "auc_unknown": 0.9395736805555557,
      "FRR_stable": 0.09458333333333335,
      "false_drift_stable": 0.044583333333333336,
      "FAR_unknown_accept": 0.013566666666666666,
      "miss_drift": 0.2439375,
      "confusion_matrix": [
        [
          2173,
          107,
          120
        ],
        [
          11709,
          7159,
          29132
        ],
        [
          407,
          4586,
          25007
        ]
      ]
    },
    "Fusion_lam0.5": {
      "tau_id": -1.6829415917396546,
      "auc_unknown": 0.9303717361111111,
      "FRR_stable": 0.0954166666666667,
      "false_drift_stable": 0.04541666666666667,
      "FAR_unknown_accept": 0.0159,
      "miss_drift": 0.2502083333333333,
      "confusion_matrix": [
        [
          2171,
          109,
          120
        ],
        [
          12010,
          8027,
          27963
        ],
        [
          477,
          5243,
          24280
        ]
      ]
    },
    "Fusion_lam1.0": {
      "tau_id": -2.555530536174774,
      "auc_unknown": 0.9188871527777777,
      "FRR_stable": 0.09666666666666668,
      "false_drift_stable": 0.04666666666666667,
      "FAR_unknown_accept": 0.0174,
      "miss_drift": 0.26379166666666665,
      "confusion_matrix": [
        [
          2168,
          112,
          120
        ],
        [
          12662,
          9417,
          25921
        ],
        [
          522,
          6064,
          23414
        ]
      ]
    },
    "Fusion_lam1.5": {
      "tau_id": -3.4802764534950255,
      "auc_unknown": 0.912175138888889,
      "FRR_stable": 0.09750000000000003,
      "false_drift_stable": 0.0475,
      "FAR_unknown_accept": 0.017766666666666667,
      "miss_drift": 0.2728541666666667,
      "confusion_matrix": [
        [
          2166,
          114,
          120
        ],
        [
          13097,
          10437,
          24466
        ],
        [
          533,
          6541,
          22926
        ]
      ]
    },
    "Fusion_lam2.0": {
      "tau_id": -4.437195372581482,
      "auc_unknown": 0.9072779166666667,
      "FRR_stable": 0.09750000000000003,
      "false_drift_stable": 0.0475,
      "FAR_unknown_accept": 0.018,
      "miss_drift": 0.2784375,
      "confusion_matrix": [
        [
          2166,
          114,
          120
        ],
        [
          13365,
          11178,
          23457
        ],
        [
          540,
          6884,
          22576
        ]
      ]
    }
  },
  "best_sid": "EmbMaha"
}