{
  "split": 1,
  "fold": 1,
  "acc": 0.99875,
  "auc_unknown": 0.7834271527777779,
  "auc_drift_rx": 0.9464713078703703,
  "auc_drift_day": 0.8714136284722223,
  "tau_id_single": -938.7751098632813,
  "tau_dom_single": 2834.1689086914034,
  "tau_id_low": -2343.902565917969,
  "tau_id_high": -687.7013793945313,
  "tau_dom_dual": 2834.1689086914034,
  "single": {
    "FRR_stable": 0.0954166666666667,
    "false_drift_stable": 0.04541666666666667,
    "FAR_unknown_accept": 0.3309,
    "miss_drift": 0.1495
  },
  "dual_conservative": {
    "FRR_stable": 0.14208333333333334,
    "false_drift_stable": 0.0475,
    "FAR_unknown_accept": 0.24896666666666667,
    "miss_drift": 0.13454166666666667
  },
  "dual_balanced": {
    "FRR_stable": 0.057499999999999996,
    "false_drift_stable": 0.0475,
    "FAR_unknown_accept": 0.4080666666666667,
    "miss_drift": 0.20466666666666666
  },
  "confusion_matrix_single": [
    [
      2171,
      109,
      120
    ],
    [
      7176,
      6760,
      34064
    ],
    [
      9927,
      7772,
      12301
    ]
  ],
  "confusion_matrix_dual_conservative": [
    [
      2059,
      114,
      227
    ],
    [
      6458,
      8886,
      32656
    ],
    [
      7469,
      12049,
      10482
    ]
  ],
  "confusion_matrix_dual_balanced": [
    [
      2262,
      114,
      24
    ],
    [
      9824,
      8886,
      29290
    ],
    [
      12242,
      12049,
      5709
    ]
  ],
  "semantic_region_counts": {
    "0": 15986,
    "1": 12528,
    "2": 9697,
    "3": 25326,
    "4": 8342,
    "5": 8521
  }
}