{
  "tau_id_single": -938.7751098632813,
  "tau_dom_single": 2834.1689086914034,
  "tau_id_low": -2343.902565917969,
  "tau_id_high": -687.7013793945313,
  "tau_dom_dual": 2834.1689086914034
}