{
  "split": 5,
  "fold": 5,
  "acc": 0.9958333333333333,
  "auc_drift_rx": 0.9499830960648149,
  "auc_drift_day": 0.8593813020833333,
  "tau_dom": 2640.6572631835897,
  "sid_results": {
    "EmbMaha": {
      "tau_id": -999.4481903076172,
      "auc_unknown": 0.5777929513888889,
      "FRR_stable": 0.08999999999999997,
      "false_drift_stable": 0.04,
      "FAR_unknown_accept": 0.3788,
      "miss_drift": 0.1448125,
      "confusion_matrix": [
        [
          2184,
          96,
          120
        ],
        [
          6951,
          7591,
          33458
        ],
        [
          11364,
          12699,
          5937
        ]
      ]
    },
    "Energy": {
      "tau_id": 6.03564863204956,
      "auc_unknown": 0.7321591666666667,
      "FRR_stable": 0.09416666666666662,
      "false_drift_stable": 0.04416666666666667,
      "FAR_unknown_accept": 0.3963333333333333,
      "miss_drift": 0.19866666666666666,
      "confusion_matrix": [
        [
          2174,
          106,
          120
        ],
        [
          9536,
          16655,
          21809
        ],
        [
          11890,
          16004,
          2106
        ]
      ]
    },
    "Fusion_lam0.25": {
      "tau_id": -0.7980489552021026,
      "auc_unknown": 0.6673081597222222,
      "FRR_stable": 0.09125000000000005,
      "false_drift_stable": 0.04125,
      "FAR_unknown_accept": 0.3783,
      "miss_drift": 0.132625,
      "confusion_matrix": [
        [
          2181,
          99,
          120
        ],
        [
          6366,
          7534,
          34100
        ],
        [
          11349,
          12581,
          6070
        ]
      ]
    },
    "Fusion_lam0.5": {
      "tau_id": -1.1628340184688568,
      "auc_unknown": 0.6935599305555555,
      "FRR_stable": 0.0920833333333333,
      "false_drift_stable": 0.042083333333333334,
      "FAR_unknown_accept": 0.38043333333333335,
      "miss_drift": 0.13672916666666668,
      "confusion_matrix": [
        [
          2179,
          101,
          120
        ],
        [
          6563,
          7938,
          33499
        ],
        [
          11413,
          12765,
          5822
        ]
      ]
    },
    "Fusion_lam1.0": {
      "tau_id": -1.9934848010540007,
      "auc_unknown": 0.71275375,
      "FRR_stable": 0.09250000000000003,
      "false_drift_stable": 0.0425,
      "FAR_unknown_accept": 0.38376666666666664,
      "miss_drift": 0.14722916666666666,
      "confusion_matrix": [
        [
          2178,
          102,
          120
        ],
        [
          7067,
          8765,
          32168
        ],
        [
          11513,
          13175,
          5312
        ]
      ]
    },
    "Fusion_lam1.5": {
      "tau_id": -2.8643226861953734,
      "auc_unknown": 0.7222325694444445,
      "FRR_stable": 0.09333333333333338,
      "false_drift_stable": 0.043333333333333335,
      "FAR_unknown_accept": 0.386,
      "miss_drift": 0.15347916666666667,
      "confusion_matrix": [
        [
          2176,
          104,
          120
        ],
        [
          7367,
          9394,
          31239
        ],
        [
          11580,
          13546,
          4874
        ]
      ]
    },
    "Fusion_lam2.0": {
      "tau_id": -3.7552477717399597,
      "auc_unknown": 0.7269960416666666,
      "FRR_stable": 0.09333333333333338,
      "false_drift_stable": 0.043333333333333335,
      "FAR_unknown_accept": 0.3873666666666667,
      "miss_drift": 0.15704166666666666,
      "confusion_matrix": [
        [
          2176,
          104,
          120
        ],
        [
          7538,
          9985,
          30477
        ],
        [
          11621,
          13858,
          4521
        ]
      ]
    }
  },
  "best_sid": "Energy"
}