{
  "train_loss": [
    0.2688247526892357,
    0.018542435340997247,
    0.010088036592221922,
    0.007857005374885543,
    0.0070080793488563765,
    0.00515509346474169,
    0.003440575003279028,
    0.003728394455888688,
    0.003057478027551918,
    0.006277880334096995,
    0.0033022534220772622,
    0.0027495494274060346,
    0.002394022306974943,
    0.0027971458023077706,
    0.001981256808546648,
    0.0015524939073387671,
    0.002354180176431934,
    0.0017859636568270314,
    0.001322356667919343,
    0.001872178657881536,
    0.0020460137151530945,
    0.001169641185508765,
    0.002083519940896184,
    0.0016250011814042443
  ],
  "train_acc": [
    0.9076388888888889,
    0.9971064814814815,
    0.9976851851851852,
    0.9980324074074074,
    0.9984953703703704,
    0.9981481481481481,
    0.9991898148148148,
    0.9987268518518518,
    0.9990740740740741,
    0.9982638888888888,
    0.9984953703703704,
    0.9990740740740741,
    0.9989583333333333,
    0.9989583333333333,
    0.9993055555555556,
    0.999537037037037,
    0.9993055555555556,
    0.9993055555555556,
    0.999537037037037,
    0.9994212962962963,
    0.9993055555555556,
    0.9996527777777777,
    0.9993055555555556,
    0.9994212962962963
  ],
  "val_loss": [
    0.4326443175474803,
    0.18958591421445212,
    0.07361379067103067,
    0.0718861348927021,
    0.030110944186647733,
    0.016540028899908066,
    0.01429942126851529,
    0.0158684179186821,
    0.0061118389635036385,
    0.014987484024216732,
    0.005051404307596386,
    0.004438359519311538,
    0.002510737345437519,
    0.005518880099892461,
    0.0019513261921626204,
    0.0009012116162921302,
    0.002365132688040224,
    0.005494169533873597,
    0.003814706609894832,
    0.005976509469716499,
    0.0010821173710913476,
    0.0014534622173717556,
    0.008129753121950974,
    0.0025006337258370575
  ],
  "val_acc": [
    0.8354166666666667,
    0.9322916666666666,
    0.9760416666666667,
    0.9791666666666666,
    0.9875,
    0.9947916666666666,
    0.9958333333333333,
    0.996875,
    0.9979166666666667,
    0.9958333333333333,
    0.9979166666666667,
    0.9979166666666667,
    0.9989583333333333,
    0.9979166666666667,
    0.9989583333333333,
    1.0,
    0.9979166666666667,
    0.9979166666666667,
    0.9979166666666667,
    0.9979166666666667,
    0.9989583333333333,
    0.9989583333333333,
    0.996875,
    0.9989583333333333
  ]
}