{
  "split": 2,
  "fold": 2,
  "acc": 0.9983333333333333,
  "auc_unknown": 0.9964708333333333,
  "auc_drift_rx": 0.9223679282407407,
  "auc_drift_day": 0.8275826909722221,
  "tau_id": -1.1574887037277222,
  "tau_dom": 2539.16748046875,
  "FRR_stable": 0.09750000000000003,
  "false_drift_stable": 0.0475,
  "FAR_unknown_accept": 0.0001,
  "miss_drift": 0.2399375,
  "confusion_matrix": [
    [
      2166,
      114,
      120
    ],
    [
      11517,
      6516,
      29967
    ],
    [
      3,
      111,
      29886
    ]
  ]
}