{
  "tau_id": -1.1574887037277222,
  "tau_dom": 2539.16748046875
}