{
  "train_loss": [
    0.5294308851162592,
    0.1506381470296118,
    0.06318257943623595,
    0.0415812987903202,
    0.02630085455322707,
    0.02345983379141048,
    0.01727901156646786,
    0.015877498175810884,
    0.016848957148828992,
    0.013958827726956871,
    0.010361501788375554,
    0.010614319476816389,
    0.011435295821650437,
    0.009204677039222722,
    0.010030511140185236,
    0.008314529545950118,
    0.00740076225699374,
    0.006718819155961413,
    0.006417531847384654
  ],
  "train_acc": [
    0.7700231481481481,
    0.9450231481481481,
    0.9804398148148148,
    0.9864583333333333,
    0.9909722222222223,
    0.9921296296296296,
    0.9953703703703703,
    0.9946759259259259,
    0.9936342592592593,
    0.9951388888888889,
    0.996875,
    0.9964120370370371,
    0.9959490740740741,
    0.9971064814814815,
    0.9964120370370371,
    0.9969907407407408,
    0.9974537037037037,
    0.997800925925926,
    0.9983796296296297
  ],
  "val_loss": [
    1.9972075939178466,
    0.6882307211558024,
    0.2744803806145986,
    0.373307200272878,
    0.179475466410319,
    0.09035903066396714,
    0.056611771881580356,
    0.051059993480642635,
    0.044713468228777246,
    0.04912668690085411,
    0.03960678453246753,
    0.04625252007196347,
    0.028656134211147825,
    0.03945976085960865,
    0.0383553729703029,
    0.05119057794411977,
    0.02318519065156579,
    0.03651340343058109,
    0.053072780122359595
  ],
  "val_acc": [
    0.534375,
    0.715625,
    0.8822916666666667,
    0.8395833333333333,
    0.9291666666666667,
    0.971875,
    0.9864583333333333,
    0.9885416666666667,
    0.9885416666666667,
    0.9864583333333333,
    0.9916666666666667,
    0.9885416666666667,
    0.9916666666666667,
    0.9895833333333334,
    0.990625,
    0.9854166666666667,
    0.9916666666666667,
    0.9885416666666667,
    0.98125
  ]
}