{
  "split": 15,
  "fold": 5,
  "acc": 0.9925,
  "auc_unknown": 0.9833201388888889,
  "auc_drift_rx": 0.9431859085648148,
  "auc_drift_day": 0.8500219965277779,
  "tau_id": -1.1972328424453735,
  "tau_dom": 2314.83837890625,
  "FRR_stable": 0.09125000000000005,
  "false_drift_stable": 0.04125,
  "FAR_unknown_accept": 0.0089,
  "miss_drift": 0.2863541666666667,
  "confusion_matrix": [
    [
      2181,
      99,
      120
    ],
    [
      13745,
      6750,
      27505
    ],
    [
      267,
      2058,
      27675
    ]
  ]
}