{
  "tau_id": -1.1972328424453735,
  "tau_dom": 2314.83837890625
}