{
  "split": 8,
  "fold": 4,
  "acc": 0.9983333333333333,
  "auc_drift_rx": 0.9468716898148148,
  "auc_drift_day": 0.8429138888888889,
  "tau_dom": 2419.027453613271,
  "sid_results": {
    "EmbMaha": {
      "tau_id": -1060.0772644042968,
      "auc_unknown": 0.9966863194444444,
      "FRR_stable": 0.09166666666666667,
      "false_drift_stable": 0.041666666666666664,
      "FAR_unknown_accept": 0.0005,
      "miss_drift": 0.15502083333333333,
      "confusion_matrix": [
        [
          2180,
          100,
          120
        ],
        [
          7441,
          7885,
          32674
        ],
        [
          15,
          41,
          29944
        ]
      ]
    },
    "Energy": {
      "tau_id": 8.818863773345948,
      "auc_unknown": 0.9713445833333333,
      "FRR_stable": 0.09624999999999995,
      "false_drift_stable": 0.04625,
      "FAR_unknown_accept": 0.0084,
      "miss_drift": 0.17289583333333333,
      "confusion_matrix": [
        [
          2169,
          111,
          120
        ],
        [
          8299,
          11884,
          27817
        ],
        [
          252,
          2226,
          27522
        ]
      ]
    },
    "Fusion_lam0.25": {
      "tau_id": -0.8304276496171951,
      "auc_unknown": 0.997219375,
      "FRR_stable": 0.09166666666666667,
      "false_drift_stable": 0.041666666666666664,
      "FAR_unknown_accept": 6.666666666666667e-05,
      "miss_drift": 0.14004166666666668,
      "confusion_matrix": [
        [
          2180,
          100,
          120
        ],
        [
          6722,
          7423,
          33855
        ],
        [
          2,
          21,
          29977
        ]
      ]
    },
    "Fusion_lam0.5": {
      "tau_id": -1.0847031474113464,
      "auc_unknown": 0.9972542361111111,
      "FRR_stable": 0.0920833333333333,
      "false_drift_stable": 0.042083333333333334,
      "FAR_unknown_accept": 3.3333333333333335e-05,
      "miss_drift": 0.14220833333333333,
      "confusion_matrix": [
        [
          2179,
          101,
          120
        ],
        [
          6826,
          7640,
          33534
        ],
        [
          1,
          18,
          29981
        ]
      ]
    },
    "Fusion_lam1.0": {
      "tau_id": -1.7243427574634551,
      "auc_unknown": 0.9968600694444445,
      "FRR_stable": 0.09250000000000003,
      "false_drift_stable": 0.0425,
      "FAR_unknown_accept": 0.00016666666666666666,
      "miss_drift": 0.15,
      "confusion_matrix": [
        [
          2178,
          102,
          120
        ],
        [
          7200,
          8230,
          32570
        ],
        [
          5,
          42,
          29953
        ]
      ]
    },
    "Fusion_lam1.5": {
      "tau_id": -2.355786144733429,
      "auc_unknown": 0.9960654166666667,
      "FRR_stable": 0.09291666666666665,
      "false_drift_stable": 0.042916666666666665,
      "FAR_unknown_accept": 0.0005666666666666667,
      "miss_drift": 0.15304166666666666,
      "confusion_matrix": [
        [
          2177,
          103,
          120
        ],
        [
          7346,
          8582,
          32072
        ],
        [
          17,
          81,
          29902
        ]
      ]
    },
    "Fusion_lam2.0": {
      "tau_id": -2.994782292842865,
      "auc_unknown": 0.9950081250000001,
      "FRR_stable": 0.09333333333333338,
      "false_drift_stable": 0.043333333333333335,
      "FAR_unknown_accept": 0.0007666666666666667,
      "miss_drift": 0.15408333333333332,
      "confusion_matrix": [
        [
          2176,
          104,
          120
        ],
        [
          7396,
          8872,
          31732
        ],
        [
          23,
          135,
          29842
        ]
      ]
    }
  },
  "best_sid": "Fusion_lam0.5"
}