{
  "split": 5,
  "fold": 4,
  "tau_id": -1.283387291431427,
  "tau_dom": 2668.7432006835866,
  "gate_precision": 0.2236842105263158,
  "gate_recall": 0.1445,
  "gate_keep_ratio": 0.2584,
  "adapt_stream_size": 10000,
  "gated_size": 2584,
  "oracle_size": 4000,
  "NoAdapt": {
    "stable_acc": 0.9966666666666667,
    "drift_acc_rx": 0.539,
    "drift_acc_day": 0.759,
    "drift_acc_all": 0.649,
    "FRR_stable": 0.09416666666666662,
    "FAR_unknown_accept": 0.4981111111111111,
    "miss_drift_rx": 0.088,
    "miss_drift_day": 0.329,
    "miss_drift_all": 0.2085,
    "auc_unknown_eval": 0.5587850925925926
  },
  "UngatedAdapt": {
    "stable_acc": 0.9966666666666667,
    "drift_acc_rx": 0.542,
    "drift_acc_day": 0.764,
    "drift_acc_all": 0.653,
    "FRR_stable": 0.08666666666666667,
    "FAR_unknown_accept": 0.4991111111111111,
    "miss_drift_rx": 0.09833333333333333,
    "miss_drift_day": 0.3453333333333333,
    "miss_drift_all": 0.22183333333333333,
    "auc_unknown_eval": 0.6187490277777778
  },
  "GatedAdapt": {
    "stable_acc": 0.99625,
    "drift_acc_rx": 0.5406666666666666,
    "drift_acc_day": 0.7623333333333333,
    "drift_acc_all": 0.6515,
    "FRR_stable": 0.09166666666666667,
    "FAR_unknown_accept": 0.498,
    "miss_drift_rx": 0.09266666666666666,
    "miss_drift_day": 0.33566666666666667,
    "miss_drift_all": 0.21416666666666667,
    "auc_unknown_eval": 0.5593413888888888
  },
  "OracleGateAdapt": {
    "stable_acc": 0.99625,
    "drift_acc_rx": 0.5406666666666666,
    "drift_acc_day": 0.7586666666666667,
    "drift_acc_all": 0.6496666666666666,
    "FRR_stable": 0.09458333333333335,
    "FAR_unknown_accept": 0.49922222222222223,
    "miss_drift_rx": 0.09466666666666666,
    "miss_drift_day": 0.3373333333333333,
    "miss_drift_all": 0.216,
    "auc_unknown_eval": 0.5283714351851851
  }
}