{
  "train_loss": [
    0.4596022911645748,
    0.057536349183431375,
    0.027658225526964224,
    0.02046395491601692,
    0.013494537449959251,
    0.01270600592683035,
    0.010182908186861486,
    0.008995923837991776,
    0.007440290299537419,
    0.006455349583282239,
    0.005986179012581016,
    0.006443533124574632,
    0.004628947527898062,
    0.005771658805423175,
    0.0037871316668180817,
    0.0054290484074347965,
    0.0035149739856866224,
    0.004200986917216883,
    0.003953702019363711,
    0.0048506245428817,
    0.002813067947755809,
    0.002598330530195704,
    0.002590843939321564,
    0.003009789555411165,
    0.002062233734263659,
    0.002675042172928375,
    0.00493204016626502,
    0.0028685991040051533,
    0.0015939597992756817
  ],
  "train_acc": [
    0.8063657407407407,
    0.9837962962962963,
    0.9924768518518519,
    0.9943287037037037,
    0.996875,
    0.9967592592592592,
    0.9969907407407408,
    0.9979166666666667,
    0.9983796296296297,
    0.9984953703703704,
    0.9983796296296297,
    0.9984953703703704,
    0.9986111111111111,
    0.9983796296296297,
    0.9988425925925926,
    0.9982638888888888,
    0.9987268518518518,
    0.9987268518518518,
    0.9986111111111111,
    0.9984953703703704,
    0.9991898148148148,
    0.9993055555555556,
    0.9991898148148148,
    0.9990740740740741,
    0.9991898148148148,
    0.9993055555555556,
    0.9984953703703704,
    0.9990740740740741,
    0.999537037037037
  ],
  "val_loss": [
    1.2741592089335123,
    0.24684558312098184,
    0.12238289639353753,
    0.07061961215610306,
    0.06906352862715721,
    0.0324156149988994,
    0.033881418655316034,
    0.03448947965322683,
    0.03330493151443079,
    0.022955868362138667,
    0.0246190940689606,
    0.018177610992764433,
    0.017518950055819004,
    0.0185441019537393,
    0.03146094158049285,
    0.014463778652134352,
    0.027523711998946966,
    0.013960832826948414,
    0.029476544885801557,
    0.02200667329210167,
    0.01970569216015671,
    0.01943981473959866,
    0.01975033591782752,
    0.019687414617510512,
    0.025550728191107434,
    0.026078568829264744,
    0.026947385359502127,
    0.022389031210786926,
    0.025073005521365606
  ],
  "val_acc": [
    0.6145833333333334,
    0.909375,
    0.971875,
    0.9895833333333334,
    0.9895833333333334,
    0.99375,
    0.9947916666666666,
    0.9916666666666667,
    0.9947916666666666,
    0.9947916666666666,
    0.9947916666666666,
    0.9947916666666666,
    0.9958333333333333,
    0.9947916666666666,
    0.9958333333333333,
    0.9947916666666666,
    0.996875,
    0.9947916666666666,
    0.9958333333333333,
    0.9947916666666666,
    0.9979166666666667,
    0.9958333333333333,
    0.9958333333333333,
    0.9947916666666666,
    0.9958333333333333,
    0.9958333333333333,
    0.9947916666666666,
    0.9958333333333333,
    0.9979166666666667
  ]
}