{
  "split": 9,
  "fold": 4,
  "acc": 0.9966666666666667,
  "auc_drift_rx": 0.9315734606481482,
  "auc_drift_day": 0.8436188888888888,
  "tau_dom": 2017.0969177246086,
  "sid_results": {
    "EmbMaha": {
      "tau_id": -1341.335498046875,
      "auc_unknown": 0.9840633333333333,
      "FRR_stable": 0.09458333333333335,
      "false_drift_stable": 0.044583333333333336,
      "FAR_unknown_accept": 0.03333333333333333,
      "miss_drift": 0.30222916666666666,
      "confusion_matrix": [
        [
          2173,
          107,
          120
        ],
        [
          14507,
          9639,
          23854
        ],
        [
          1000,
          4799,
          24201
        ]
      ]
    },
    "Energy": {
      "tau_id": 5.581909799575806,
      "auc_unknown": 0.9162152083333335,
      "FRR_stable": 0.09750000000000003,
      "false_drift_stable": 0.0475,
      "FAR_unknown_accept": 0.0644,
      "miss_drift": 0.3237083333333333,
      "confusion_matrix": [
        [
          2166,
          114,
          120
        ],
        [
          15538,
          15614,
          16848
        ],
        [
          1932,
          12274,
          15794
        ]
      ]
    },
    "Fusion_lam0.25": {
      "tau_id": -1.182716643810272,
      "auc_unknown": 0.9849259722222222,
      "FRR_stable": 0.09416666666666662,
      "false_drift_stable": 0.04416666666666667,
      "FAR_unknown_accept": 0.024166666666666666,
      "miss_drift": 0.2848541666666667,
      "confusion_matrix": [
        [
          2174,
          106,
          120
        ],
        [
          13673,
          9364,
          24963
        ],
        [
          725,
          4612,
          24663
        ]
      ]
    },
    "Fusion_lam0.5": {
      "tau_id": -1.454161024093628,
      "auc_unknown": 0.9846225694444445,
      "FRR_stable": 0.09458333333333335,
      "false_drift_stable": 0.044583333333333336,
      "FAR_unknown_accept": 0.0273,
      "miss_drift": 0.2829375,
      "confusion_matrix": [
        [
          2173,
          107,
          120
        ],
        [
          13581,
          9568,
          24851
        ],
        [
          819,
          4651,
          24530
        ]
      ]
    },
    "Fusion_lam1.0": {
      "tau_id": -2.277545762062073,
      "auc_unknown": 0.9835005555555556,
      "FRR_stable": 0.09458333333333335,
      "false_drift_stable": 0.044583333333333336,
      "FAR_unknown_accept": 0.031933333333333334,
      "miss_drift": 0.28854166666666664,
      "confusion_matrix": [
        [
          2173,
          107,
          120
        ],
        [
          13850,
          10288,
          23862
        ],
        [
          958,
          4878,
          24164
        ]
      ]
    },
    "Fusion_lam1.5": {
      "tau_id": -3.1505859375,
      "auc_unknown": 0.9824468055555555,
      "FRR_stable": 0.09499999999999997,
      "false_drift_stable": 0.045,
      "FAR_unknown_accept": 0.033,
      "miss_drift": 0.291625,
      "confusion_matrix": [
        [
          2172,
          108,
          120
        ],
        [
          13998,
          10816,
          23186
        ],
        [
          990,
          5107,
          23903
        ]
      ]
    },
    "Fusion_lam2.0": {
      "tau_id": -4.01135663986206,
      "auc_unknown": 0.9814115972222222,
      "FRR_stable": 0.0954166666666667,
      "false_drift_stable": 0.04541666666666667,
      "FAR_unknown_accept": 0.0337,
      "miss_drift": 0.2923541666666667,
      "confusion_matrix": [
        [
          2171,
          109,
          120
        ],
        [
          14033,
          11144,
          22823
        ],
        [
          1011,
          5365,
          23624
        ]
      ]
    }
  },
  "best_sid": "Fusion_lam0.25"
}