{
  "train_loss": [
    0.28700907924384983,
    0.04827983076051797,
    0.029492139365570044,
    0.022119659712584113,
    0.018193710758638234,
    0.015205721454809844,
    0.012947632952443796,
    0.011772960550611678,
    0.010978687975992576,
    0.009174613179466514,
    0.008526156797723408,
    0.009124489812565577,
    0.008085674529012729,
    0.006168061771601105,
    0.00848412538963416,
    0.006966496153230158,
    0.006870341236864067,
    0.006848433385042612,
    0.0066319514062387844,
    0.007124263747166957
  ],
  "train_acc": [
    0.8959876543209877,
    0.9853395061728395,
    0.9910108024691358,
    0.9930941358024692,
    0.9939429012345679,
    0.9949074074074075,
    0.9956404320987654,
    0.9963348765432098,
    0.9962191358024691,
    0.9969521604938272,
    0.9967978395061728,
    0.9969135802469136,
    0.9972222222222222,
    0.9976466049382716,
    0.9971836419753086,
    0.9974537037037037,
    0.9978395061728395,
    0.9972993827160493,
    0.9978395061728395,
    0.9977237654320987
  ],
  "val_loss": [
    0.08572450917628076,
    0.04680582166442441,
    0.02679233936877507,
    0.020663926344908153,
    0.01725953063885552,
    0.02104920626475683,
    0.015458148239930677,
    0.012248481572290379,
    0.014301567965432898,
    0.012092496363159929,
    0.012461182673885358,
    0.008477452577163704,
    0.011186376518571706,
    0.007916370525506661,
    0.011260833346697533,
    0.012930424306038428,
    0.008004468628415553,
    0.010371786177246475,
    0.010331985437046064,
    0.009275755117328623
  ],
  "val_acc": [
    0.9770833333333333,
    0.9885416666666667,
    0.9930555555555556,
    0.9923611111111111,
    0.99375,
    0.99375,
    0.9944444444444445,
    0.9954861111111111,
    0.9947916666666666,
    0.9958333333333333,
    0.9951388888888889,
    0.996875,
    0.9961805555555555,
    0.9961805555555555,
    0.9958333333333333,
    0.9951388888888889,
    0.9961805555555555,
    0.9958333333333333,
    0.9951388888888889,
    0.9961805555555555
  ]
}