{
  "split": 1,
  "fold": 1,
  "acc": 0.9965277777777778,
  "auc_unknown": 0.8030847067901234,
  "auc_drRX_V0": 0.6838280034722223,
  "auc_drRX_V1": 0.8462566666666665,
  "auc_drRX_V1k": 0.8304543692129629,
  "auc_drRX_V2": 0.494022650462963,
  "auc_drRX_V3": 0.6223651851851852,
  "auc_drDAY_V0": 0.5362007696759259,
  "auc_drDAY_V1": 0.7422840779320987,
  "auc_drDAY_V1k": 0.7286102970679011,
  "auc_drDAY_V2": 0.533517175925926,
  "auc_drDAY_V3": 0.5032541300154321
}