{
  "acc": {
    "mean": 0.996725,
    "std": 0.002054821565651544
  },
  "auc_drift_rx": {
    "mean": 0.9355110121527779,
    "std": 0.011615713662229613
  },
  "auc_drift_day": {
    "mean": 0.8455479520833333,
    "std": 0.018207491402193864
  },
  "tau_dom": {
    "mean": 2343.696561157223,
    "std": 282.74581879144677
  },
  "sid": {
    "EmbMaha": {
      "auc_unknown": {
        "mean": 0.9170031791666665,
        "std": 0.14063910082271397
      },
      "FRR_stable": {
        "mean": 0.09308333333333335,
        "std": 0.0021015867021530817
      },
      "false_drift_stable": {
        "mean": 0.04308333333333334,
        "std": 0.0021015867021530817
      },
      "FAR_unknown_accept": {
        "mean": 0.07951133333333332,
        "std": 0.1362908273770143
      },
      "miss_drift": {
        "mean": 0.23859333333333335,
        "std": 0.05266277415731575
      },
      "tau_id": {
        "mean": -1029.389987182617,
        "std": 128.3487247684841
      },
      "confusion_matrix_sum": [
        [
          108830,
          5170,
          6000
        ],
        [
          572624,
          360717,
          1466659
        ],
        [
          119267,
          194084,
          1186649
        ]
      ]
    },
    "Energy": {
      "auc_unknown": {
        "mean": 0.8067848875000001,
        "std": 0.11370464986818138
      },
      "FRR_stable": {
        "mean": 0.096225,
        "std": 0.0023664465860112824
      },
      "false_drift_stable": {
        "mean": 0.046224999999999995,
        "std": 0.00236644658601128
      },
      "FAR_unknown_accept": {
        "mean": 0.10584066666666667,
        "std": 0.1392041409489435
      },
      "miss_drift": {
        "mean": 0.2709708333333333,
        "std": 0.05000504089172744
      },
      "tau_id": {
        "mean": 6.294913505077363,
        "std": 1.0159478237182222
      },
      "confusion_matrix_sum": [
        [
          108453,
          5547,
          6000
        ],
        [
          650330,
          707113,
          1042557
        ],
        [
          158761,
          655207,
          686032
        ]
      ]
    },
    "Fusion_lam0.25": {
      "auc_unknown": {
        "mean": 0.9280958381944443,
        "std": 0.10933178486778923
      },
      "FRR_stable": {
        "mean": 0.09339166666666668,
        "std": 0.0022329757176367962
      },
      "false_drift_stable": {
        "mean": 0.04339166666666666,
        "std": 0.0022329757176367945
      },
      "FAR_unknown_accept": {
        "mean": 0.077274,
        "std": 0.13774000053079072
      },
      "miss_drift": {
        "mean": 0.23121750000000002,
        "std": 0.05193882906442283
      },
      "tau_id": {
        "mean": -1.0047189813256263,
        "std": 0.18736467506762275
      },
      "confusion_matrix_sum": [
        [
          108793,
          5207,
          6000
        ],
        [
          554922,
          366915,
          1478163
        ],
        [
          115911,
          192804,
          1191285
        ]
      ]
    },
    "Fusion_lam0.5": {
      "auc_unknown": {
        "mean": 0.929863725,
        "std": 0.10271152910766163
      },
      "FRR_stable": {
        "mean": 0.09373333333333334,
        "std": 0.002228227995515717
      },
      "false_drift_stable": {
        "mean": 0.04373333333333333,
        "std": 0.002228227995515719
      },
      "FAR_unknown_accept": {
        "mean": 0.077782,
        "std": 0.13981798536510084
      },
      "miss_drift": {
        "mean": 0.23096375,
        "std": 0.051011023252128224
      },
      "tau_id": {
        "mean": -1.3022315744161606,
        "std": 0.1698753477218865
      },
      "confusion_matrix_sum": [
        [
          108752,
          5248,
          6000
        ],
        [
          554313,
          384039,
          1461648
        ],
        [
          116673,
          200807,
          1182520
        ]
      ]
    },
    "Fusion_lam1.0": {
      "auc_unknown": {
        "mean": 0.926979620138889,
        "std": 0.10137431488654847
      },
      "FRR_stable": {
        "mean": 0.0941,
        "std": 0.0022705236791933647
      },
      "false_drift_stable": {
        "mean": 0.04409999999999999,
        "std": 0.002270523679193365
      },
      "FAR_unknown_accept": {
        "mean": 0.08014466666666667,
        "std": 0.1427782681269574
      },
      "miss_drift": {
        "mean": 0.23528333333333332,
        "std": 0.05081837723971298
      },
      "tau_id": {
        "mean": -2.0202588081359862,
        "std": 0.22604233992728318
      },
      "confusion_matrix_sum": [
        [
          108708,
          5292,
          6000
        ],
        [
          564680,
          416413,
          1418907
        ],
        [
          120217,
          220575,
          1159208
        ]
      ]
    },
    "Fusion_lam1.5": {
      "auc_unknown": {
        "mean": 0.9224148736111111,
        "std": 0.10186719185188792
      },
      "FRR_stable": {
        "mean": 0.09434999999999999,
        "std": 0.0023821675470508427
      },
      "false_drift_stable": {
        "mean": 0.04434999999999999,
        "std": 0.002382167547050841
      },
      "FAR_unknown_accept": {
        "mean": 0.081598,
        "std": 0.14348885026912564
      },
      "miss_drift": {
        "mean": 0.23972583333333333,
        "std": 0.050673917956983665
      },
      "tau_id": {
        "mean": -2.793608838558197,
        "std": 0.31942962657777946
      },
      "confusion_matrix_sum": [
        [
          108678,
          5322,
          6000
        ],
        [
          575342,
          440299,
          1384359
        ],
        [
          122397,
          239057,
          1138546
        ]
      ]
    },
    "Fusion_lam2.0": {
      "auc_unknown": {
        "mean": 0.9178133847222224,
        "std": 0.10246213741171964
      },
      "FRR_stable": {
        "mean": 0.09454166666666666,
        "std": 0.002435629624279248
      },
      "false_drift_stable": {
        "mean": 0.044541666666666674,
        "std": 0.0024356296242792467
      },
      "FAR_unknown_accept": {
        "mean": 0.08278,
        "std": 0.14353842675588846
      },
      "miss_drift": {
        "mean": 0.24322666666666667,
        "std": 0.050062400062322224
      },
      "tau_id": {
        "mean": -3.5766323235034942,
        "std": 0.4153477473690018
      },
      "confusion_matrix_sum": [
        [
          108655,
          5345,
          6000
        ],
        [
          583744,
          458512,
          1357744
        ],
        [
          124170,
          255922,
          1119908
        ]
      ]
    }
  },
  "best_sid_counts": {
    "EmbMaha": 19,
    "Energy": 3,
    "Fusion_lam1.0": 5,
    "Fusion_lam0.5": 6,
    "Fusion_lam0.25": 11,
    "Fusion_lam2.0": 6
  }
}