{
  "train_loss": [
    0.40401970420354677,
    0.12358893285746927,
    0.07211574718908027,
    0.04963675810277094,
    0.04070885339406905,
    0.03295821016539394,
    0.026153844068930655,
    0.02519869275942997,
    0.021733571272515864,
    0.01817787389104243,
    0.017447004523588182,
    0.015830490675346674,
    0.014942426868444193,
    0.014586876343539053,
    0.012505836826806635,
    0.012418770229797465,
    0.011438334224469684,
    0.010705198927058113,
    0.010382165873630179,
    0.009901362394031573,
    0.010224922562167508,
    0.008160399192050215,
    0.010143581240001007,
    0.00840357272816753,
    0.00861083569140231,
    0.007002064268346186,
    0.0069088157951935295,
    0.007214899151298551,
    0.0076728662766263256,
    0.008514184686700227,
    0.005306729378989311,
    0.007674359010796948,
    0.0073631462843709245,
    0.006355090083677989,
    0.0066383019799688536,
    0.005377285600565144,
    0.005671546326656999,
    0.006425414587095104
  ],
  "train_acc": [
    0.8213734567901234,
    0.9545138888888889,
    0.9751157407407407,
    0.9836033950617284,
    0.9860339506172839,
    0.9884259259259259,
    0.9905092592592593,
    0.9912422839506173,
    0.9926697530864198,
    0.993287037037037,
    0.9937885802469136,
    0.9945601851851852,
    0.9944830246913581,
    0.9947916666666666,
    0.9952546296296296,
    0.9956018518518519,
    0.9955632716049383,
    0.9961033950617284,
    0.9957561728395061,
    0.9962577160493827,
    0.9964891975308642,
    0.9970679012345679,
    0.9961805555555555,
    0.9970293209876543,
    0.9972608024691358,
    0.9978395061728395,
    0.997608024691358,
    0.9975694444444444,
    0.9974151234567902,
    0.9969907407407408,
    0.9981481481481481,
    0.9975308641975309,
    0.997337962962963,
    0.9976851851851852,
    0.9977623456790123,
    0.9983024691358025,
    0.9981095679012346,
    0.9983410493827161
  ],
  "val_loss": [
    0.5783896121713851,
    0.2796704974439409,
    0.13170859499110116,
    0.050490716389483874,
    0.040966230962011546,
    0.039488895030485256,
    0.024943658696591025,
    0.022390015414243358,
    0.013072955406257986,
    0.012031751615642053,
    0.013368611190364593,
    0.013337759232834085,
    0.014570553640886727,
    0.011837091329248829,
    0.008577835147904504,
    0.012839263430537862,
    0.011026892489462625,
    0.009441630540924154,
    0.00910385464756271,
    0.011444173297624932,
    0.008029469637181642,
    0.008220272117776201,
    0.016086308954335334,
    0.008050648279176028,
    0.008577264427731279,
    0.00629460011651746,
    0.005962575135870591,
    0.006747344943060954,
    0.009434974717280258,
    0.005768416631164857,
    0.00642983798429163,
    0.009242102646223632,
    0.007516025275011392,
    0.007283641719469516,
    0.005430863559094077,
    0.006498651364785878,
    0.006503100127641422,
    0.009058226436415377
  ],
  "val_acc": [
    0.8111111111111111,
    0.9163194444444445,
    0.9583333333333334,
    0.98125,
    0.9857638888888889,
    0.9868055555555556,
    0.9913194444444444,
    0.9923611111111111,
    0.9961805555555555,
    0.9951388888888889,
    0.9958333333333333,
    0.9947916666666666,
    0.9965277777777778,
    0.9961805555555555,
    0.9965277777777778,
    0.9961805555555555,
    0.9947916666666666,
    0.9975694444444444,
    0.996875,
    0.9965277777777778,
    0.9972222222222222,
    0.996875,
    0.9954861111111111,
    0.9975694444444444,
    0.9972222222222222,
    0.9979166666666667,
    0.9979166666666667,
    0.9979166666666667,
    0.9975694444444444,
    0.9986111111111111,
    0.9986111111111111,
    0.9958333333333333,
    0.9972222222222222,
    0.9986111111111111,
    0.9986111111111111,
    0.9979166666666667,
    0.9979166666666667,
    0.9972222222222222
  ]
}