{
  "split": 3,
  "fold": 1,
  "acc": 0.99875,
  "auc_unknown": 0.9542355864197529,
  "auc_drRX_V0": 0.7083350636574073,
  "auc_drRX_V1": 0.8557245138888888,
  "auc_drRX_V1k": 0.7923066261574074,
  "auc_drRX_V2": 0.46560023726851857,
  "auc_drRX_V3": 0.6178813715277778,
  "auc_drDAY_V0": 0.5250411226851852,
  "auc_drDAY_V1": 0.7349581404320988,
  "auc_drDAY_V1k": 0.7181205709876544,
  "auc_drDAY_V2": 0.4940543672839506,
  "auc_drDAY_V3": 0.47544927276234566
}