{
  "split": 5,
  "fold": 3,
  "tau_id": -1.5054932415485383,
  "tau_dom": 2445.516015624999,
  "thr_precision": 0.19310344827586207,
  "thr_recall": 0.119,
  "thr_keep_ratio": 0.2465,
  "topq_precision": 0.20075147611379496,
  "topq_recall": 0.0935,
  "topq_keep_ratio": 0.1863,
  "adapt_stream_size": 10000,
  "thr_size": 2465,
  "topq_size": 1863,
  "oracle_size": 4000,
  "NoAdapt": {
    "stable_acc": 0.99875,
    "drift_acc_rx": 0.498,
    "drift_acc_day": 0.7486666666666667,
    "drift_acc_all": 0.6233333333333333,
    "FRR_stable": 0.09666666666666668,
    "FAR_unknown_accept": 0.46755555555555556,
    "miss_drift_rx": 0.11966666666666667,
    "miss_drift_day": 0.32766666666666666,
    "miss_drift_all": 0.22366666666666668,
    "auc_unknown_eval": 0.6856349305555556
  },
  "UngatedAdapt": {
    "stable_acc": 0.9983333333333333,
    "drift_acc_rx": 0.49633333333333335,
    "drift_acc_day": 0.748,
    "drift_acc_all": 0.6221666666666666,
    "FRR_stable": 0.09750000000000003,
    "FAR_unknown_accept": 0.4666666666666667,
    "miss_drift_rx": 0.12366666666666666,
    "miss_drift_day": 0.339,
    "miss_drift_all": 0.23133333333333334,
    "auc_unknown_eval": 0.6868321296296296
  },
  "GatedAdapt": {
    "stable_acc": 0.9991666666666666,
    "drift_acc_rx": 0.5003333333333333,
    "drift_acc_day": 0.751,
    "drift_acc_all": 0.6256666666666667,
    "FRR_stable": 0.0954166666666667,
    "FAR_unknown_accept": 0.4682222222222222,
    "miss_drift_rx": 0.12,
    "miss_drift_day": 0.3293333333333333,
    "miss_drift_all": 0.22466666666666665,
    "auc_unknown_eval": 0.6875802314814815
  },
  "GatedTopQAdapt": {
    "stable_acc": 0.9991666666666666,
    "drift_acc_rx": 0.5003333333333333,
    "drift_acc_day": 0.7523333333333333,
    "drift_acc_all": 0.6263333333333333,
    "FRR_stable": 0.09416666666666662,
    "FAR_unknown_accept": 0.4682222222222222,
    "miss_drift_rx": 0.12,
    "miss_drift_day": 0.32966666666666666,
    "miss_drift_all": 0.22483333333333333,
    "auc_unknown_eval": 0.6870752314814815
  },
  "OracleGateAdapt": {
    "stable_acc": 0.9991666666666666,
    "drift_acc_rx": 0.49666666666666665,
    "drift_acc_day": 0.7526666666666667,
    "drift_acc_all": 0.6246666666666667,
    "FRR_stable": 0.10958333333333337,
    "FAR_unknown_accept": 0.4663333333333333,
    "miss_drift_rx": 0.121,
    "miss_drift_day": 0.33766666666666667,
    "miss_drift_all": 0.22933333333333333,
    "auc_unknown_eval": 0.7424537499999999
  }
}