{
  "train_loss": [
    0.26581886934323445,
    0.016645532639490233,
    0.011822254438367154,
    0.006222181085980049,
    0.007419855101896381,
    0.006380480303670521,
    0.005173735724141201,
    0.004062073878163507,
    0.0035010078665369225,
    0.003393003667696138,
    0.0031467577722785927,
    0.0038962645620038666,
    0.0040641487938248445,
    0.001920633311642127,
    0.003447969073507314,
    0.001783913321021289,
    0.0031146350541988526,
    0.002639261319051945,
    0.0021751081095620368,
    0.0014137137798739044,
    0.002018965863088077,
    0.0012420865279704298,
    0.003981234463949308,
    0.001778336593674289,
    0.0014680324178361506,
    0.0020029707749253485
  ],
  "train_acc": [
    0.9178240740740741,
    0.9975694444444444,
    0.9974537037037037,
    0.9986111111111111,
    0.9981481481481481,
    0.9979166666666667,
    0.9982638888888888,
    0.9986111111111111,
    0.9989583333333333,
    0.9991898148148148,
    0.9989583333333333,
    0.9987268518518518,
    0.9988425925925926,
    0.9993055555555556,
    0.9991898148148148,
    0.999537037037037,
    0.9990740740740741,
    0.9993055555555556,
    0.9993055555555556,
    0.9996527777777777,
    0.9996527777777777,
    0.999537037037037,
    0.9990740740740741,
    0.9993055555555556,
    0.9996527777777777,
    0.9991898148148148
  ],
  "val_loss": [
    1.3084572633107503,
    0.488347464799881,
    0.1911406323313713,
    0.10999476710955301,
    0.1079815407594045,
    0.06077724496523539,
    0.10773680905501047,
    0.05070754444847504,
    0.06275995833178362,
    0.03809645182142655,
    0.04692577136059602,
    0.02112544927028163,
    0.025946461347242197,
    0.02155693321741031,
    0.018670843528040375,
    0.02649117944141229,
    0.022401088499949158,
    0.016759661348866455,
    0.010793939382225896,
    0.027915080698827904,
    0.01515255646663718,
    0.012153399832701932,
    0.013692339110639296,
    0.010886214770531902,
    0.010837516588314127,
    0.010964972662562408
  ],
  "val_acc": [
    0.6427083333333333,
    0.8010416666666667,
    0.940625,
    0.9697916666666667,
    0.9645833333333333,
    0.9854166666666667,
    0.9572916666666667,
    0.9864583333333333,
    0.9791666666666666,
    0.99375,
    0.9864583333333333,
    0.996875,
    0.996875,
    0.996875,
    0.996875,
    0.9947916666666666,
    0.9958333333333333,
    0.9979166666666667,
    0.9979166666666667,
    0.9958333333333333,
    0.9958333333333333,
    0.9979166666666667,
    0.996875,
    0.9979166666666667,
    0.9979166666666667,
    0.9979166666666667
  ]
}