{
  "split": 4,
  "fold": 3,
  "acc": 0.9979166666666667,
  "auc_unknown": 0.9977127777777778,
  "auc_drift_rx": 0.9135500578703702,
  "auc_drift_day": 0.8136708854166667,
  "tau_id": -1.0913313627243042,
  "tau_dom": 2426.30419921875,
  "FRR_stable": 0.09583333333333333,
  "false_drift_stable": 0.04583333333333333,
  "FAR_unknown_accept": 3.3333333333333335e-05,
  "miss_drift": 0.24072916666666666,
  "confusion_matrix": [
    [
      2170,
      110,
      120
    ],
    [
      11555,
      6037,
      30408
    ],
    [
      1,
      42,
      29957
    ]
  ]
}