{
  "tau_id": -1.0913313627243042,
  "tau_dom": 2426.30419921875
}