{
  "train_loss": [
    0.5880191568975095,
    0.13785974311607854,
    0.05802348434097237,
    0.03290599996431006,
    0.030294438444629864,
    0.022337527155738186,
    0.01789446631791415,
    0.015775076149859363,
    0.01409956970838485,
    0.011677651101274899,
    0.010223561207142969,
    0.010098431150739391,
    0.008407478276381476,
    0.009255571951830967,
    0.008238675790683677,
    0.008065468744219591,
    0.006993989438611876,
    0.007546108734311053,
    0.005722512477250011,
    0.0057200936272878335,
    0.005177812399213306,
    0.0061141692071773664
  ],
  "train_acc": [
    0.7451388888888889,
    0.9466435185185185,
    0.9806712962962963,
    0.9908564814814815,
    0.9902777777777778,
    0.9924768518518519,
    0.99375,
    0.9944444444444445,
    0.9951388888888889,
    0.9965277777777778,
    0.9961805555555555,
    0.996875,
    0.9974537037037037,
    0.9961805555555555,
    0.9969907407407408,
    0.9975694444444444,
    0.9975694444444444,
    0.9974537037037037,
    0.9980324074074074,
    0.9980324074074074,
    0.9982638888888888,
    0.9980324074074074
  ],
  "val_loss": [
    0.27759257356325784,
    0.1805729587872823,
    0.0730848112454017,
    0.07496876623481512,
    0.036249478533864024,
    0.02850127493341764,
    0.05467195951690276,
    0.038704134772221246,
    0.036382683614889784,
    0.024513594154268504,
    0.02952135456725955,
    0.030624585474530855,
    0.03150213612243533,
    0.013788726921969403,
    0.0540033904913192,
    0.01951572292794784,
    0.02541662799194455,
    0.0128970419386557,
    0.013282016901454578,
    0.013564859685720876,
    0.032981524469020466,
    0.017351814336143433
  ],
  "val_acc": [
    0.8583333333333333,
    0.925,
    0.9802083333333333,
    0.98125,
    0.9864583333333333,
    0.9895833333333334,
    0.984375,
    0.9864583333333333,
    0.9875,
    0.9927083333333333,
    0.9875,
    0.9864583333333333,
    0.9875,
    0.9958333333333333,
    0.9833333333333333,
    0.99375,
    0.9927083333333333,
    0.99375,
    0.99375,
    0.9958333333333333,
    0.990625,
    0.9958333333333333
  ]
}