{
  "split": 13,
  "fold": 4,
  "acc": 0.9933333333333333,
  "auc_unknown": 0.9962028472222222,
  "auc_drift_rx": 0.9321950289351851,
  "auc_drift_day": 0.8470009027777778,
  "tau_id": -1.004408597946167,
  "tau_dom": 2463.574462890625,
  "FRR_stable": 0.08916666666666662,
  "false_drift_stable": 0.03916666666666667,
  "FAR_unknown_accept": 3.3333333333333335e-05,
  "miss_drift": 0.2823333333333333,
  "confusion_matrix": [
    [
      2186,
      94,
      120
    ],
    [
      13552,
      7370,
      27078
    ],
    [
      1,
      1014,
      28985
    ]
  ]
}