{
  "tau_id": -1.004408597946167,
  "tau_dom": 2463.574462890625
}