{
  "train_loss": [
    0.36739307028,
    0.046793539152929074,
    0.025664127400765815,
    0.02033440717323511,
    0.013249723937500407,
    0.010783627013572388,
    0.01048764403288563,
    0.008065393011741064,
    0.007755587750148994,
    0.005835461734656107,
    0.005781972781254876,
    0.004502346995933396,
    0.005880025293057163,
    0.004667890420036942,
    0.00320329752479059,
    0.005034213713844549,
    0.0035433817434952493,
    0.0022550241346902178,
    0.002879904695631315,
    0.001865765250167223,
    0.0022313067568811,
    0.00205506812533174,
    0.003703016159879216,
    0.005076613418404358,
    0.0019130297574318118,
    0.001302065079141391,
    0.00235981460298515
  ],
  "train_acc": [
    0.8646990740740741,
    0.9890046296296297,
    0.9934027777777777,
    0.9954861111111111,
    0.9962962962962963,
    0.9969907407407408,
    0.9967592592592592,
    0.9976851851851852,
    0.9981481481481481,
    0.997800925925926,
    0.9981481481481481,
    0.9984953703703704,
    0.9984953703703704,
    0.9986111111111111,
    0.9990740740740741,
    0.9986111111111111,
    0.9988425925925926,
    0.9994212962962963,
    0.9993055555555556,
    0.9993055555555556,
    0.9993055555555556,
    0.9989583333333333,
    0.9988425925925926,
    0.9986111111111111,
    0.9994212962962963,
    0.9996527777777777,
    0.9991898148148148
  ],
  "val_loss": [
    1.1728286822636922,
    0.2631179889043172,
    0.2505981147289276,
    0.10539885511000952,
    0.10853082835674285,
    0.06960127353668213,
    0.046106168255209926,
    0.09772656559944153,
    0.03914445675909519,
    0.031407981738448144,
    0.04959978883465131,
    0.014787105905512968,
    0.01597238058845202,
    0.019814741301039853,
    0.03999797602494558,
    0.02303957169254621,
    0.007647298121203979,
    0.006954162723074356,
    0.002875521678167085,
    0.015217418223619461,
    0.0005365932864757876,
    0.0003334718484741946,
    0.0006772730286077907,
    0.0016371886575749764,
    0.0013272973708808422,
    7.754370893356585e-05,
    0.002216013150367265
  ],
  "val_acc": [
    0.6625,
    0.8833333333333333,
    0.8927083333333333,
    0.9520833333333333,
    0.9489583333333333,
    0.9666666666666667,
    0.9802083333333333,
    0.9583333333333334,
    0.98125,
    0.9885416666666667,
    0.978125,
    0.9927083333333333,
    0.9927083333333333,
    0.9916666666666667,
    0.9833333333333333,
    0.990625,
    0.9979166666666667,
    0.9989583333333333,
    1.0,
    0.9947916666666666,
    1.0,
    1.0,
    1.0,
    0.9989583333333333,
    1.0,
    1.0,
    0.9989583333333333
  ]
}