{
  "split": 1,
  "fold": 3,
  "acc": 0.9966666666666667,
  "auc_unknown": {
    "cosine_proto": 0.6983036805555556,
    "MSP": 0.7806257638888888,
    "Energy": 0.7791939930555554,
    "NegEntropy": 0.7808963888888889,
    "Margin": 0.7803930902777778,
    "EmbMaha": 0.8145443402777778
  },
  "auc_drRX": {
    "V1_minDist": 0.9626592708333334,
    "V1_softminDist": 0.9626591898148149,
    "V1_mixNLL": 0.9631685300925927,
    "V1_weightedMixNLL": 0.9062403414351851,
    "V0_deviceDist": 0.7816691608796297,
    "V2_rxPooledMinDist": 0.6974992997685185,
    "VZ_pca_minDist": 0.9089014409722223
  },
  "auc_drDAY": {
    "V1_minDist": 0.8774630555555556,
    "V1_softminDist": 0.8774630902777778,
    "V1_mixNLL": 0.8794274652777778,
    "V1_weightedMixNLL": 0.8206174826388889,
    "V0_deviceDist": 0.6515384722222223,
    "V2_rxPooledMinDist": 0.5579154513888889,
    "VZ_pca_minDist": 0.8327793750000001
  }
}