{
  "split": 5,
  "fold": 5,
  "tau_id": -1.020032823085785,
  "tau_dom": 2640.6572631835897,
  "thr_precision": 0.21521482065431613,
  "thr_recall": 0.1365,
  "thr_keep_ratio": 0.2537,
  "topq_precision": 0.22321428571428573,
  "topq_recall": 0.1,
  "topq_keep_ratio": 0.1792,
  "adapt_stream_size": 10000,
  "thr_size": 2537,
  "topq_size": 1792,
  "oracle_size": 4000,
  "NoAdapt": {
    "stable_acc": 0.9966666666666667,
    "drift_acc_rx": 0.574,
    "drift_acc_day": 0.679,
    "drift_acc_all": 0.6265,
    "FRR_stable": 0.0920833333333333,
    "FAR_unknown_accept": 0.43766666666666665,
    "miss_drift_rx": 0.08266666666666667,
    "miss_drift_day": 0.301,
    "miss_drift_all": 0.19183333333333333,
    "auc_unknown_eval": 0.7196528703703704
  },
  "UngatedAdapt": {
    "stable_acc": 0.9970833333333333,
    "drift_acc_rx": 0.575,
    "drift_acc_day": 0.688,
    "drift_acc_all": 0.6315,
    "FRR_stable": 0.08208333333333329,
    "FAR_unknown_accept": 0.43722222222222223,
    "miss_drift_rx": 0.08833333333333333,
    "miss_drift_day": 0.326,
    "miss_drift_all": 0.20716666666666667,
    "auc_unknown_eval": 0.7593808333333333
  },
  "GatedAdapt": {
    "stable_acc": 0.9970833333333333,
    "drift_acc_rx": 0.5936666666666667,
    "drift_acc_day": 0.7016666666666667,
    "drift_acc_all": 0.6476666666666666,
    "FRR_stable": 0.09125000000000005,
    "FAR_unknown_accept": 0.43655555555555553,
    "miss_drift_rx": 0.08333333333333333,
    "miss_drift_day": 0.30566666666666664,
    "miss_drift_all": 0.1945,
    "auc_unknown_eval": 0.7336775925925926
  },
  "GatedTopQAdapt": {
    "stable_acc": 0.9970833333333333,
    "drift_acc_rx": 0.595,
    "drift_acc_day": 0.6976666666666667,
    "drift_acc_all": 0.6463333333333333,
    "FRR_stable": 0.08666666666666667,
    "FAR_unknown_accept": 0.43855555555555553,
    "miss_drift_rx": 0.08466666666666667,
    "miss_drift_day": 0.31266666666666665,
    "miss_drift_all": 0.19866666666666666,
    "auc_unknown_eval": 0.7512893055555555
  },
  "OracleGateAdapt": {
    "stable_acc": 0.9970833333333333,
    "drift_acc_rx": 0.573,
    "drift_acc_day": 0.685,
    "drift_acc_all": 0.629,
    "FRR_stable": 0.09166666666666667,
    "FAR_unknown_accept": 0.438,
    "miss_drift_rx": 0.086,
    "miss_drift_day": 0.323,
    "miss_drift_all": 0.2045,
    "auc_unknown_eval": 0.710568587962963
  }
}