{
  "acc": {
    "mean": 0.9967000000000004,
    "std": 0.002043236358039577
  },
  "auc_unknown": {
    "mean": 0.9357623550925925,
    "std": 0.1027070718292738
  },
  "auc_drift_rx": {
    "mean": 0.9339995029320989,
    "std": 0.00986354815036586
  },
  "auc_drift_day": {
    "mean": 0.8417299125000002,
    "std": 0.02086159235953561
  },
  "FRR_stable": {
    "mean": 0.09331111111111111,
    "std": 0.0025729120745198153
  },
  "false_drift_stable": {
    "mean": 0.0433111111111111,
    "std": 0.0025729120745198184
  },
  "FAR_unknown_accept": {
    "mean": 0.05316977777777778,
    "std": 0.11149725818563244
  },
  "miss_drift": {
    "mean": 0.2347183333333333,
    "std": 0.04755752332701946
  },
  "tau_id": {
    "mean": -1.2791846028963725,
    "std": 0.19267773094211804
  },
  "tau_dom": {
    "mean": 2335.432169596354,
    "std": 285.18344372697084
  },
  "confusion_matrix_sum": [
    [
      163204,
      7796,
      9000
    ],
    [
      844986,
      571601,
      2183413
    ],
    [
      119632,
      285983,
      1844385
    ]
  ]
}