{
  "split": 2,
  "fold": 1,
  "acc": 0.99875,
  "auc_unknown": 0.9973951388888889,
  "auc_drift_rx": 0.9231217592592592,
  "auc_drift_day": 0.8337863541666667,
  "tau_id": -890.7307739257812,
  "tau_dom": 2403.543212890625,
  "FRR_stable": 0.0954166666666667,
  "false_drift_stable": 0.04541666666666667,
  "FAR_unknown_accept": 0.0,
  "miss_drift": 0.2475625,
  "confusion_matrix": [
    [
      2171,
      109,
      120
    ],
    [
      11883,
      5578,
      30539
    ],
    [
      0,
      42,
      29958
    ]
  ]
}