{
  "tau_id": -890.7307739257812,
  "tau_dom": 2403.543212890625
}