{
  "train_loss": [
    0.4001518068766152,
    0.0483324043314766,
    0.02426936434995797,
    0.01322342897247937,
    0.013208782222742835,
    0.010493707348144164,
    0.008655058953876573,
    0.007752771702319108,
    0.007531932719414019,
    0.006762042225562726,
    0.006606249187434851,
    0.004536838521232346,
    0.00429353437201051,
    0.0047580766034554,
    0.005452585059080135,
    0.003596560551819426,
    0.0033222439071525717,
    0.0038825279425105286
  ],
  "train_acc": [
    0.8454861111111112,
    0.9890046296296297,
    0.9938657407407407,
    0.9961805555555555,
    0.9960648148148148,
    0.9967592592592592,
    0.9976851851851852,
    0.9975694444444444,
    0.9976851851851852,
    0.997800925925926,
    0.997800925925926,
    0.9988425925925926,
    0.9989583333333333,
    0.9979166666666667,
    0.9982638888888888,
    0.9988425925925926,
    0.9988425925925926,
    0.9986111111111111
  ],
  "val_loss": [
    1.186825442314148,
    0.22851019501686096,
    0.18894378344217935,
    0.10225724230209986,
    0.11276404162247976,
    0.08137743274370829,
    0.0383148821691672,
    0.022327781065056722,
    0.052893198529879254,
    0.014332758852591117,
    0.05416192263364792,
    0.027289718793084224,
    0.01807311245550712,
    0.010610066129205127,
    0.022654365779211125,
    0.023733919921020665,
    0.004859435337129981,
    0.014611521052817504
  ],
  "val_acc": [
    0.659375,
    0.8947916666666667,
    0.915625,
    0.9614583333333333,
    0.95625,
    0.9708333333333333,
    0.990625,
    0.996875,
    0.9833333333333333,
    0.9979166666666667,
    0.9822916666666667,
    0.9927083333333333,
    0.9958333333333333,
    0.9979166666666667,
    0.996875,
    0.9947916666666666,
    0.996875,
    0.996875
  ]
}