{
  "split": 1,
  "fold": 5,
  "acc": 0.995,
  "auc_unknown": {
    "cosine_proto": 0.540531076388889,
    "MSP": 0.7120383680555555,
    "Energy": 0.7091920486111111,
    "NegEntropy": 0.7125509722222222,
    "Margin": 0.7103025694444444,
    "EmbMaha": 0.7370450347222222
  },
  "auc_drRX": {
    "V1_minDist": 0.9474385706018518,
    "V1_softminDist": 0.9474385243055555,
    "V1_mixNLL": 0.9483987615740741,
    "V1_weightedMixNLL": 0.9122418287037036,
    "V0_deviceDist": 0.7473206655092592,
    "V2_rxPooledMinDist": 0.7055596122685186,
    "VZ_pca_minDist": 0.904521087962963
  },
  "auc_drDAY": {
    "V1_minDist": 0.8694935069444445,
    "V1_softminDist": 0.8694935069444444,
    "V1_mixNLL": 0.8717895138888888,
    "V1_weightedMixNLL": 0.8169739930555557,
    "V0_deviceDist": 0.6445154861111111,
    "V2_rxPooledMinDist": 0.5612047395833333,
    "VZ_pca_minDist": 0.7878186805555556
  }
}