{
  "tau_id": {
    "mean": -1.2952418780326844,
    "std": 0.19714275325623948
  },
  "tau_dom": {
    "mean": 2373.8306115722635,
    "std": 282.99730425618156
  },
  "tau_conf": {
    "mean": 0.9964467594623566,
    "std": 0.0042811021831925975
  },
  "pseudo_acc_rx": {
    "mean": 0.6056133333333333,
    "std": 0.041094652801658874
  },
  "pseudo_acc_day": {
    "mean": 0.7182666666666667,
    "std": 0.06941719287515641
  },
  "pseudo_acc_all": {
    "mean": 0.66194,
    "std": 0.04636418349449401
  },
  "gate_precision": {
    "mean": 0.5636657933146778,
    "std": 0.29566229443107217
  },
  "gate_recall": {
    "mean": 0.14555,
    "std": 0.022344126745075542
  },
  "gate_keep_ratio": {
    "mean": 0.158284,
    "std": 0.12221586044372475
  },
  "conf_precision": {
    "mean": 0.5680532792423691,
    "std": 0.29402949449062293
  },
  "conf_recall": {
    "mean": 0.14437,
    "std": 0.021168504907054728
  },
  "conf_keep_ratio": {
    "mean": 0.155672,
    "std": 0.12210845513722626
  },
  "conf_keep_given_gate": {
    "mean": 0.9828987539921323,
    "std": 0.04330590377936439
  },
  "variants": {
    "NoAdapt": {
      "stable_acc": {
        "mean": 0.9973333333333333,
        "std": 0.0013591255358583513
      },
      "drift_acc_rx": {
        "mean": 0.6056133333333333,
        "std": 0.041094652801658874
      },
      "drift_acc_day": {
        "mean": 0.7182666666666667,
        "std": 0.06941719287515641
      },
      "drift_acc_all": {
        "mean": 0.66194,
        "std": 0.04636418349449401
      },
      "FRR_stable": {
        "mean": 0.09456666666666667,
        "std": 0.002164999358480796
      },
      "FAR_unknown_accept": {
        "mean": 0.15381777777777778,
        "std": 0.20765558588830996
      },
      "miss_drift_rx": {
        "mean": 0.16209333333333334,
        "std": 0.053354539117533795
      },
      "miss_drift_day": {
        "mean": 0.37988,
        "std": 0.06396894246429279
      },
      "miss_drift_all": {
        "mean": 0.27098666666666665,
        "std": 0.055896211757943744
      },
      "auc_unknown_eval": {
        "mean": 0.8743710722222224,
        "std": 0.14334820994492112
      }
    },
    "UngatedAdapt": {
      "stable_acc": {
        "mean": 0.9974166666666666,
        "std": 0.001118033988749895
      },
      "drift_acc_rx": {
        "mean": 0.6060133333333333,
        "std": 0.042128320376888725
      },
      "drift_acc_day": {
        "mean": 0.7176533333333333,
        "std": 0.0704814856698
      },
      "drift_acc_all": {
        "mean": 0.6618333333333334,
        "std": 0.04683097265699272
      },
      "FRR_stable": {
        "mean": 0.12616666666666665,
        "std": 0.05132656881836801
      },
      "FAR_unknown_accept": {
        "mean": 0.12030222222222223,
        "std": 0.18902456962254313
      },
      "miss_drift_rx": {
        "mean": 0.15061333333333332,
        "std": 0.054589187370556985
      },
      "miss_drift_day": {
        "mean": 0.3561466666666667,
        "std": 0.08536557099387967
      },
      "miss_drift_all": {
        "mean": 0.25338,
        "std": 0.06747973391240432
      },
      "auc_unknown_eval": {
        "mean": 0.9028522796296297,
        "std": 0.11590244962084709
      }
    },
    "GatedAdapt": {
      "stable_acc": {
        "mean": 0.9978,
        "std": 0.0012830086169278614
      },
      "drift_acc_rx": {
        "mean": 0.6232533333333333,
        "std": 0.03815235889022971
      },
      "drift_acc_day": {
        "mean": 0.7598666666666667,
        "std": 0.06935390720388034
      },
      "drift_acc_all": {
        "mean": 0.6915600000000001,
        "std": 0.04640248748121641
      },
      "FRR_stable": {
        "mean": 0.09098333333333333,
        "std": 0.004442346727175227
      },
      "FAR_unknown_accept": {
        "mean": 0.15117333333333333,
        "std": 0.20369655737498302
      },
      "miss_drift_rx": {
        "mean": 0.16509333333333334,
        "std": 0.052879781475426775
      },
      "miss_drift_day": {
        "mean": 0.38649333333333336,
        "std": 0.06610396659807942
      },
      "miss_drift_all": {
        "mean": 0.27579333333333333,
        "std": 0.05627089794516839
      },
      "auc_unknown_eval": {
        "mean": 0.8835438046296296,
        "std": 0.1349272616909904
      }
    },
    "GatedConfAdapt": {
      "stable_acc": {
        "mean": 0.9977833333333334,
        "std": 0.001305543735171088
      },
      "drift_acc_rx": {
        "mean": 0.6237066666666667,
        "std": 0.03749409672053573
      },
      "drift_acc_day": {
        "mean": 0.75932,
        "std": 0.06768275539439701
      },
      "drift_acc_all": {
        "mean": 0.6915133333333333,
        "std": 0.04520530745633993
      },
      "FRR_stable": {
        "mean": 0.09138333333333336,
        "std": 0.005090459485918516
      },
      "FAR_unknown_accept": {
        "mean": 0.1533822222222222,
        "std": 0.2060299488717569
      },
      "miss_drift_rx": {
        "mean": 0.1654533333333333,
        "std": 0.05275417877076448
      },
      "miss_drift_day": {
        "mean": 0.38704,
        "std": 0.06597826712890642
      },
      "miss_drift_all": {
        "mean": 0.27624666666666664,
        "std": 0.056082461508825454
      },
      "auc_unknown_eval": {
        "mean": 0.8842664416666666,
        "std": 0.13285409837921708
      }
    },
    "OracleGatePseudoAdapt": {
      "stable_acc": {
        "mean": 0.9974666666666665,
        "std": 0.0012013880860626887
      },
      "drift_acc_rx": {
        "mean": 0.6055999999999999,
        "std": 0.04109598520537013
      },
      "drift_acc_day": {
        "mean": 0.7177333333333334,
        "std": 0.07147829507386608
      },
      "drift_acc_all": {
        "mean": 0.6616666666666667,
        "std": 0.04679586876352798
      },
      "FRR_stable": {
        "mean": 0.13836666666666667,
        "std": 0.04073336743042762
      },
      "FAR_unknown_accept": {
        "mean": 0.13673777777777776,
        "std": 0.18512698312639755
      },
      "miss_drift_rx": {
        "mean": 0.1444,
        "std": 0.04802434567776824
      },
      "miss_drift_day": {
        "mean": 0.34447999999999995,
        "std": 0.06801947956284288
      },
      "miss_drift_all": {
        "mean": 0.24444,
        "std": 0.05567764123356281
      },
      "auc_unknown_eval": {
        "mean": 0.8859225666666667,
        "std": 0.1353676182157038
      }
    },
    "OracleLabelAdapt": {
      "stable_acc": {
        "mean": 0.9972333333333332,
        "std": 0.002114368831485077
      },
      "drift_acc_rx": {
        "mean": 0.9167333333333333,
        "std": 0.0451404721089869
      },
      "drift_acc_day": {
        "mean": 0.9844266666666667,
        "std": 0.021560152545327182
      },
      "drift_acc_all": {
        "mean": 0.95058,
        "std": 0.03143731399326462
      },
      "FRR_stable": {
        "mean": 0.41735,
        "std": 0.12470386477126075
      },
      "FAR_unknown_accept": {
        "mean": 0.013475555555555557,
        "std": 0.032999626185686734
      },
      "miss_drift_rx": {
        "mean": 0.08038666666666666,
        "std": 0.055560631945850134
      },
      "miss_drift_day": {
        "mean": 0.19701333333333335,
        "std": 0.1026352107655501
      },
      "miss_drift_all": {
        "mean": 0.1387,
        "std": 0.07738561451157014
      },
      "auc_unknown_eval": {
        "mean": 0.8956497546296296,
        "std": 0.10070239422192798
      }
    }
  }
}