{
  "train_loss": [
    0.49974991259751494,
    0.12558082615335783,
    0.05096050670232486,
    0.03303294795806761,
    0.02418294614525857,
    0.018062776494426308,
    0.016271480704071344,
    0.016958416727612967,
    0.014079017319751006,
    0.010185737156792095,
    0.010049935579472393,
    0.009545097537597434,
    0.009530610447163107,
    0.007587425152046813,
    0.007257777501622008,
    0.008008977376286768,
    0.006911090292096897,
    0.0044534754335742305,
    0.0069661959134801115,
    0.0068536471834199295,
    0.004691051131899089,
    0.005286057894894233,
    0.004144898280328898,
    0.003964836389059201,
    0.0036204960737248053,
    0.0052655399039698144,
    0.0024185192301283006,
    0.003213902106249912,
    0.004091944296723576,
    0.005441665934631601,
    0.0061209405957790165,
    0.00588908726845316,
    0.004623998760857999,
    0.0016389654261594708,
    0.00314209419119396,
    0.0017044978629133698,
    0.0016994874021124646,
    0.004566613405498814
  ],
  "train_acc": [
    0.7734953703703704,
    0.9515046296296297,
    0.9841435185185186,
    0.9894675925925925,
    0.9927083333333333,
    0.9943287037037037,
    0.9950231481481482,
    0.9942129629629629,
    0.9952546296296296,
    0.9966435185185185,
    0.9966435185185185,
    0.9964120370370371,
    0.9969907407407408,
    0.9972222222222222,
    0.9975694444444444,
    0.9969907407407408,
    0.997800925925926,
    0.9987268518518518,
    0.997800925925926,
    0.9976851851851852,
    0.9982638888888888,
    0.9981481481481481,
    0.9986111111111111,
    0.9987268518518518,
    0.9988425925925926,
    0.9986111111111111,
    0.9991898148148148,
    0.9987268518518518,
    0.9986111111111111,
    0.9988425925925926,
    0.9982638888888888,
    0.9981481481481481,
    0.9986111111111111,
    0.999537037037037,
    0.9991898148148148,
    0.9991898148148148,
    0.999537037037037,
    0.9990740740740741
  ],
  "val_loss": [
    2.0653043111165363,
    0.5435918410619099,
    0.294967375199,
    0.15529942313830059,
    0.07059356197714806,
    0.07617325335741043,
    0.029928549006581307,
    0.02262207033733527,
    0.021434045769274233,
    0.01880639751131336,
    0.046805976517498495,
    0.04980013892054558,
    0.016297864944984516,
    0.013246771305178602,
    0.011923398015399773,
    0.008249700294497113,
    0.0052770783368032426,
    0.006569660757668317,
    0.006373091538747152,
    0.009808268677443267,
    0.006372150251020988,
    0.0035891244381976626,
    0.0034401865773058186,
    0.0026323770250504214,
    0.00304535172181204,
    0.00558476890437305,
    0.012010222130144636,
    0.00388399616543514,
    0.004580902242256949,
    0.000915144085593056,
    0.0015477183857001363,
    0.002579069477117931,
    0.0010605816244302938,
    0.0002895940621480501,
    0.009690500764797131,
    0.0009021633294954275,
    0.004543156815149511,
    0.001824155070547325
  ],
  "val_acc": [
    0.5322916666666667,
    0.796875,
    0.8677083333333333,
    0.9385416666666667,
    0.9802083333333333,
    0.978125,
    0.9927083333333333,
    0.9947916666666666,
    0.9947916666666666,
    0.9947916666666666,
    0.9885416666666667,
    0.9864583333333333,
    0.9958333333333333,
    0.996875,
    0.9958333333333333,
    0.9958333333333333,
    0.9979166666666667,
    0.996875,
    0.996875,
    0.9979166666666667,
    0.9979166666666667,
    0.9989583333333333,
    0.9979166666666667,
    0.9989583333333333,
    0.9989583333333333,
    0.9989583333333333,
    0.9958333333333333,
    0.9979166666666667,
    0.9989583333333333,
    1.0,
    0.9989583333333333,
    0.9989583333333333,
    1.0,
    1.0,
    0.9979166666666667,
    1.0,
    0.9989583333333333,
    0.9989583333333333
  ]
}