{
  "split": 3,
  "fold": 4,
  "acc": 0.9954166666666666,
  "auc_unknown": {
    "cosine_proto": 0.9619997916666666,
    "MSP": 0.9294029166666666,
    "Energy": 0.899869236111111,
    "NegEntropy": 0.9296465277777778,
    "Margin": 0.9293749999999998,
    "EmbMaha": 0.995514375
  },
  "auc_drRX": {
    "V1_minDist": 0.9242969849537037,
    "V1_softminDist": 0.9242969849537037,
    "V1_mixNLL": 0.9257364467592593,
    "V1_weightedMixNLL": 0.9210699421296297,
    "V0_deviceDist": 0.7678835127314815,
    "V2_rxPooledMinDist": 0.7576500636574074,
    "VZ_pca_minDist": 0.893270625
  },
  "auc_drDAY": {
    "V1_minDist": 0.8270207638888889,
    "V1_softminDist": 0.8270205208333333,
    "V1_mixNLL": 0.8286361805555555,
    "V1_weightedMixNLL": 0.7923780208333334,
    "V0_deviceDist": 0.6110816666666667,
    "V2_rxPooledMinDist": 0.45812276041666666,
    "VZ_pca_minDist": 0.7543748263888889
  }
}