{
  "split": 2,
  "fold": 3,
  "acc": 0.99875,
  "auc_unknown": 0.9991994444444445,
  "auc_drift_rx": 0.90630171875,
  "auc_drift_day": 0.8030403819444445,
  "tau_id": -869.15771484375,
  "tau_dom": 2485.75,
  "FRR_stable": 0.09583333333333333,
  "false_drift_stable": 0.04583333333333333,
  "FAR_unknown_accept": 3.3333333333333335e-05,
  "miss_drift": 0.22454166666666667,
  "confusion_matrix": [
    [
      2170,
      110,
      120
    ],
    [
      10778,
      4756,
      32466
    ],
    [
      1,
      8,
      29991
    ]
  ]
}