{
  "train_loss": [
    0.48678938194557475,
    0.11027978128857083,
    0.040902791013596236,
    0.025838492162249708,
    0.018441237379900284,
    0.016106213760320787,
    0.014124298870080598,
    0.012377443636284659,
    0.015704113094101625,
    0.011034729767211333,
    0.012049396517169145,
    0.006669725112065121,
    0.007154781818476126,
    0.00674935352721217,
    0.008164235358385162,
    0.007144581362674081,
    0.00435725558652646,
    0.005409135102915267,
    0.004704290418670065,
    0.003897763242410427,
    0.0033359741373849964,
    0.005475621737531145,
    0.005683691701334384,
    0.003549757295857287,
    0.00417662354712202,
    0.002148757999142011,
    0.006620936707757344
  ],
  "train_acc": [
    0.7848379629629629,
    0.9584490740740741,
    0.9880787037037037,
    0.9921296296296296,
    0.9943287037037037,
    0.9954861111111111,
    0.9953703703703703,
    0.9961805555555555,
    0.9952546296296296,
    0.996875,
    0.9958333333333333,
    0.9980324074074074,
    0.9976851851851852,
    0.9974537037037037,
    0.9975694444444444,
    0.997800925925926,
    0.9986111111111111,
    0.9982638888888888,
    0.9984953703703704,
    0.9988425925925926,
    0.9989583333333333,
    0.9983796296296297,
    0.9984953703703704,
    0.9990740740740741,
    0.9989583333333333,
    0.9990740740740741,
    0.9981481481481481
  ],
  "val_loss": [
    1.9767457962036132,
    0.47029853661855064,
    0.19153987467288972,
    0.19216024974981943,
    0.10783668980002403,
    0.09618225668867429,
    0.06562741373976072,
    0.0706277779613932,
    0.046616089344024655,
    0.053983728401362896,
    0.031345561829706034,
    0.0387974826619029,
    0.025089660581822198,
    0.043939751433208586,
    0.037503941159229726,
    0.010663565646003311,
    0.018335710058454423,
    0.022029701160257296,
    0.006085167576869329,
    0.017480484549499426,
    0.023105728292527297,
    0.05194369877378146,
    0.008188876777906747,
    0.01924849475423495,
    0.015388793436189492,
    0.03748808925350507,
    0.013369525088152538
  ],
  "val_acc": [
    0.5416666666666666,
    0.8302083333333333,
    0.9375,
    0.9395833333333333,
    0.9697916666666667,
    0.971875,
    0.98125,
    0.9791666666666666,
    0.984375,
    0.984375,
    0.9916666666666667,
    0.9885416666666667,
    0.9927083333333333,
    0.990625,
    0.990625,
    0.996875,
    0.99375,
    0.9927083333333333,
    0.9979166666666667,
    0.9958333333333333,
    0.9927083333333333,
    0.9854166666666667,
    0.9979166666666667,
    0.9958333333333333,
    0.996875,
    0.9916666666666667,
    0.9958333333333333
  ]
}