{
  "split": 9,
  "fold": 4,
  "acc": 0.9958333333333333,
  "auc_unknown": 0.9843014583333333,
  "auc_drift_rx": 0.9322412962962963,
  "auc_drift_day": 0.8471211805555555,
  "tau_id": -1.2820464372634888,
  "tau_dom": 2017.0899658203125,
  "FRR_stable": 0.09416666666666662,
  "false_drift_stable": 0.04416666666666667,
  "FAR_unknown_accept": 0.0126,
  "miss_drift": 0.2635416666666667,
  "confusion_matrix": [
    [
      2174,
      106,
      120
    ],
    [
      12650,
      10598,
      24752
    ],
    [
      378,
      3876,
      25746
    ]
  ]
}