{
  "tau_id": -1.2820464372634888,
  "tau_dom": 2017.0899658203125
}