{
  "split": 2,
  "fold": 4,
  "tau_id": -1.2090873777866362,
  "tau_dom": 2051.45891113281,
  "gate_precision": 0.920704845814978,
  "gate_recall": 0.15675,
  "gate_keep_ratio": 0.0681,
  "adapt_stream_size": 10000,
  "gated_size": 681,
  "oracle_size": 4000,
  "NoAdapt": {
    "stable_acc": 0.9991666666666666,
    "drift_acc_rx": 0.6486666666666666,
    "drift_acc_day": 0.7426666666666667,
    "drift_acc_all": 0.6956666666666667,
    "FRR_stable": 0.0954166666666667,
    "FAR_unknown_accept": 0.0,
    "miss_drift_rx": 0.19666666666666666,
    "miss_drift_day": 0.37466666666666665,
    "miss_drift_all": 0.2856666666666667,
    "auc_unknown_eval": 0.99678375
  },
  "UngatedAdapt": {
    "stable_acc": 0.9991666666666666,
    "drift_acc_rx": 0.6493333333333333,
    "drift_acc_day": 0.7466666666666667,
    "drift_acc_all": 0.698,
    "FRR_stable": 0.09083333333333332,
    "FAR_unknown_accept": 0.0,
    "miss_drift_rx": 0.19933333333333333,
    "miss_drift_day": 0.384,
    "miss_drift_all": 0.2916666666666667,
    "auc_unknown_eval": 0.9959705555555555
  },
  "GatedAdapt": {
    "stable_acc": 0.9991666666666666,
    "drift_acc_rx": 0.6486666666666666,
    "drift_acc_day": 0.7426666666666667,
    "drift_acc_all": 0.6956666666666667,
    "FRR_stable": 0.0954166666666667,
    "FAR_unknown_accept": 0.0,
    "miss_drift_rx": 0.19666666666666666,
    "miss_drift_day": 0.37466666666666665,
    "miss_drift_all": 0.2856666666666667,
    "auc_unknown_eval": 0.9967837962962961
  },
  "OracleGateAdapt": {
    "stable_acc": 0.99875,
    "drift_acc_rx": 0.646,
    "drift_acc_day": 0.7456666666666667,
    "drift_acc_all": 0.6958333333333333,
    "FRR_stable": 0.10333333333333339,
    "FAR_unknown_accept": 0.0,
    "miss_drift_rx": 0.19966666666666666,
    "miss_drift_day": 0.38366666666666666,
    "miss_drift_all": 0.2916666666666667,
    "auc_unknown_eval": 0.9960049074074072
  }
}