{
  "split": 1,
  "fold": 4,
  "acc": 0.99875,
  "auc_unknown": 0.6661754166666667,
  "auc_drift_rx": 0.9404017997685186,
  "auc_drift_day": 0.8337131944444445,
  "tau_id": -895.9219360351562,
  "tau_dom": 2731.543212890625,
  "FRR_stable": 0.09333333333333338,
  "false_drift_stable": 0.043333333333333335,
  "FAR_unknown_accept": 0.4162666666666667,
  "miss_drift": 0.16004166666666667,
  "confusion_matrix": [
    [
      2176,
      104,
      120
    ],
    [
      7682,
      5017,
      35301
    ],
    [
      12488,
      9646,
      7866
    ]
  ]
}