{
  "tau_id": -895.9219360351562,
  "tau_dom": 2731.543212890625
}