{
  "split": 4,
  "fold": 5,
  "tau_id": -1.014800590276718,
  "tau_dom": 2410.104467773433,
  "tau_conf": 0.9999278664588929,
  "pseudo_acc_rx": 0.625,
  "pseudo_acc_day": 0.653,
  "pseudo_acc_all": 0.639,
  "gate_precision": 0.9433962264150944,
  "gate_recall": 0.15,
  "gate_keep_ratio": 0.0636,
  "conf_precision": 0.9433962264150944,
  "conf_recall": 0.15,
  "conf_keep_ratio": 0.0636,
  "conf_keep_given_gate": 1.0,
  "adapt_stream_size": 10000,
  "gate_size": 636,
  "conf_size": 636,
  "oracle_size": 4000,
  "NoAdapt": {
    "stable_acc": 0.9983333333333333,
    "drift_acc_rx": 0.625,
    "drift_acc_day": 0.653,
    "drift_acc_all": 0.639,
    "FRR_stable": 0.09875,
    "FAR_unknown_accept": 0.0,
    "miss_drift_rx": 0.168,
    "miss_drift_day": 0.3353333333333333,
    "miss_drift_all": 0.25166666666666665,
    "auc_unknown_eval": 0.9957019444444444
  },
  "UngatedAdapt": {
    "stable_acc": 0.9983333333333333,
    "drift_acc_rx": 0.6216666666666667,
    "drift_acc_day": 0.6516666666666666,
    "drift_acc_all": 0.6366666666666667,
    "FRR_stable": 0.14416666666666667,
    "FAR_unknown_accept": 0.0,
    "miss_drift_rx": 0.147,
    "miss_drift_day": 0.322,
    "miss_drift_all": 0.2345,
    "auc_unknown_eval": 0.9964966666666667
  },
  "GatedAdapt": {
    "stable_acc": 0.9983333333333333,
    "drift_acc_rx": 0.625,
    "drift_acc_day": 0.653,
    "drift_acc_all": 0.639,
    "FRR_stable": 0.09875,
    "FAR_unknown_accept": 0.0,
    "miss_drift_rx": 0.168,
    "miss_drift_day": 0.3353333333333333,
    "miss_drift_all": 0.25166666666666665,
    "auc_unknown_eval": 0.9957058333333334
  },
  "GatedConfAdapt": {
    "stable_acc": 0.9983333333333333,
    "drift_acc_rx": 0.625,
    "drift_acc_day": 0.653,
    "drift_acc_all": 0.639,
    "FRR_stable": 0.09875,
    "FAR_unknown_accept": 0.0,
    "miss_drift_rx": 0.168,
    "miss_drift_day": 0.3353333333333333,
    "miss_drift_all": 0.25166666666666665,
    "auc_unknown_eval": 0.9957092592592593
  },
  "OracleGatePseudoAdapt": {
    "stable_acc": 0.9983333333333333,
    "drift_acc_rx": 0.6226666666666667,
    "drift_acc_day": 0.6376666666666667,
    "drift_acc_all": 0.6301666666666667,
    "FRR_stable": 0.26541666666666663,
    "FAR_unknown_accept": 0.0,
    "miss_drift_rx": 0.12066666666666667,
    "miss_drift_day": 0.288,
    "miss_drift_all": 0.20433333333333334,
    "auc_unknown_eval": 0.9964850925925925
  },
  "OracleLabelAdapt": {
    "stable_acc": 0.9991666666666666,
    "drift_acc_rx": 0.9636666666666667,
    "drift_acc_day": 0.9976666666666667,
    "drift_acc_all": 0.9806666666666667,
    "FRR_stable": 0.51625,
    "FAR_unknown_accept": 0.0,
    "miss_drift_rx": 0.12033333333333333,
    "miss_drift_day": 0.184,
    "miss_drift_all": 0.15216666666666667,
    "auc_unknown_eval": 0.9944350462962963
  }
}