{
  "train_loss": [
    0.2672514276579022,
    0.02043378288961119,
    0.01141186503658968,
    0.010050322489674997,
    0.006102337644228505,
    0.005062376529719957,
    0.00467705123807752,
    0.003981377780480586,
    0.0051247909039914335,
    0.005645831473413165,
    0.002691109848415686,
    0.003232085805481162,
    0.0027428342978021614,
    0.0027397062828876423,
    0.0022298151401897756,
    0.0019499641940152893,
    0.0014784820755098568,
    0.0018636853882560023,
    0.0025336772106432665,
    0.0015013551032300003,
    0.004783983669713726,
    0.002358549345862465
  ],
  "train_acc": [
    0.915625,
    0.9972222222222222,
    0.997800925925926,
    0.9976851851851852,
    0.9979166666666667,
    0.9984953703703704,
    0.9983796296296297,
    0.9986111111111111,
    0.9983796296296297,
    0.9984953703703704,
    0.9991898148148148,
    0.9990740740740741,
    0.9991898148148148,
    0.9991898148148148,
    0.9993055555555556,
    0.9991898148148148,
    0.9994212962962963,
    0.999537037037037,
    0.9991898148148148,
    0.9994212962962963,
    0.9991898148148148,
    0.9991898148148148
  ],
  "val_loss": [
    0.8235100150108338,
    0.2667250027259191,
    0.1149902214606603,
    0.028618423516551653,
    0.035896557942032815,
    0.016517401083062093,
    0.00987101934539775,
    0.018672354922940334,
    0.006611798032342146,
    0.014033044036477805,
    0.004584259239103024,
    0.0044031081410745776,
    0.003289836522890255,
    0.0018002543928256878,
    0.0028430728435826797,
    0.00565835910771663,
    0.0010351596186713625,
    0.00201710516315264,
    0.002012116988771595,
    0.00036529291167729147,
    0.0005428897275123745,
    0.0015974476254389932
  ],
  "val_acc": [
    0.703125,
    0.8885416666666667,
    0.9541666666666667,
    0.990625,
    0.9927083333333333,
    0.9947916666666666,
    0.9947916666666666,
    0.99375,
    0.9958333333333333,
    0.9958333333333333,
    0.9979166666666667,
    0.9989583333333333,
    0.9989583333333333,
    1.0,
    0.9989583333333333,
    0.9979166666666667,
    1.0,
    0.9989583333333333,
    0.9989583333333333,
    1.0,
    1.0,
    1.0
  ]
}