{
  "split": 2,
  "fold": 1,
  "acc": 0.9979166666666667,
  "auc_unknown": 0.9927809027777778,
  "auc_drift_rx": 0.9231312500000001,
  "auc_drift_day": 0.8347006944444444,
  "tau_id": -1.4344508647918701,
  "tau_dom": 2403.543212890625,
  "FRR_stable": 0.09624999999999995,
  "false_drift_stable": 0.04625,
  "FAR_unknown_accept": 0.0,
  "miss_drift": 0.2475,
  "confusion_matrix": [
    [
      2169,
      111,
      120
    ],
    [
      11880,
      6732,
      29388
    ],
    [
      0,
      332,
      29668
    ]
  ]
}