{
  "tau_id": -1.4344508647918701,
  "tau_dom": 2403.543212890625
}