{
  "split": 4,
  "fold": 3,
  "tau_id": -1.1658528625965119,
  "tau_dom": 2400.0245727538986,
  "gate_precision": 0.8905950095969289,
  "gate_recall": 0.116,
  "gate_keep_ratio": 0.0521,
  "adapt_stream_size": 10000,
  "gated_size": 521,
  "oracle_size": 4000,
  "NoAdapt": {
    "stable_acc": 0.99875,
    "drift_acc_rx": 0.6706666666666666,
    "drift_acc_day": 0.9133333333333333,
    "drift_acc_all": 0.792,
    "FRR_stable": 0.09875,
    "FAR_unknown_accept": 0.0,
    "miss_drift_rx": 0.16533333333333333,
    "miss_drift_day": 0.3913333333333333,
    "miss_drift_all": 0.2783333333333333,
    "auc_unknown_eval": 0.9962702777777779
  },
  "UngatedAdapt": {
    "stable_acc": 0.99875,
    "drift_acc_rx": 0.6713333333333333,
    "drift_acc_day": 0.9246666666666666,
    "drift_acc_all": 0.798,
    "FRR_stable": 0.09458333333333335,
    "FAR_unknown_accept": 0.0,
    "miss_drift_rx": 0.164,
    "miss_drift_day": 0.39766666666666667,
    "miss_drift_all": 0.2808333333333333,
    "auc_unknown_eval": 0.9954725462962963
  },
  "GatedAdapt": {
    "stable_acc": 0.99875,
    "drift_acc_rx": 0.6706666666666666,
    "drift_acc_day": 0.9133333333333333,
    "drift_acc_all": 0.792,
    "FRR_stable": 0.09791666666666665,
    "FAR_unknown_accept": 0.0,
    "miss_drift_rx": 0.16533333333333333,
    "miss_drift_day": 0.392,
    "miss_drift_all": 0.2786666666666667,
    "auc_unknown_eval": 0.9962712037037036
  },
  "OracleGateAdapt": {
    "stable_acc": 0.99875,
    "drift_acc_rx": 0.6743333333333333,
    "drift_acc_day": 0.922,
    "drift_acc_all": 0.7981666666666667,
    "FRR_stable": 0.0954166666666667,
    "FAR_unknown_accept": 0.0,
    "miss_drift_rx": 0.164,
    "miss_drift_day": 0.3973333333333333,
    "miss_drift_all": 0.2806666666666667,
    "auc_unknown_eval": 0.9960643518518518
  }
}