{
  "train_loss": [
    0.6036617415922659,
    0.1437310164725339,
    0.05953400143318706,
    0.038115105043268864,
    0.029710284034135163,
    0.02309833348694223,
    0.018351577622471034,
    0.014595695150395235,
    0.014281885196558304,
    0.011648915447639647,
    0.011807229261224468,
    0.009324375833212226,
    0.009787628007190371,
    0.00808595218954401,
    0.00859654169978091,
    0.00571794820845955,
    0.004999702172871265,
    0.007904531548006667
  ],
  "train_acc": [
    0.7331018518518518,
    0.9434027777777778,
    0.9815972222222222,
    0.9886574074074074,
    0.9920138888888889,
    0.9934027777777777,
    0.9942129629629629,
    0.9953703703703703,
    0.9951388888888889,
    0.9962962962962963,
    0.9958333333333333,
    0.9966435185185185,
    0.9971064814814815,
    0.997337962962963,
    0.9975694444444444,
    0.9981481481481481,
    0.9982638888888888,
    0.9969907407407408
  ],
  "val_loss": [
    0.31133023699124657,
    0.052651574028035004,
    0.03664539378757278,
    0.03729610039542119,
    0.025576323736459017,
    0.02059569984364013,
    0.0066972211701795455,
    0.016437942845125994,
    0.014868052443489432,
    0.002406047125502179,
    0.005486704373227743,
    0.0061836774693802,
    0.0013828581203900589,
    0.0043105454746788984,
    0.002524982036508542,
    0.005905003431447161,
    0.000285544458165532,
    0.00170327808506651
  ],
  "val_acc": [
    0.8520833333333333,
    0.9822916666666667,
    0.9875,
    0.9895833333333334,
    0.990625,
    0.9916666666666667,
    0.9979166666666667,
    0.9947916666666666,
    0.99375,
    1.0,
    0.9958333333333333,
    0.996875,
    0.9989583333333333,
    0.9979166666666667,
    0.9989583333333333,
    0.9989583333333333,
    1.0,
    1.0
  ]
}