{
  "split": 10,
  "fold": 3,
  "acc": 0.9991666666666666,
  "auc_unknown": 0.9970978472222223,
  "auc_drift_rx": 0.9235753877314814,
  "auc_drift_day": 0.8267148784722222,
  "tau_id": -1.139163851737976,
  "tau_dom": 2678.30810546875,
  "FRR_stable": 0.0920833333333333,
  "false_drift_stable": 0.042083333333333334,
  "FAR_unknown_accept": 0.0,
  "miss_drift": 0.27460416666666665,
  "confusion_matrix": [
    [
      2179,
      101,
      120
    ],
    [
      13181,
      6585,
      28234
    ],
    [
      0,
      949,
      29051
    ]
  ]
}