{
  "tau_id": -1.139163851737976,
  "tau_dom": 2678.30810546875
}