{
  "train_loss": [
    0.5550482114156087,
    0.16860684617250055,
    0.07311149876978662,
    0.03915560516632265,
    0.030632764873681245,
    0.02210077819655891,
    0.02012346268424557,
    0.01242613743180064,
    0.014872051045919458,
    0.010477027588920598,
    0.009339620946492586,
    0.010083977893615762,
    0.008971203141845763,
    0.005908818848008566,
    0.006478395012500524,
    0.006665297286774687,
    0.006071580796183466,
    0.005829781941267558,
    0.0033104305703158454,
    0.0024355100394502557,
    0.0033553176208106043,
    0.0034600468772825682,
    0.00586695634928118,
    0.004049094155413547,
    0.0017843385858685467,
    0.0033197001425799466,
    0.004037412755833766,
    0.002881953147934163,
    0.0029521756766674417,
    0.002477117180576358,
    0.005479059758686668
  ],
  "train_acc": [
    0.7520833333333333,
    0.9337962962962963,
    0.9752314814814815,
    0.9858796296296296,
    0.9905092592592593,
    0.9939814814814815,
    0.9930555555555556,
    0.9967592592592592,
    0.9958333333333333,
    0.9969907407407408,
    0.9967592592592592,
    0.9966435185185185,
    0.996875,
    0.9984953703703704,
    0.9986111111111111,
    0.9975694444444444,
    0.9976851851851852,
    0.9981481481481481,
    0.9987268518518518,
    0.9991898148148148,
    0.9988425925925926,
    0.9991898148148148,
    0.9982638888888888,
    0.9988425925925926,
    0.999537037037037,
    0.9987268518518518,
    0.9983796296296297,
    0.9989583333333333,
    0.9989583333333333,
    0.9991898148148148,
    0.9984953703703704
  ],
  "val_loss": [
    2.441979662577311,
    0.7047641356786092,
    0.40205461978912355,
    0.38964350819587706,
    0.1467672069867452,
    0.104942520459493,
    0.07475231687227885,
    0.10182170793414116,
    0.07024300644795099,
    0.05825244759519895,
    0.04451067845026652,
    0.07586008533835412,
    0.04032575612266858,
    0.057920804371436437,
    0.053288741409778594,
    0.051755892609556514,
    0.04890141213933627,
    0.03420515668888887,
    0.037833765925218664,
    0.02894327143828074,
    0.028027091982463996,
    0.016569359259059033,
    0.0273163349678119,
    0.07189299029608567,
    0.023008229692156115,
    0.03513433507954081,
    0.017707556191210946,
    0.030411348658769082,
    0.01976210487385591,
    0.01686355167378982,
    0.05047212863961856
  ],
  "val_acc": [
    0.4739583333333333,
    0.7114583333333333,
    0.8375,
    0.8333333333333334,
    0.95625,
    0.9708333333333333,
    0.9802083333333333,
    0.9739583333333334,
    0.984375,
    0.9875,
    0.9885416666666667,
    0.9822916666666667,
    0.9875,
    0.9854166666666667,
    0.9864583333333333,
    0.9875,
    0.9864583333333333,
    0.9927083333333333,
    0.9927083333333333,
    0.99375,
    0.99375,
    0.99375,
    0.9947916666666666,
    0.9854166666666667,
    0.9947916666666666,
    0.9916666666666667,
    0.9947916666666666,
    0.9947916666666666,
    0.9947916666666666,
    0.9947916666666666,
    0.9854166666666667
  ]
}