{
  "split": 12,
  "fold": 1,
  "acc": 0.99125,
  "auc_unknown": 0.9950896527777778,
  "auc_drift_rx": 0.9440416319444445,
  "auc_drift_day": 0.8723867534722223,
  "tau_id": -1.2241477966308594,
  "tau_dom": 2478.1611328125,
  "FRR_stable": 0.08999999999999997,
  "false_drift_stable": 0.04,
  "FAR_unknown_accept": 0.0,
  "miss_drift": 0.18095833333333333,
  "confusion_matrix": [
    [
      2184,
      96,
      120
    ],
    [
      8686,
      8559,
      30755
    ],
    [
      0,
      84,
      29916
    ]
  ]
}