{
  "tau_id": -1.2241477966308594,
  "tau_dom": 2478.1611328125
}