{
  "split": 4,
  "fold": 3,
  "acc": 0.99625,
  "auc_drift_rx": 0.9216622627314817,
  "auc_drift_day": 0.8356288541666667,
  "tau_dom": 2438.1901611328117,
  "sid_results": {
    "EmbMaha": {
      "tau_id": -882.4427032470703,
      "auc_unknown": 0.9979109027777777,
      "FRR_stable": 0.0954166666666667,
      "false_drift_stable": 0.04541666666666667,
      "FAR_unknown_accept": 0.0,
      "miss_drift": 0.25866666666666666,
      "confusion_matrix": [
        [
          2171,
          109,
          120
        ],
        [
          12416,
          5787,
          29797
        ],
        [
          0,
          24,
          29976
        ]
      ]
    },
    "Energy": {
      "tau_id": 5.275427794456482,
      "auc_unknown": 0.7683565277777779,
      "FRR_stable": 0.09833333333333338,
      "false_drift_stable": 0.04833333333333333,
      "FAR_unknown_accept": 0.0245,
      "miss_drift": 0.29120833333333335,
      "confusion_matrix": [
        [
          2164,
          116,
          120
        ],
        [
          13978,
          13061,
          20961
        ],
        [
          735,
          17619,
          11646
        ]
      ]
    },
    "Fusion_lam0.25": {
      "tau_id": -1.1048646986484527,
      "auc_unknown": 0.997569513888889,
      "FRR_stable": 0.0954166666666667,
      "false_drift_stable": 0.04541666666666667,
      "FAR_unknown_accept": 0.0,
      "miss_drift": 0.24595833333333333,
      "confusion_matrix": [
        [
          2171,
          109,
          120
        ],
        [
          11806,
          6211,
          29983
        ],
        [
          0,
          55,
          29945
        ]
      ]
    },
    "Fusion_lam0.5": {
      "tau_id": -1.4236816048622132,
      "auc_unknown": 0.9970266666666667,
      "FRR_stable": 0.09583333333333333,
      "false_drift_stable": 0.04583333333333333,
      "FAR_unknown_accept": 0.0,
      "miss_drift": 0.24160416666666668,
      "confusion_matrix": [
        [
          2170,
          110,
          120
        ],
        [
          11597,
          6575,
          29828
        ],
        [
          0,
          120,
          29880
        ]
      ]
    },
    "Fusion_lam1.0": {
      "tau_id": -2.258078730106354,
      "auc_unknown": 0.9949655555555555,
      "FRR_stable": 0.09583333333333333,
      "false_drift_stable": 0.04583333333333333,
      "FAR_unknown_accept": 6.666666666666667e-05,
      "miss_drift": 0.24402083333333333,
      "confusion_matrix": [
        [
          2170,
          110,
          120
        ],
        [
          11713,
          7225,
          29062
        ],
        [
          2,
          299,
          29699
        ]
      ]
    },
    "Fusion_lam1.5": {
      "tau_id": -3.1255719661712646,
      "auc_unknown": 0.9918851388888889,
      "FRR_stable": 0.09583333333333333,
      "false_drift_stable": 0.04583333333333333,
      "FAR_unknown_accept": 6.666666666666667e-05,
      "miss_drift": 0.24866666666666667,
      "confusion_matrix": [
        [
          2170,
          110,
          120
        ],
        [
          11936,
          7605,
          28459
        ],
        [
          2,
          569,
          29429
        ]
      ]
    },
    "Fusion_lam2.0": {
      "tau_id": -4.0063986539840695,
      "auc_unknown": 0.9879506249999999,
      "FRR_stable": 0.09624999999999995,
      "false_drift_stable": 0.04625,
      "FAR_unknown_accept": 0.00013333333333333334,
      "miss_drift": 0.2578958333333333,
      "confusion_matrix": [
        [
          2169,
          111,
          120
        ],
        [
          12379,
          7839,
          27782
        ],
        [
          4,
          879,
          29117
        ]
      ]
    }
  },
  "best_sid": "EmbMaha"
}