{
  "split": 3,
  "fold": 1,
  "false_drift_target": 0.2,
  "tau_id": -1.198914647102356,
  "tau_dom": 896.98681640625,
  "tau_conf": 0.998237669467926,
  "pseudo_acc_rx": 0.6178055555555556,
  "pseudo_acc_day": 0.79375,
  "pseudo_acc_all": 0.6617916666666667,
  "gate_precision": 0.7210526315789474,
  "gate_recall": 0.37675,
  "gate_keep_ratio": 0.209,
  "conf_precision": 0.8181272509003601,
  "conf_recall": 0.34075,
  "conf_keep_ratio": 0.1666,
  "conf_keep_given_gate": 0.7971291866028708,
  "adapt_stream_size": 10000,
  "gate_size": 2090,
  "conf_size": 1666,
  "oracle_size": 4000,
  "NoAdapt": {
    "stable_acc": 0.9966666666666667,
    "drift_acc_rx": 0.625,
    "drift_acc_day": 0.7923333333333333,
    "drift_acc_all": 0.7086666666666667,
    "FRR_stable": 0.23416666666666663,
    "FAR_unknown_accept": 0.00044444444444444447,
    "miss_drift_rx": 0.063,
    "miss_drift_day": 0.23,
    "miss_drift_all": 0.1465,
    "auc_unknown_eval": 0.9747753240740741
  },
  "UngatedAdapt": {
    "stable_acc": 0.9966666666666667,
    "drift_acc_rx": 0.6253333333333333,
    "drift_acc_day": 0.791,
    "drift_acc_all": 0.7081666666666667,
    "FRR_stable": 0.2366666666666667,
    "FAR_unknown_accept": 0.00044444444444444447,
    "miss_drift_rx": 0.06366666666666666,
    "miss_drift_day": 0.247,
    "miss_drift_all": 0.15533333333333332,
    "auc_unknown_eval": 0.9730380092592592
  },
  "OracleGatePseudoAdapt": {
    "stable_acc": 0.9970833333333333,
    "drift_acc_rx": 0.6213333333333333,
    "drift_acc_day": 0.7893333333333333,
    "drift_acc_all": 0.7053333333333334,
    "FRR_stable": 0.24291666666666667,
    "FAR_unknown_accept": 0.00044444444444444447,
    "miss_drift_rx": 0.05433333333333333,
    "miss_drift_day": 0.222,
    "miss_drift_all": 0.13816666666666666,
    "auc_unknown_eval": 0.9636062037037038
  },
  "OracleLabelAdapt": {
    "stable_acc": 0.9979166666666667,
    "drift_acc_rx": 0.7803333333333333,
    "drift_acc_day": 0.9926666666666667,
    "drift_acc_all": 0.8865,
    "FRR_stable": 0.5170833333333333,
    "FAR_unknown_accept": 0.0,
    "miss_drift_rx": 0.054,
    "miss_drift_day": 0.22,
    "miss_drift_all": 0.137,
    "auc_unknown_eval": 0.7362345833333335
  },
  "GatedAdapt": {
    "stable_acc": 0.9975,
    "drift_acc_rx": 0.6303333333333333,
    "drift_acc_day": 0.794,
    "drift_acc_all": 0.7121666666666666,
    "FRR_stable": 0.23041666666666671,
    "FAR_unknown_accept": 0.00044444444444444447,
    "miss_drift_rx": 0.06333333333333334,
    "miss_drift_day": 0.23766666666666666,
    "miss_drift_all": 0.1505,
    "auc_unknown_eval": 0.9804056018518519
  },
  "GatedConfAdapt": {
    "stable_acc": 0.9975,
    "drift_acc_rx": 0.6306666666666667,
    "drift_acc_day": 0.7946666666666666,
    "drift_acc_all": 0.7126666666666667,
    "FRR_stable": 0.22916666666666663,
    "FAR_unknown_accept": 0.00044444444444444447,
    "miss_drift_rx": 0.06333333333333334,
    "miss_drift_day": 0.239,
    "miss_drift_all": 0.15116666666666667,
    "auc_unknown_eval": 0.9742071296296295
  }
}