{
  "split": 3,
  "fold": 1,
  "false_drift_target": 0.05,
  "tau_id": -1.198914647102356,
  "tau_dom": 1934.4068603515625,
  "tau_conf": 0.998237669467926,
  "pseudo_acc_rx": 0.6178055555555556,
  "pseudo_acc_day": 0.79375,
  "pseudo_acc_all": 0.6617916666666667,
  "gate_precision": 0.6005132591958939,
  "gate_recall": 0.1755,
  "gate_keep_ratio": 0.1169,
  "conf_precision": 0.7296996662958843,
  "conf_recall": 0.164,
  "conf_keep_ratio": 0.0899,
  "conf_keep_given_gate": 0.7690333618477331,
  "adapt_stream_size": 10000,
  "gate_size": 1169,
  "conf_size": 899,
  "oracle_size": 4000,
  "NoAdapt": {
    "stable_acc": 0.9966666666666667,
    "drift_acc_rx": 0.625,
    "drift_acc_day": 0.7923333333333333,
    "drift_acc_all": 0.7086666666666667,
    "FRR_stable": 0.0920833333333333,
    "FAR_unknown_accept": 0.020444444444444446,
    "miss_drift_rx": 0.21066666666666667,
    "miss_drift_day": 0.5043333333333333,
    "miss_drift_all": 0.3575,
    "auc_unknown_eval": 0.9747753240740741
  },
  "UngatedAdapt": {
    "stable_acc": 0.9966666666666667,
    "drift_acc_rx": 0.6253333333333333,
    "drift_acc_day": 0.791,
    "drift_acc_all": 0.7081666666666667,
    "FRR_stable": 0.09833333333333338,
    "FAR_unknown_accept": 0.02411111111111111,
    "miss_drift_rx": 0.21433333333333332,
    "miss_drift_day": 0.519,
    "miss_drift_all": 0.36666666666666664,
    "auc_unknown_eval": 0.9730380092592592
  },
  "OracleGatePseudoAdapt": {
    "stable_acc": 0.9970833333333333,
    "drift_acc_rx": 0.6213333333333333,
    "drift_acc_day": 0.7893333333333333,
    "drift_acc_all": 0.7053333333333334,
    "FRR_stable": 0.10666666666666669,
    "FAR_unknown_accept": 0.021,
    "miss_drift_rx": 0.18633333333333332,
    "miss_drift_day": 0.482,
    "miss_drift_all": 0.33416666666666667,
    "auc_unknown_eval": 0.9636062037037038
  },
  "OracleLabelAdapt": {
    "stable_acc": 0.9979166666666667,
    "drift_acc_rx": 0.7803333333333333,
    "drift_acc_day": 0.9926666666666667,
    "drift_acc_all": 0.8865,
    "FRR_stable": 0.4491666666666667,
    "FAR_unknown_accept": 0.011666666666666667,
    "miss_drift_rx": 0.141,
    "miss_drift_day": 0.33566666666666667,
    "miss_drift_all": 0.23833333333333334,
    "auc_unknown_eval": 0.7362345833333335
  },
  "GatedAdapt": {
    "stable_acc": 0.9979166666666667,
    "drift_acc_rx": 0.6313333333333333,
    "drift_acc_day": 0.7936666666666666,
    "drift_acc_all": 0.7125,
    "FRR_stable": 0.08958333333333335,
    "FAR_unknown_accept": 0.017777777777777778,
    "miss_drift_rx": 0.207,
    "miss_drift_day": 0.5056666666666667,
    "miss_drift_all": 0.35633333333333334,
    "auc_unknown_eval": 0.9814523148148149
  },
  "GatedConfAdapt": {
    "stable_acc": 0.9975,
    "drift_acc_rx": 0.629,
    "drift_acc_day": 0.7936666666666666,
    "drift_acc_all": 0.7113333333333334,
    "FRR_stable": 0.08750000000000002,
    "FAR_unknown_accept": 0.021,
    "miss_drift_rx": 0.21133333333333335,
    "miss_drift_day": 0.5116666666666667,
    "miss_drift_all": 0.3615,
    "auc_unknown_eval": 0.974424537037037
  }
}