{
  "split": 3,
  "fold": 1,
  "false_drift_target": 0.01,
  "tau_id": -1.198914647102356,
  "tau_dom": 3520.5908203125,
  "tau_conf": 0.998237669467926,
  "pseudo_acc_rx": 0.6178055555555556,
  "pseudo_acc_day": 0.79375,
  "pseudo_acc_all": 0.6617916666666667,
  "gate_precision": 0.42511346444780634,
  "gate_recall": 0.07025,
  "gate_keep_ratio": 0.0661,
  "conf_precision": 0.5454545454545454,
  "conf_recall": 0.0645,
  "conf_keep_ratio": 0.0473,
  "conf_keep_given_gate": 0.7155824508320726,
  "adapt_stream_size": 10000,
  "gate_size": 661,
  "conf_size": 473,
  "oracle_size": 4000,
  "NoAdapt": {
    "stable_acc": 0.9966666666666667,
    "drift_acc_rx": 0.625,
    "drift_acc_day": 0.7923333333333333,
    "drift_acc_all": 0.7086666666666667,
    "FRR_stable": 0.05625000000000002,
    "FAR_unknown_accept": 0.034777777777777776,
    "miss_drift_rx": 0.304,
    "miss_drift_day": 0.616,
    "miss_drift_all": 0.46,
    "auc_unknown_eval": 0.9747753240740741
  },
  "UngatedAdapt": {
    "stable_acc": 0.9966666666666667,
    "drift_acc_rx": 0.6253333333333333,
    "drift_acc_day": 0.791,
    "drift_acc_all": 0.7081666666666667,
    "FRR_stable": 0.0625,
    "FAR_unknown_accept": 0.03344444444444444,
    "miss_drift_rx": 0.297,
    "miss_drift_day": 0.629,
    "miss_drift_all": 0.463,
    "auc_unknown_eval": 0.9730380092592592
  },
  "OracleGatePseudoAdapt": {
    "stable_acc": 0.9970833333333333,
    "drift_acc_rx": 0.6213333333333333,
    "drift_acc_day": 0.7893333333333333,
    "drift_acc_all": 0.7053333333333334,
    "FRR_stable": 0.07208333333333339,
    "FAR_unknown_accept": 0.036555555555555556,
    "miss_drift_rx": 0.2643333333333333,
    "miss_drift_day": 0.5926666666666667,
    "miss_drift_all": 0.4285,
    "auc_unknown_eval": 0.9636062037037038
  },
  "OracleLabelAdapt": {
    "stable_acc": 0.9979166666666667,
    "drift_acc_rx": 0.7803333333333333,
    "drift_acc_day": 0.9926666666666667,
    "drift_acc_all": 0.8865,
    "FRR_stable": 0.4429166666666666,
    "FAR_unknown_accept": 0.013111111111111112,
    "miss_drift_rx": 0.151,
    "miss_drift_day": 0.3393333333333333,
    "miss_drift_all": 0.24516666666666667,
    "auc_unknown_eval": 0.7362345833333335
  },
  "GatedAdapt": {
    "stable_acc": 0.9975,
    "drift_acc_rx": 0.6286666666666667,
    "drift_acc_day": 0.793,
    "drift_acc_all": 0.7108333333333333,
    "FRR_stable": 0.053749999999999964,
    "FAR_unknown_accept": 0.03077777777777778,
    "miss_drift_rx": 0.29633333333333334,
    "miss_drift_day": 0.6183333333333333,
    "miss_drift_all": 0.4573333333333333,
    "auc_unknown_eval": 0.9775115277777777
  },
  "GatedConfAdapt": {
    "stable_acc": 0.9979166666666667,
    "drift_acc_rx": 0.63,
    "drift_acc_day": 0.792,
    "drift_acc_all": 0.711,
    "FRR_stable": 0.053749999999999964,
    "FAR_unknown_accept": 0.034666666666666665,
    "miss_drift_rx": 0.2996666666666667,
    "miss_drift_day": 0.6193333333333333,
    "miss_drift_all": 0.4595,
    "auc_unknown_eval": 0.9748335648148149
  }
}