{
  "split": 3,
  "fold": 1,
  "false_drift_target": 0.1,
  "tau_id": -1.198914647102356,
  "tau_dom": 1332.57275390625,
  "tau_conf": 0.998237669467926,
  "pseudo_acc_rx": 0.6178055555555556,
  "pseudo_acc_day": 0.79375,
  "pseudo_acc_all": 0.6617916666666667,
  "gate_precision": 0.6520650813516896,
  "gate_recall": 0.2605,
  "gate_keep_ratio": 0.1598,
  "conf_precision": 0.7612903225806451,
  "conf_recall": 0.236,
  "conf_keep_ratio": 0.124,
  "conf_keep_given_gate": 0.7759699624530664,
  "adapt_stream_size": 10000,
  "gate_size": 1598,
  "conf_size": 1240,
  "oracle_size": 4000,
  "NoAdapt": {
    "stable_acc": 0.9966666666666667,
    "drift_acc_rx": 0.625,
    "drift_acc_day": 0.7923333333333333,
    "drift_acc_all": 0.7086666666666667,
    "FRR_stable": 0.14041666666666663,
    "FAR_unknown_accept": 0.006,
    "miss_drift_rx": 0.13633333333333333,
    "miss_drift_day": 0.4023333333333333,
    "miss_drift_all": 0.2693333333333333,
    "auc_unknown_eval": 0.9747753240740741
  },
  "UngatedAdapt": {
    "stable_acc": 0.9966666666666667,
    "drift_acc_rx": 0.6253333333333333,
    "drift_acc_day": 0.791,
    "drift_acc_all": 0.7081666666666667,
    "FRR_stable": 0.1466666666666666,
    "FAR_unknown_accept": 0.008888888888888889,
    "miss_drift_rx": 0.13866666666666666,
    "miss_drift_day": 0.417,
    "miss_drift_all": 0.2778333333333333,
    "auc_unknown_eval": 0.9730380092592592
  },
  "OracleGatePseudoAdapt": {
    "stable_acc": 0.9970833333333333,
    "drift_acc_rx": 0.6213333333333333,
    "drift_acc_day": 0.7893333333333333,
    "drift_acc_all": 0.7053333333333334,
    "FRR_stable": 0.1545833333333333,
    "FAR_unknown_accept": 0.006333333333333333,
    "miss_drift_rx": 0.12033333333333333,
    "miss_drift_day": 0.381,
    "miss_drift_all": 0.25066666666666665,
    "auc_unknown_eval": 0.9636062037037038
  },
  "OracleLabelAdapt": {
    "stable_acc": 0.9979166666666667,
    "drift_acc_rx": 0.7803333333333333,
    "drift_acc_day": 0.9926666666666667,
    "drift_acc_all": 0.8865,
    "FRR_stable": 0.4675,
    "FAR_unknown_accept": 0.0057777777777777775,
    "miss_drift_rx": 0.119,
    "miss_drift_day": 0.294,
    "miss_drift_all": 0.2065,
    "auc_unknown_eval": 0.7362345833333335
  },
  "GatedAdapt": {
    "stable_acc": 0.9979166666666667,
    "drift_acc_rx": 0.6316666666666667,
    "drift_acc_day": 0.792,
    "drift_acc_all": 0.7118333333333333,
    "FRR_stable": 0.13708333333333333,
    "FAR_unknown_accept": 0.0057777777777777775,
    "miss_drift_rx": 0.13666666666666666,
    "miss_drift_day": 0.403,
    "miss_drift_all": 0.2698333333333333,
    "auc_unknown_eval": 0.9821913425925926
  },
  "GatedConfAdapt": {
    "stable_acc": 0.9975,
    "drift_acc_rx": 0.6293333333333333,
    "drift_acc_day": 0.7956666666666666,
    "drift_acc_all": 0.7125,
    "FRR_stable": 0.135,
    "FAR_unknown_accept": 0.006888888888888889,
    "miss_drift_rx": 0.137,
    "miss_drift_day": 0.4103333333333333,
    "miss_drift_all": 0.27366666666666667,
    "auc_unknown_eval": 0.9743805092592593
  }
}