{
  "split": 9,
  "fold": 3,
  "acc": 0.9958333333333333,
  "auc_drift_rx": 0.9399037499999999,
  "auc_drift_day": 0.8393643402777777,
  "tau_dom": 1777.1671875,
  "sid_results": {
    "EmbMaha": {
      "tau_id": -1094.254797363281,
      "auc_unknown": 0.9874156944444445,
      "FRR_stable": 0.09499999999999997,
      "false_drift_stable": 0.045,
      "FAR_unknown_accept": 0.04443333333333333,
      "miss_drift": 0.3027708333333333,
      "confusion_matrix": [
        [
          2172,
          108,
          120
        ],
        [
          14533,
          7826,
          25641
        ],
        [
          1333,
          3651,
          25016
        ]
      ]
    },
    "Energy": {
      "tau_id": 5.839307045936584,
      "auc_unknown": 0.7408430902777777,
      "FRR_stable": 0.09791666666666665,
      "false_drift_stable": 0.04791666666666667,
      "FAR_unknown_accept": 0.059333333333333335,
      "miss_drift": 0.3199375,
      "confusion_matrix": [
        [
          2165,
          115,
          120
        ],
        [
          15357,
          16901,
          15742
        ],
        [
          1780,
          19436,
          8784
        ]
      ]
    },
    "Fusion_lam0.25": {
      "tau_id": -1.2439436495304108,
      "auc_unknown": 0.9857527083333334,
      "FRR_stable": 0.0954166666666667,
      "false_drift_stable": 0.04541666666666667,
      "FAR_unknown_accept": 0.0426,
      "miss_drift": 0.2877708333333333,
      "confusion_matrix": [
        [
          2171,
          109,
          120
        ],
        [
          13813,
          7892,
          26295
        ],
        [
          1278,
          3834,
          24888
        ]
      ]
    },
    "Fusion_lam0.5": {
      "tau_id": -1.5277298152446745,
      "auc_unknown": 0.9828116666666666,
      "FRR_stable": 0.09583333333333333,
      "false_drift_stable": 0.04583333333333333,
      "FAR_unknown_accept": 0.041633333333333335,
      "miss_drift": 0.28058333333333335,
      "confusion_matrix": [
        [
          2170,
          110,
          120
        ],
        [
          13468,
          8223,
          26309
        ],
        [
          1249,
          4231,
          24520
        ]
      ]
    },
    "Fusion_lam1.0": {
      "tau_id": -2.364746856689453,
      "auc_unknown": 0.9716274652777779,
      "FRR_stable": 0.09583333333333333,
      "false_drift_stable": 0.04583333333333333,
      "FAR_unknown_accept": 0.045,
      "miss_drift": 0.28472916666666664,
      "confusion_matrix": [
        [
          2170,
          110,
          120
        ],
        [
          13667,
          9229,
          25104
        ],
        [
          1350,
          5433,
          23217
        ]
      ]
    },
    "Fusion_lam1.5": {
      "tau_id": -3.2705217003822327,
      "auc_unknown": 0.9564043055555556,
      "FRR_stable": 0.09624999999999995,
      "false_drift_stable": 0.04625,
      "FAR_unknown_accept": 0.0463,
      "miss_drift": 0.2890625,
      "confusion_matrix": [
        [
          2169,
          111,
          120
        ],
        [
          13875,
          9969,
          24156
        ],
        [
          1389,
          6505,
          22106
        ]
      ]
    },
    "Fusion_lam2.0": {
      "tau_id": -4.110000824928283,
      "auc_unknown": 0.94230875,
      "FRR_stable": 0.09624999999999995,
      "false_drift_stable": 0.04625,
      "FAR_unknown_accept": 0.0463,
      "miss_drift": 0.2907708333333333,
      "confusion_matrix": [
        [
          2169,
          111,
          120
        ],
        [
          13957,
          10396,
          23647
        ],
        [
          1389,
          7188,
          21423
        ]
      ]
    }
  },
  "best_sid": "EmbMaha"
}