{
  "train_loss": [
    0.6194004472327117,
    0.2172878756615275,
    0.09280304748942887,
    0.050988903159392626,
    0.03534142922628041,
    0.026620895052013767,
    0.02209591201353584,
    0.01932850194833993,
    0.016243768370021946,
    0.016720725263014508,
    0.01158847944352074,
    0.013134237044099448,
    0.0097381130978915,
    0.009539012905156267,
    0.008856671526218237,
    0.007727745415728341,
    0.00967104949247191,
    0.007670737720085623,
    0.0077620876714551215,
    0.008440404101207421,
    0.0055405205619579925
  ],
  "train_acc": [
    0.7228260869565217,
    0.9120772946859903,
    0.9664251207729468,
    0.985024154589372,
    0.9891304347826086,
    0.9916666666666667,
    0.9925120772946859,
    0.9943236714975845,
    0.9946859903381643,
    0.9943236714975845,
    0.9963768115942029,
    0.996135265700483,
    0.9967391304347826,
    0.9968599033816425,
    0.9974637681159421,
    0.9977053140096618,
    0.9974637681159421,
    0.9975845410628019,
    0.9974637681159421,
    0.9974637681159421,
    0.9983091787439613
  ],
  "val_loss": [
    2.3349205265874446,
    0.6179093547489332,
    0.6631169982578443,
    0.21122753723807958,
    0.15144475918749103,
    0.20406324694985928,
    0.16278856474420297,
    0.04029065323588641,
    0.06836842638642891,
    0.0532067716607581,
    0.051255156375143836,
    0.018716637522954008,
    0.037107764864745346,
    0.03749934328800958,
    0.0481061354400995,
    0.05551642520434183,
    0.022900797947026465,
    0.021575390539415505,
    0.025238584194575316,
    0.04566512122831267,
    0.028362819412723183
  ],
  "val_acc": [
    0.5097826086956522,
    0.7869565217391304,
    0.7358695652173913,
    0.9,
    0.9358695652173913,
    0.9054347826086957,
    0.933695652173913,
    0.9934782608695653,
    0.9826086956521739,
    0.9891304347826086,
    0.9902173913043478,
    0.9934782608695653,
    0.9956521739130435,
    0.9923913043478261,
    0.9902173913043478,
    0.9847826086956522,
    0.991304347826087,
    0.991304347826087,
    0.9923913043478261,
    0.9891304347826086,
    0.991304347826087
  ]
}