{
  "fold": 3,
  "acc_in_domain": 0.9903571428571428,
  "auc_unknown": 0.9526334226190475,
  "auc_drift_rx": 0.7275700396825396,
  "auc_drift_day": 0.6198342261904761,
  "tau_id": 0.9626769781112671,
  "tau_dom_rx": 1819.4393493652344,
  "tau_dom_day": 504.9530670166009
}