{
  "tau_id_p05_stable": 0.9626769781112671,
  "tau_dom_rx_p95_stable": 1819.4393493652344,
  "tau_dom_day_p95_stable": 504.9530670166009
}