{
  "train_loss": [
    0.9156141718228658,
    0.4026337756050958,
    0.10884834809435738,
    0.036973861128919656,
    0.027277806815173892,
    0.022123943579693637,
    0.015409141913470295,
    0.016004615975543857,
    0.009568046726700332,
    0.011302877274445362,
    0.011394781350261635,
    0.008660065988078714,
    0.007118125663449367,
    0.005059117747522476,
    0.005800820563712882,
    0.006843679121488498,
    0.005347404885105789,
    0.004237437434494495,
    0.003950411800502075,
    0.004036820278916922,
    0.0038916241532812516,
    0.00203365095011476,
    0.0027433545276936556,
    0.0024504111032001676,
    0.0019623198197223244,
    0.002193326259859734,
    0.0024776350357569752,
    0.0027452001826734178,
    0.0016627954616625275,
    0.0016817773355998927,
    0.002094483700218714,
    0.0009848671409094499,
    0.0011297082040174348,
    0.0014617423452566274,
    0.0017699526991539944,
    0.0017999353831530446
  ],
  "train_acc": [
    0.5940972222222223,
    0.8798611111111111,
    0.9715277777777778,
    0.9923611111111111,
    0.9920138888888889,
    0.9947916666666666,
    0.9972222222222222,
    0.9954861111111111,
    0.9982638888888888,
    0.9972222222222222,
    0.9972222222222222,
    0.9979166666666667,
    0.9989583333333333,
    0.9993055555555556,
    0.9986111111111111,
    0.9975694444444444,
    0.9989583333333333,
    0.9993055555555556,
    0.9993055555555556,
    0.9986111111111111,
    0.9993055555555556,
    0.9996527777777777,
    0.9996527777777777,
    0.9993055555555556,
    0.9996527777777777,
    0.9993055555555556,
    0.9993055555555556,
    0.9993055555555556,
    0.9996527777777777,
    1.0,
    0.9993055555555556,
    1.0,
    1.0,
    0.9996527777777777,
    1.0,
    0.9996527777777777
  ],
  "val_loss": [
    2.5248197078704835,
    2.186631917953491,
    1.6122815608978271,
    1.1048455476760863,
    0.7681464433670044,
    0.7985698580741882,
    0.7409568428993225,
    0.6894498229026794,
    0.6101617693901062,
    0.41309764981269836,
    0.2808102428913116,
    0.43234272599220275,
    0.3636743903160095,
    0.22019469738006592,
    0.13931287229061126,
    0.19563551247119904,
    0.0551926001906395,
    0.1396485060453415,
    0.09560030400753021,
    0.04927198514342308,
    0.08047287240624428,
    0.05689001455903053,
    0.043876785412430765,
    0.03388378471136093,
    0.014957583509385586,
    0.013216741010546684,
    0.010814274102449417,
    0.006900306791067123,
    0.006438848841935396,
    0.011329153180122375,
    0.006792595610022545,
    0.0044325224589556456,
    0.0027159545570611954,
    0.00511457696557045,
    0.0016463149455375969,
    0.01285514011979103
  ],
  "val_acc": [
    0.271875,
    0.58125,
    0.753125,
    0.753125,
    0.7625,
    0.759375,
    0.75625,
    0.7625,
    0.7625,
    0.85,
    0.9,
    0.821875,
    0.853125,
    0.915625,
    0.94375,
    0.928125,
    0.978125,
    0.940625,
    0.959375,
    0.978125,
    0.9625,
    0.971875,
    0.98125,
    0.9875,
    0.996875,
    0.996875,
    0.996875,
    1.0,
    1.0,
    0.996875,
    1.0,
    1.0,
    1.0,
    1.0,
    1.0,
    0.996875
  ]
}