{
  "fold": 2,
  "acc_in_domain": 1.0,
  "auc_unknown": 0.9706043750000001,
  "auc_drift_rx": 0.9830039204545455,
  "auc_drift_day": 0.8750856249999999,
  "tau_id": 0.9791952967643738,
  "tau_dom": 9400.533203125
}