{
  "split": 2,
  "fold": 2,
  "acc": 0.9991666666666666,
  "auc_drift_rx": 0.9221559606481482,
  "auc_drift_day": 0.8191427777777778,
  "tau_dom": 2520.3652221679645,
  "sid_results": {
    "EmbMaha": {
      "tau_id": -949.124169921875,
      "auc_unknown": 0.9975654166666666,
      "FRR_stable": 0.09750000000000003,
      "false_drift_stable": 0.0475,
      "FAR_unknown_accept": 0.0,
      "miss_drift": 0.2495625,
      "confusion_matrix": [
        [
          2166,
          114,
          120
        ],
        [
          11979,
          5759,
          30262
        ],
        [
          0,
          42,
          29958
        ]
      ]
    },
    "Energy": {
      "tau_id": 6.2796608209609985,
      "auc_unknown": 0.8292763541666666,
      "FRR_stable": 0.09916666666666663,
      "false_drift_stable": 0.049166666666666664,
      "FAR_unknown_accept": 0.0057,
      "miss_drift": 0.2765625,
      "confusion_matrix": [
        [
          2162,
          118,
          120
        ],
        [
          13275,
          9268,
          25457
        ],
        [
          171,
          12198,
          17631
        ]
      ]
    },
    "Fusion_lam0.25": {
      "tau_id": -0.8723938465118408,
      "auc_unknown": 0.9970239583333333,
      "FRR_stable": 0.09833333333333338,
      "false_drift_stable": 0.04833333333333333,
      "FAR_unknown_accept": 0.0,
      "miss_drift": 0.24408333333333335,
      "confusion_matrix": [
        [
          2164,
          116,
          120
        ],
        [
          11716,
          6160,
          30124
        ],
        [
          0,
          79,
          29921
        ]
      ]
    },
    "Fusion_lam0.5": {
      "tau_id": -1.206630289554596,
      "auc_unknown": 0.9959638194444446,
      "FRR_stable": 0.09833333333333338,
      "false_drift_stable": 0.04833333333333333,
      "FAR_unknown_accept": 0.0,
      "miss_drift": 0.24427083333333333,
      "confusion_matrix": [
        [
          2164,
          116,
          120
        ],
        [
          11725,
          6641,
          29634
        ],
        [
          0,
          154,
          29846
        ]
      ]
    },
    "Fusion_lam1.0": {
      "tau_id": -1.9853322148323058,
      "auc_unknown": 0.9926309722222223,
      "FRR_stable": 0.09833333333333338,
      "false_drift_stable": 0.04833333333333333,
      "FAR_unknown_accept": 0.0,
      "miss_drift": 0.24689583333333334,
      "confusion_matrix": [
        [
          2164,
          116,
          120
        ],
        [
          11851,
          7233,
          28916
        ],
        [
          0,
          424,
          29576
        ]
      ]
    },
    "Fusion_lam1.5": {
      "tau_id": -2.8032248616218567,
      "auc_unknown": 0.9881070138888889,
      "FRR_stable": 0.09833333333333338,
      "false_drift_stable": 0.04833333333333333,
      "FAR_unknown_accept": 0.0,
      "miss_drift": 0.25022916666666667,
      "confusion_matrix": [
        [
          2164,
          116,
          120
        ],
        [
          12011,
          7549,
          28440
        ],
        [
          0,
          745,
          29255
        ]
      ]
    },
    "Fusion_lam2.0": {
      "tau_id": -3.5737784266471864,
      "auc_unknown": 0.9830825694444445,
      "FRR_stable": 0.09833333333333338,
      "false_drift_stable": 0.04833333333333333,
      "FAR_unknown_accept": 0.0,
      "miss_drift": 0.2525,
      "confusion_matrix": [
        [
          2164,
          116,
          120
        ],
        [
          12120,
          7744,
          28136
        ],
        [
          0,
          1054,
          28946
        ]
      ]
    }
  },
  "best_sid": "EmbMaha"
}