{
  "split": 4,
  "fold": 5,
  "false_drift_target": 0.2,
  "tau_id": -1.3065565824508667,
  "tau_dom": 1041.7508544921875,
  "tau_conf": 0.9948583841323853,
  "pseudo_acc_rx": 0.6555,
  "pseudo_acc_day": 0.6101666666666666,
  "pseudo_acc_all": 0.6441666666666667,
  "gate_precision": 0.9494773519163763,
  "gate_recall": 0.2725,
  "gate_keep_ratio": 0.1148,
  "conf_precision": 0.9494773519163763,
  "conf_recall": 0.2725,
  "conf_keep_ratio": 0.1148,
  "conf_keep_given_gate": 1.0,
  "adapt_stream_size": 10000,
  "gate_size": 1148,
  "conf_size": 1148,
  "oracle_size": 4000,
  "NoAdapt": {
    "stable_acc": 0.99625,
    "drift_acc_rx": 0.662,
    "drift_acc_day": 0.595,
    "drift_acc_all": 0.6285,
    "FRR_stable": 0.24083333333333334,
    "FAR_unknown_accept": 0.0,
    "miss_drift_rx": 0.08833333333333333,
    "miss_drift_day": 0.20466666666666666,
    "miss_drift_all": 0.1465,
    "auc_unknown_eval": 0.9955409259259259
  },
  "UngatedAdapt": {
    "stable_acc": 0.9958333333333333,
    "drift_acc_rx": 0.6603333333333333,
    "drift_acc_day": 0.5923333333333334,
    "drift_acc_all": 0.6263333333333333,
    "FRR_stable": 0.28625,
    "FAR_unknown_accept": 0.0,
    "miss_drift_rx": 0.08233333333333333,
    "miss_drift_day": 0.176,
    "miss_drift_all": 0.12916666666666668,
    "auc_unknown_eval": 0.9919283796296297
  },
  "OracleGatePseudoAdapt": {
    "stable_acc": 0.9958333333333333,
    "drift_acc_rx": 0.6606666666666666,
    "drift_acc_day": 0.5896666666666667,
    "drift_acc_all": 0.6251666666666666,
    "FRR_stable": 0.24583333333333335,
    "FAR_unknown_accept": 0.0,
    "miss_drift_rx": 0.08766666666666667,
    "miss_drift_day": 0.20266666666666666,
    "miss_drift_all": 0.14516666666666667,
    "auc_unknown_eval": 0.9963556481481481
  },
  "OracleLabelAdapt": {
    "stable_acc": 0.99875,
    "drift_acc_rx": 0.9673333333333334,
    "drift_acc_day": 0.9993333333333333,
    "drift_acc_all": 0.9833333333333333,
    "FRR_stable": 0.40541666666666665,
    "FAR_unknown_accept": 0.0,
    "miss_drift_rx": 0.084,
    "miss_drift_day": 0.16966666666666666,
    "miss_drift_all": 0.12683333333333333,
    "auc_unknown_eval": 0.9944660185185186
  },
  "GatedAdapt": {
    "stable_acc": 0.9970833333333333,
    "drift_acc_rx": 0.6646666666666666,
    "drift_acc_day": 0.6063333333333333,
    "drift_acc_all": 0.6355,
    "FRR_stable": 0.22624999999999995,
    "FAR_unknown_accept": 0.0,
    "miss_drift_rx": 0.09733333333333333,
    "miss_drift_day": 0.22333333333333333,
    "miss_drift_all": 0.16033333333333333,
    "auc_unknown_eval": 0.9958529166666666
  },
  "GatedConfAdapt": {
    "stable_acc": 0.9966666666666667,
    "drift_acc_rx": 0.6643333333333333,
    "drift_acc_day": 0.605,
    "drift_acc_all": 0.6346666666666667,
    "FRR_stable": 0.2270833333333333,
    "FAR_unknown_accept": 0.0,
    "miss_drift_rx": 0.09633333333333334,
    "miss_drift_day": 0.221,
    "miss_drift_all": 0.15866666666666668,
    "auc_unknown_eval": 0.9959485185185185
  }
}