{
  "split": 4,
  "fold": 5,
  "false_drift_target": 0.1,
  "tau_id": -1.3065565824508667,
  "tau_dom": 1640.3524169921875,
  "tau_conf": 0.9948583841323853,
  "pseudo_acc_rx": 0.6555,
  "pseudo_acc_day": 0.6101666666666666,
  "pseudo_acc_all": 0.6441666666666667,
  "gate_precision": 0.9344632768361582,
  "gate_recall": 0.20675,
  "gate_keep_ratio": 0.0885,
  "conf_precision": 0.9344632768361582,
  "conf_recall": 0.20675,
  "conf_keep_ratio": 0.0885,
  "conf_keep_given_gate": 1.0,
  "adapt_stream_size": 10000,
  "gate_size": 885,
  "conf_size": 885,
  "oracle_size": 4000,
  "NoAdapt": {
    "stable_acc": 0.99625,
    "drift_acc_rx": 0.662,
    "drift_acc_day": 0.595,
    "drift_acc_all": 0.6285,
    "FRR_stable": 0.14416666666666667,
    "FAR_unknown_accept": 0.0,
    "miss_drift_rx": 0.14266666666666666,
    "miss_drift_day": 0.276,
    "miss_drift_all": 0.20933333333333334,
    "auc_unknown_eval": 0.9955409259259259
  },
  "UngatedAdapt": {
    "stable_acc": 0.9958333333333333,
    "drift_acc_rx": 0.6603333333333333,
    "drift_acc_day": 0.5923333333333334,
    "drift_acc_all": 0.6263333333333333,
    "FRR_stable": 0.2120833333333333,
    "FAR_unknown_accept": 0.0,
    "miss_drift_rx": 0.13433333333333333,
    "miss_drift_day": 0.23133333333333334,
    "miss_drift_all": 0.18283333333333332,
    "auc_unknown_eval": 0.9919283796296297
  },
  "OracleGatePseudoAdapt": {
    "stable_acc": 0.9958333333333333,
    "drift_acc_rx": 0.6606666666666666,
    "drift_acc_day": 0.5896666666666667,
    "drift_acc_all": 0.6251666666666666,
    "FRR_stable": 0.1545833333333333,
    "FAR_unknown_accept": 0.0,
    "miss_drift_rx": 0.14166666666666666,
    "miss_drift_day": 0.273,
    "miss_drift_all": 0.20733333333333334,
    "auc_unknown_eval": 0.9963556481481481
  },
  "OracleLabelAdapt": {
    "stable_acc": 0.99875,
    "drift_acc_rx": 0.9673333333333334,
    "drift_acc_day": 0.9993333333333333,
    "drift_acc_all": 0.9833333333333333,
    "FRR_stable": 0.33166666666666667,
    "FAR_unknown_accept": 0.0,
    "miss_drift_rx": 0.13833333333333334,
    "miss_drift_day": 0.22566666666666665,
    "miss_drift_all": 0.182,
    "auc_unknown_eval": 0.9944660185185186
  },
  "GatedAdapt": {
    "stable_acc": 0.9966666666666667,
    "drift_acc_rx": 0.665,
    "drift_acc_day": 0.6053333333333333,
    "drift_acc_all": 0.6351666666666667,
    "FRR_stable": 0.13041666666666663,
    "FAR_unknown_accept": 0.0,
    "miss_drift_rx": 0.15366666666666667,
    "miss_drift_day": 0.29233333333333333,
    "miss_drift_all": 0.223,
    "auc_unknown_eval": 0.9960381481481482
  },
  "GatedConfAdapt": {
    "stable_acc": 0.9970833333333333,
    "drift_acc_rx": 0.664,
    "drift_acc_day": 0.6053333333333333,
    "drift_acc_all": 0.6346666666666667,
    "FRR_stable": 0.13083333333333336,
    "FAR_unknown_accept": 0.0,
    "miss_drift_rx": 0.15433333333333332,
    "miss_drift_day": 0.293,
    "miss_drift_all": 0.22366666666666668,
    "auc_unknown_eval": 0.9958485185185185
  }
}