{
  "split": 4,
  "fold": 5,
  "false_drift_target": 0.05,
  "tau_id": -1.3065565824508667,
  "tau_dom": 2460.16357421875,
  "tau_conf": 0.9948583841323853,
  "pseudo_acc_rx": 0.6555,
  "pseudo_acc_day": 0.6101666666666666,
  "pseudo_acc_all": 0.6441666666666667,
  "gate_precision": 0.9131736526946108,
  "gate_recall": 0.1525,
  "gate_keep_ratio": 0.0668,
  "conf_precision": 0.9131736526946108,
  "conf_recall": 0.1525,
  "conf_keep_ratio": 0.0668,
  "conf_keep_given_gate": 1.0,
  "adapt_stream_size": 10000,
  "gate_size": 668,
  "conf_size": 668,
  "oracle_size": 4000,
  "NoAdapt": {
    "stable_acc": 0.99625,
    "drift_acc_rx": 0.662,
    "drift_acc_day": 0.595,
    "drift_acc_all": 0.6285,
    "FRR_stable": 0.09458333333333335,
    "FAR_unknown_accept": 0.0,
    "miss_drift_rx": 0.17533333333333334,
    "miss_drift_day": 0.342,
    "miss_drift_all": 0.25866666666666666,
    "auc_unknown_eval": 0.9955409259259259
  },
  "UngatedAdapt": {
    "stable_acc": 0.9958333333333333,
    "drift_acc_rx": 0.6603333333333333,
    "drift_acc_day": 0.5923333333333334,
    "drift_acc_all": 0.6263333333333333,
    "FRR_stable": 0.16833333333333333,
    "FAR_unknown_accept": 0.0,
    "miss_drift_rx": 0.16233333333333333,
    "miss_drift_day": 0.28633333333333333,
    "miss_drift_all": 0.22433333333333333,
    "auc_unknown_eval": 0.9919283796296297
  },
  "OracleGatePseudoAdapt": {
    "stable_acc": 0.9958333333333333,
    "drift_acc_rx": 0.6606666666666666,
    "drift_acc_day": 0.5896666666666667,
    "drift_acc_all": 0.6251666666666666,
    "FRR_stable": 0.10833333333333328,
    "FAR_unknown_accept": 0.0,
    "miss_drift_rx": 0.17033333333333334,
    "miss_drift_day": 0.3273333333333333,
    "miss_drift_all": 0.24883333333333332,
    "auc_unknown_eval": 0.9963556481481481
  },
  "OracleLabelAdapt": {
    "stable_acc": 0.99875,
    "drift_acc_rx": 0.9673333333333334,
    "drift_acc_day": 0.9993333333333333,
    "drift_acc_all": 0.9833333333333333,
    "FRR_stable": 0.2929166666666667,
    "FAR_unknown_accept": 0.0,
    "miss_drift_rx": 0.15966666666666668,
    "miss_drift_day": 0.265,
    "miss_drift_all": 0.21233333333333335,
    "auc_unknown_eval": 0.9944660185185186
  },
  "GatedAdapt": {
    "stable_acc": 0.9966666666666667,
    "drift_acc_rx": 0.6643333333333333,
    "drift_acc_day": 0.6056666666666667,
    "drift_acc_all": 0.635,
    "FRR_stable": 0.08083333333333331,
    "FAR_unknown_accept": 0.0,
    "miss_drift_rx": 0.188,
    "miss_drift_day": 0.359,
    "miss_drift_all": 0.2735,
    "auc_unknown_eval": 0.9957491666666668
  },
  "GatedConfAdapt": {
    "stable_acc": 0.9966666666666667,
    "drift_acc_rx": 0.6646666666666666,
    "drift_acc_day": 0.605,
    "drift_acc_all": 0.6348333333333334,
    "FRR_stable": 0.08250000000000002,
    "FAR_unknown_accept": 0.0,
    "miss_drift_rx": 0.186,
    "miss_drift_day": 0.357,
    "miss_drift_all": 0.2715,
    "auc_unknown_eval": 0.9959753240740741
  }
}