{
  "split": 4,
  "fold": 5,
  "false_drift_target": 0.01,
  "tau_id": -1.3065565824508667,
  "tau_dom": 5316.083984375,
  "tau_conf": 0.9948583841323853,
  "pseudo_acc_rx": 0.6555,
  "pseudo_acc_day": 0.6101666666666666,
  "pseudo_acc_all": 0.6441666666666667,
  "gate_precision": 0.8230088495575221,
  "gate_recall": 0.0465,
  "gate_keep_ratio": 0.0226,
  "conf_precision": 0.8230088495575221,
  "conf_recall": 0.0465,
  "conf_keep_ratio": 0.0226,
  "conf_keep_given_gate": 1.0,
  "adapt_stream_size": 10000,
  "gate_size": 226,
  "conf_size": 226,
  "oracle_size": 4000,
  "NoAdapt": {
    "stable_acc": 0.99625,
    "drift_acc_rx": 0.662,
    "drift_acc_day": 0.595,
    "drift_acc_all": 0.6285,
    "FRR_stable": 0.057916666666666616,
    "FAR_unknown_accept": 0.004,
    "miss_drift_rx": 0.2753333333333333,
    "miss_drift_day": 0.43033333333333335,
    "miss_drift_all": 0.35283333333333333,
    "auc_unknown_eval": 0.9955409259259259
  },
  "UngatedAdapt": {
    "stable_acc": 0.9958333333333333,
    "drift_acc_rx": 0.6603333333333333,
    "drift_acc_day": 0.5923333333333334,
    "drift_acc_all": 0.6263333333333333,
    "FRR_stable": 0.13708333333333333,
    "FAR_unknown_accept": 0.0033333333333333335,
    "miss_drift_rx": 0.247,
    "miss_drift_day": 0.36666666666666664,
    "miss_drift_all": 0.30683333333333335,
    "auc_unknown_eval": 0.9919283796296297
  },
  "OracleGatePseudoAdapt": {
    "stable_acc": 0.9958333333333333,
    "drift_acc_rx": 0.6606666666666666,
    "drift_acc_day": 0.5896666666666667,
    "drift_acc_all": 0.6251666666666666,
    "FRR_stable": 0.07374999999999998,
    "FAR_unknown_accept": 0.0005555555555555556,
    "miss_drift_rx": 0.242,
    "miss_drift_day": 0.4026666666666667,
    "miss_drift_all": 0.32233333333333336,
    "auc_unknown_eval": 0.9963556481481481
  },
  "OracleLabelAdapt": {
    "stable_acc": 0.99875,
    "drift_acc_rx": 0.9673333333333334,
    "drift_acc_day": 0.9993333333333333,
    "drift_acc_all": 0.9833333333333333,
    "FRR_stable": 0.27,
    "FAR_unknown_accept": 0.0,
    "miss_drift_rx": 0.18133333333333335,
    "miss_drift_day": 0.2996666666666667,
    "miss_drift_all": 0.2405,
    "auc_unknown_eval": 0.9944660185185186
  },
  "GatedAdapt": {
    "stable_acc": 0.9966666666666667,
    "drift_acc_rx": 0.6636666666666666,
    "drift_acc_day": 0.605,
    "drift_acc_all": 0.6343333333333333,
    "FRR_stable": 0.04625000000000001,
    "FAR_unknown_accept": 0.004333333333333333,
    "miss_drift_rx": 0.2853333333333333,
    "miss_drift_day": 0.44533333333333336,
    "miss_drift_all": 0.36533333333333334,
    "auc_unknown_eval": 0.99555375
  },
  "GatedConfAdapt": {
    "stable_acc": 0.9966666666666667,
    "drift_acc_rx": 0.6636666666666666,
    "drift_acc_day": 0.6036666666666667,
    "drift_acc_all": 0.6336666666666667,
    "FRR_stable": 0.04833333333333334,
    "FAR_unknown_accept": 0.004111111111111111,
    "miss_drift_rx": 0.285,
    "miss_drift_day": 0.44433333333333336,
    "miss_drift_all": 0.36466666666666664,
    "auc_unknown_eval": 0.9957571296296296
  }
}