{
  "train_loss": [
    0.4947648098071416,
    0.1466938933012662,
    0.052010351805775255,
    0.03146419185041278,
    0.023483921252880936,
    0.019030306277865613,
    0.014108164352364838,
    0.016043923052752183,
    0.012098374786890215,
    0.01380736335715348,
    0.01059669291091807,
    0.010109776288650379,
    0.009036473705674763,
    0.00795019771558819,
    0.006852012070292538,
    0.008598739428756138,
    0.0055947490687551045,
    0.005729586260255288,
    0.004564980826452719,
    0.00442773819474193,
    0.0053608114837617096,
    0.004195169367637761,
    0.00533158780782725,
    0.0037821028597170006,
    0.004166804069084012,
    0.002433569215268276,
    0.003795949792860214,
    0.003763979305383853,
    0.004304379880260159
  ],
  "train_acc": [
    0.7844907407407408,
    0.940625,
    0.9828703703703704,
    0.9896990740740741,
    0.9935185185185185,
    0.99375,
    0.9954861111111111,
    0.9943287037037037,
    0.9964120370370371,
    0.9954861111111111,
    0.9961805555555555,
    0.9961805555555555,
    0.9969907407407408,
    0.996875,
    0.9975694444444444,
    0.997337962962963,
    0.9980324074074074,
    0.9982638888888888,
    0.9982638888888888,
    0.9982638888888888,
    0.9983796296296297,
    0.9984953703703704,
    0.9987268518518518,
    0.9986111111111111,
    0.9986111111111111,
    0.9994212962962963,
    0.9988425925925926,
    0.9988425925925926,
    0.9982638888888888
  ],
  "val_loss": [
    1.842840854326884,
    1.0744890650113423,
    0.4897102872530619,
    0.3667488515377045,
    0.07529652789235115,
    0.1454378475745519,
    0.10767142747839292,
    0.04689415730535984,
    0.19615122576554617,
    0.06276944900552432,
    0.10964959313472113,
    0.07486066197355588,
    0.033577087831993896,
    0.09367071439822515,
    0.10541971375544866,
    0.022467367863282562,
    0.014806786032083134,
    0.011078351959198093,
    0.025775668614854415,
    0.02064819452352822,
    0.016462273771564166,
    0.022069650112340848,
    0.016941346678261957,
    0.02216912250344952,
    0.013183294779931505,
    0.015370038788144786,
    0.028362995913873115,
    0.01003151737774412,
    0.013888571923598648
  ],
  "val_acc": [
    0.5510416666666667,
    0.7364583333333333,
    0.8291666666666667,
    0.859375,
    0.9791666666666666,
    0.9447916666666667,
    0.9645833333333333,
    0.9864583333333333,
    0.9145833333333333,
    0.9791666666666666,
    0.9552083333333333,
    0.9708333333333333,
    0.99375,
    0.9552083333333333,
    0.9489583333333333,
    0.9947916666666666,
    0.9958333333333333,
    0.9958333333333333,
    0.99375,
    0.9958333333333333,
    0.996875,
    0.9947916666666666,
    0.9958333333333333,
    0.9958333333333333,
    0.996875,
    0.9958333333333333,
    0.9916666666666667,
    0.996875,
    0.996875
  ]
}