{
  "split": 3,
  "fold": 1,
  "acc": 0.9975,
  "auc_unknown": {
    "cosine_proto": 0.8994328125,
    "MSP": 0.8979338194444444,
    "Energy": 0.8678030555555555,
    "NegEntropy": 0.8972979861111111,
    "Margin": 0.8988578125000001,
    "EmbMaha": 0.9818934722222222
  },
  "auc_drRX": {
    "V1_minDist": 0.9328219328703704,
    "V1_softminDist": 0.9328219039351853,
    "V1_mixNLL": 0.9338597395833333,
    "V1_weightedMixNLL": 0.9268185995370369,
    "V0_deviceDist": 0.7752167939814816,
    "V2_rxPooledMinDist": 0.7444397453703704,
    "VZ_pca_minDist": 0.8924590046296297
  },
  "auc_drDAY": {
    "V1_minDist": 0.83877234375,
    "V1_softminDist": 0.8387723958333333,
    "V1_mixNLL": 0.8398741666666666,
    "V1_weightedMixNLL": 0.812706892361111,
    "V0_deviceDist": 0.6094265972222223,
    "V2_rxPooledMinDist": 0.44673041666666663,
    "VZ_pca_minDist": 0.7393981423611111
  }
}