{
  "train_loss": [
    1.4808274043496306,
    1.3190017736235116,
    1.2434756914768441,
    1.1974023690069449,
    1.1664203115110736,
    1.1387098166672573,
    1.118273052204385,
    1.0969397910062957,
    1.0826157100097762,
    1.068435906075441,
    1.0538993775039291,
    1.0440522857792063,
    1.031079532170051,
    1.0206261804313133,
    1.0138434145631527,
    1.0007580447121494,
    0.993953765064448,
    0.980144505205186,
    0.9711719615150398,
    0.9647194726268528,
    0.9529700478485521,
    0.9392132893185132,
    0.9324881417460674,
    0.9206092497202307,
    0.9103735796891519,
    0.8967834105365002,
    0.8873668582818779,
    0.8714150815712093,
    0.8665005746729298,
    0.8520101916327086
  ],
  "train_acc": [
    0.398093105844206,
    0.4788465992434185,
    0.5072184050027021,
    0.529645641936231,
    0.5407627576623176,
    0.549795414189763,
    0.5580946498880568,
    0.5625723770555083,
    0.5667026943565198,
    0.5764301706168455,
    0.5815255153246353,
    0.5830695591754805,
    0.5874314830541187,
    0.5909441828147919,
    0.5949972979232611,
    0.5996680305720683,
    0.602485910599861,
    0.6015208831930827,
    0.6121361846676445,
    0.6117501737049332,
    0.6147996603103528,
    0.6239867212228827,
    0.625221956303559,
    0.6301628966262642,
    0.6332895854242261,
    0.6381533235543889,
    0.641318613448622,
    0.6466841658303096,
    0.6505828765536942,
    0.6542499806994518
  ],
  "val_loss": [
    1.3478138366451355,
    1.2207352098613418,
    1.1605126903320535,
    1.1290397488714672,
    1.1168247467532102,
    1.0815350673031359,
    1.0768163487926137,
    1.0832778718672005,
    1.068735489793914,
    1.0643149399773955,
    1.0537853427774961,
    1.058843418862606,
    1.0566007487884903,
    1.0653169522524046,
    1.0445467751004616,
    1.0573261230252036,
    1.0374035797158905,
    1.0569985728035212,
    1.0552414050112175,
    1.0554793310132269,
    1.0455974073688383,
    1.050858383380845,
    1.070309683421654,
    1.0546148361805165,
    1.0553916730840973,
    1.0660618276046,
    1.0667848490939693,
    1.1032926064137372,
    1.0747362606802113,
    1.0812482160773023
  ],
  "val_acc": [
    0.475677553856845,
    0.5156358582348853,
    0.5399583043780403,
    0.5528144544822794,
    0.561501042390549,
    0.5719249478804725,
    0.5639332870048644,
    0.5656706045865184,
    0.5778318276580959,
    0.5833912439193885,
    0.5767894371091036,
    0.5750521195274496,
    0.5802640722724114,
    0.5813064628214037,
    0.5764419735927727,
    0.5781792911744267,
    0.5840861709520501,
    0.5764419735927727,
    0.5847810979847116,
    0.5847810979847116,
    0.5840861709520501,
    0.5927727588603197,
    0.5778318276580959,
    0.5823488533703961,
    0.5913829047949966,
    0.5899930507296733,
    0.588950660180681,
    0.5757470465601112,
    0.5844336344683808,
    0.5879082696316886
  ]
}