{
  "fold": 4,
  "acc_in_domain": 0.5365718251214434,
  "auc_unknown_by_Sid": 0.5495413884973764,
  "auc_drift_by_Sdom": 0.6115319867729018,
  "tau_id": 0.736869215965271,
  "tau_dom": 123.83064270019531
}