{
  "tau_id_p05_stable": 0.736869215965271,
  "tau_dom_p95_stable": 123.83064270019531
}