{
  "split": 4,
  "fold": 2,
  "tau_id": -1.5161308646202087,
  "tau_dom": 2301.654101562495,
  "tau_conf": 0.9964522182941437,
  "pseudo_acc_rx": 0.5596666666666666,
  "pseudo_acc_day": 0.6503333333333333,
  "pseudo_acc_all": 0.605,
  "gate_precision": 0.8335664335664336,
  "gate_recall": 0.149,
  "gate_keep_ratio": 0.0715,
  "conf_precision": 0.8335664335664336,
  "conf_recall": 0.149,
  "conf_keep_ratio": 0.0715,
  "conf_keep_given_gate": 1.0,
  "adapt_stream_size": 10000,
  "gate_size": 715,
  "conf_size": 715,
  "oracle_size": 4000,
  "NoAdapt": {
    "stable_acc": 0.9970833333333333,
    "drift_acc_rx": 0.5596666666666666,
    "drift_acc_day": 0.6503333333333333,
    "drift_acc_all": 0.605,
    "FRR_stable": 0.0954166666666667,
    "FAR_unknown_accept": 0.0,
    "miss_drift_rx": 0.165,
    "miss_drift_day": 0.35,
    "miss_drift_all": 0.2575,
    "auc_unknown_eval": 0.9938860648148148
  },
  "UngatedAdapt": {
    "stable_acc": 0.9966666666666667,
    "drift_acc_rx": 0.563,
    "drift_acc_day": 0.6566666666666666,
    "drift_acc_all": 0.6098333333333333,
    "FRR_stable": 0.10583333333333333,
    "FAR_unknown_accept": 0.0,
    "miss_drift_rx": 0.162,
    "miss_drift_day": 0.33866666666666667,
    "miss_drift_all": 0.25033333333333335,
    "auc_unknown_eval": 0.9924021296296297
  },
  "GatedAdapt": {
    "stable_acc": 0.9970833333333333,
    "drift_acc_rx": 0.583,
    "drift_acc_day": 0.668,
    "drift_acc_all": 0.6255,
    "FRR_stable": 0.09250000000000003,
    "FAR_unknown_accept": 0.0,
    "miss_drift_rx": 0.16466666666666666,
    "miss_drift_day": 0.361,
    "miss_drift_all": 0.2628333333333333,
    "auc_unknown_eval": 0.9939193055555556
  },
  "GatedConfAdapt": {
    "stable_acc": 0.9970833333333333,
    "drift_acc_rx": 0.585,
    "drift_acc_day": 0.6676666666666666,
    "drift_acc_all": 0.6263333333333333,
    "FRR_stable": 0.09166666666666667,
    "FAR_unknown_accept": 0.0,
    "miss_drift_rx": 0.16433333333333333,
    "miss_drift_day": 0.35933333333333334,
    "miss_drift_all": 0.2618333333333333,
    "auc_unknown_eval": 0.9938607870370371
  },
  "OracleGatePseudoAdapt": {
    "stable_acc": 0.9966666666666667,
    "drift_acc_rx": 0.5606666666666666,
    "drift_acc_day": 0.6513333333333333,
    "drift_acc_all": 0.606,
    "FRR_stable": 0.16666666666666663,
    "FAR_unknown_accept": 0.0,
    "miss_drift_rx": 0.154,
    "miss_drift_day": 0.32766666666666666,
    "miss_drift_all": 0.24083333333333334,
    "auc_unknown_eval": 0.9887562962962964
  },
  "OracleLabelAdapt": {
    "stable_acc": 0.99875,
    "drift_acc_rx": 0.9376666666666666,
    "drift_acc_day": 0.996,
    "drift_acc_all": 0.9668333333333333,
    "FRR_stable": 0.4945833333333334,
    "FAR_unknown_accept": 0.0,
    "miss_drift_rx": 0.019,
    "miss_drift_day": 0.09866666666666667,
    "miss_drift_all": 0.058833333333333335,
    "auc_unknown_eval": 0.9908898148148148
  }
}