{
  "train_loss": [
    0.44214370802596764,
    0.10720003720510889,
    0.04130589080353578,
    0.027558590923608454,
    0.02394869561065678,
    0.015453948861815864,
    0.015783106038967768,
    0.012710048522179326,
    0.010599217741508727,
    0.009798852813913038,
    0.007126813192196466,
    0.008988129687323062,
    0.007703178454431947,
    0.006980407845522105,
    0.007068770662105332,
    0.005787635900735579,
    0.00503267851114894,
    0.00768671876608601,
    0.007199327789109062,
    0.0062546625847635035
  ],
  "train_acc": [
    0.8019675925925925,
    0.9622685185185185,
    0.9869212962962963,
    0.9923611111111111,
    0.9920138888888889,
    0.9952546296296296,
    0.9949074074074075,
    0.9960648148148148,
    0.9967592592592592,
    0.9972222222222222,
    0.997800925925926,
    0.9969907407407408,
    0.9976851851851852,
    0.9976851851851852,
    0.997800925925926,
    0.9981481481481481,
    0.9982638888888888,
    0.996875,
    0.9969907407407408,
    0.9976851851851852
  ],
  "val_loss": [
    1.4328945318857829,
    0.3525535037120183,
    0.2214957575003306,
    0.13753210802872975,
    0.07932098855574926,
    0.05550310624142488,
    0.04803569590051969,
    0.06338887562354406,
    0.045673138772447906,
    0.030544920079410075,
    0.03247409214576085,
    0.037913262968262036,
    0.0638132115205129,
    0.06636416589220365,
    0.04431634719173114,
    0.02030433372904857,
    0.02828059991200765,
    0.016738883079960944,
    0.028183525412653884,
    0.029886803838113943
  ],
  "val_acc": [
    0.5697916666666667,
    0.8552083333333333,
    0.9208333333333333,
    0.9666666666666667,
    0.9802083333333333,
    0.9864583333333333,
    0.9854166666666667,
    0.9833333333333333,
    0.99375,
    0.9916666666666667,
    0.99375,
    0.9947916666666666,
    0.9885416666666667,
    0.9864583333333333,
    0.9916666666666667,
    0.9947916666666666,
    0.99375,
    0.9947916666666666,
    0.9916666666666667,
    0.99375
  ]
}