{
  "split": 9,
  "fold": 5,
  "acc": 0.99125,
  "auc_unknown": 0.9908136111111111,
  "auc_drift_rx": 0.9258101331018518,
  "auc_drift_day": 0.8160014756944445,
  "tau_id": -1.5543757677078247,
  "tau_dom": 2192.666748046875,
  "FRR_stable": 0.08791666666666664,
  "false_drift_stable": 0.03791666666666667,
  "FAR_unknown_accept": 0.0168,
  "miss_drift": 0.3080833333333333,
  "confusion_matrix": [
    [
      2189,
      91,
      120
    ],
    [
      14788,
      8878,
      24334
    ],
    [
      504,
      2034,
      27462
    ]
  ]
}