{
  "tau_id": -1.5543757677078247,
  "tau_dom": 2192.666748046875
}