{
  "split": 4,
  "fold": 5,
  "tau_id": -1.2244142830371856,
  "tau_dom": 2410.104467773433,
  "gate_precision": 0.8027638190954773,
  "gate_recall": 0.15975,
  "gate_keep_ratio": 0.0796,
  "adapt_stream_size": 10000,
  "gated_size": 796,
  "oracle_size": 4000,
  "NoAdapt": {
    "stable_acc": 0.99625,
    "drift_acc_rx": 0.5916666666666667,
    "drift_acc_day": 0.6603333333333333,
    "drift_acc_all": 0.626,
    "FRR_stable": 0.09833333333333338,
    "FAR_unknown_accept": 0.00011111111111111112,
    "miss_drift_rx": 0.193,
    "miss_drift_day": 0.3393333333333333,
    "miss_drift_all": 0.26616666666666666,
    "auc_unknown_eval": 0.992788287037037
  },
  "UngatedAdapt": {
    "stable_acc": 0.9966666666666667,
    "drift_acc_rx": 0.5883333333333334,
    "drift_acc_day": 0.6573333333333333,
    "drift_acc_all": 0.6228333333333333,
    "FRR_stable": 0.08916666666666662,
    "FAR_unknown_accept": 0.00011111111111111112,
    "miss_drift_rx": 0.19333333333333333,
    "miss_drift_day": 0.3426666666666667,
    "miss_drift_all": 0.268,
    "auc_unknown_eval": 0.991829675925926
  },
  "GatedAdapt": {
    "stable_acc": 0.9970833333333333,
    "drift_acc_rx": 0.595,
    "drift_acc_day": 0.671,
    "drift_acc_all": 0.633,
    "FRR_stable": 0.0920833333333333,
    "FAR_unknown_accept": 0.00011111111111111112,
    "miss_drift_rx": 0.19266666666666668,
    "miss_drift_day": 0.342,
    "miss_drift_all": 0.2673333333333333,
    "auc_unknown_eval": 0.993004351851852
  },
  "OracleGateAdapt": {
    "stable_acc": 0.9954166666666666,
    "drift_acc_rx": 0.5836666666666667,
    "drift_acc_day": 0.656,
    "drift_acc_all": 0.6198333333333333,
    "FRR_stable": 0.0954166666666667,
    "FAR_unknown_accept": 0.0,
    "miss_drift_rx": 0.18866666666666668,
    "miss_drift_day": 0.3393333333333333,
    "miss_drift_all": 0.264,
    "auc_unknown_eval": 0.9919451388888889
  }
}