{
  "split": 5,
  "fold": 3,
  "false_drift_target": 0.1,
  "tau_id": -1.638677716255188,
  "tau_dom": 1807.86181640625,
  "tau_conf": 0.9990556836128235,
  "pseudo_acc_rx": 0.599,
  "pseudo_acc_day": 0.718,
  "pseudo_acc_all": 0.62875,
  "gate_precision": 0.20290607161390764,
  "gate_recall": 0.1955,
  "gate_keep_ratio": 0.3854,
  "conf_precision": 0.20280446637237082,
  "conf_recall": 0.19525,
  "conf_keep_ratio": 0.3851,
  "conf_keep_given_gate": 0.9992215879605605,
  "adapt_stream_size": 10000,
  "gate_size": 3854,
  "conf_size": 3851,
  "oracle_size": 4000,
  "NoAdapt": {
    "stable_acc": 0.9970833333333333,
    "drift_acc_rx": 0.591,
    "drift_acc_day": 0.728,
    "drift_acc_all": 0.6595,
    "FRR_stable": 0.1429166666666667,
    "FAR_unknown_accept": 0.2786666666666667,
    "miss_drift_rx": 0.06333333333333334,
    "miss_drift_day": 0.2713333333333333,
    "miss_drift_all": 0.16733333333333333,
    "auc_unknown_eval": 0.7379511111111111
  },
  "UngatedAdapt": {
    "stable_acc": 0.9975,
    "drift_acc_rx": 0.5856666666666667,
    "drift_acc_day": 0.72,
    "drift_acc_all": 0.6528333333333334,
    "FRR_stable": 0.14583333333333337,
    "FAR_unknown_accept": 0.26155555555555554,
    "miss_drift_rx": 0.063,
    "miss_drift_day": 0.26566666666666666,
    "miss_drift_all": 0.16433333333333333,
    "auc_unknown_eval": 0.760787962962963
  },
  "OracleGatePseudoAdapt": {
    "stable_acc": 0.9975,
    "drift_acc_rx": 0.5883333333333334,
    "drift_acc_day": 0.7183333333333334,
    "drift_acc_all": 0.6533333333333333,
    "FRR_stable": 0.16874999999999996,
    "FAR_unknown_accept": 0.2768888888888889,
    "miss_drift_rx": 0.06466666666666666,
    "miss_drift_day": 0.2776666666666667,
    "miss_drift_all": 0.17116666666666666,
    "auc_unknown_eval": 0.706177962962963
  },
  "OracleLabelAdapt": {
    "stable_acc": 0.9991666666666666,
    "drift_acc_rx": 0.915,
    "drift_acc_day": 0.987,
    "drift_acc_all": 0.951,
    "FRR_stable": 0.33666666666666667,
    "FAR_unknown_accept": 0.05355555555555556,
    "miss_drift_rx": 0.048666666666666664,
    "miss_drift_day": 0.09233333333333334,
    "miss_drift_all": 0.0705,
    "auc_unknown_eval": 0.8446951851851852
  },
  "GatedAdapt": {
    "stable_acc": 0.9979166666666667,
    "drift_acc_rx": 0.6086666666666667,
    "drift_acc_day": 0.739,
    "drift_acc_all": 0.6738333333333333,
    "FRR_stable": 0.13666666666666671,
    "FAR_unknown_accept": 0.2787777777777778,
    "miss_drift_rx": 0.06766666666666667,
    "miss_drift_day": 0.276,
    "miss_drift_all": 0.17183333333333334,
    "auc_unknown_eval": 0.7446698611111111
  },
  "GatedConfAdapt": {
    "stable_acc": 0.9979166666666667,
    "drift_acc_rx": 0.6086666666666667,
    "drift_acc_day": 0.7383333333333333,
    "drift_acc_all": 0.6735,
    "FRR_stable": 0.13666666666666671,
    "FAR_unknown_accept": 0.2786666666666667,
    "miss_drift_rx": 0.06766666666666667,
    "miss_drift_day": 0.27566666666666667,
    "miss_drift_all": 0.17166666666666666,
    "auc_unknown_eval": 0.7473252546296296
  }
}