{
  "split": 5,
  "fold": 3,
  "false_drift_target": 0.05,
  "tau_id": -1.638677716255188,
  "tau_dom": 2450.24169921875,
  "tau_conf": 0.9990556836128235,
  "pseudo_acc_rx": 0.599,
  "pseudo_acc_day": 0.718,
  "pseudo_acc_all": 0.62875,
  "gate_precision": 0.2215568862275449,
  "gate_recall": 0.13875,
  "gate_keep_ratio": 0.2505,
  "conf_precision": 0.2217339192968438,
  "conf_recall": 0.13875,
  "conf_keep_ratio": 0.2503,
  "conf_keep_given_gate": 0.9992015968063872,
  "adapt_stream_size": 10000,
  "gate_size": 2505,
  "conf_size": 2503,
  "oracle_size": 4000,
  "NoAdapt": {
    "stable_acc": 0.9970833333333333,
    "drift_acc_rx": 0.591,
    "drift_acc_day": 0.728,
    "drift_acc_all": 0.6595,
    "FRR_stable": 0.09458333333333335,
    "FAR_unknown_accept": 0.4661111111111111,
    "miss_drift_rx": 0.10666666666666667,
    "miss_drift_day": 0.32766666666666666,
    "miss_drift_all": 0.21716666666666667,
    "auc_unknown_eval": 0.7379511111111111
  },
  "UngatedAdapt": {
    "stable_acc": 0.9975,
    "drift_acc_rx": 0.5856666666666667,
    "drift_acc_day": 0.72,
    "drift_acc_all": 0.6528333333333334,
    "FRR_stable": 0.09791666666666665,
    "FAR_unknown_accept": 0.4388888888888889,
    "miss_drift_rx": 0.10833333333333334,
    "miss_drift_day": 0.322,
    "miss_drift_all": 0.21516666666666667,
    "auc_unknown_eval": 0.760787962962963
  },
  "OracleGatePseudoAdapt": {
    "stable_acc": 0.9975,
    "drift_acc_rx": 0.5883333333333334,
    "drift_acc_day": 0.7183333333333334,
    "drift_acc_all": 0.6533333333333333,
    "FRR_stable": 0.12083333333333335,
    "FAR_unknown_accept": 0.463,
    "miss_drift_rx": 0.10933333333333334,
    "miss_drift_day": 0.334,
    "miss_drift_all": 0.22166666666666668,
    "auc_unknown_eval": 0.706177962962963
  },
  "OracleLabelAdapt": {
    "stable_acc": 0.9991666666666666,
    "drift_acc_rx": 0.915,
    "drift_acc_day": 0.987,
    "drift_acc_all": 0.951,
    "FRR_stable": 0.30374999999999996,
    "FAR_unknown_accept": 0.09866666666666667,
    "miss_drift_rx": 0.056666666666666664,
    "miss_drift_day": 0.12066666666666667,
    "miss_drift_all": 0.08866666666666667,
    "auc_unknown_eval": 0.8446951851851852
  },
  "GatedAdapt": {
    "stable_acc": 0.9979166666666667,
    "drift_acc_rx": 0.6063333333333333,
    "drift_acc_day": 0.738,
    "drift_acc_all": 0.6721666666666667,
    "FRR_stable": 0.0904166666666667,
    "FAR_unknown_accept": 0.4661111111111111,
    "miss_drift_rx": 0.11,
    "miss_drift_day": 0.3313333333333333,
    "miss_drift_all": 0.22066666666666668,
    "auc_unknown_eval": 0.7380515740740742
  },
  "GatedConfAdapt": {
    "stable_acc": 0.9979166666666667,
    "drift_acc_rx": 0.6073333333333333,
    "drift_acc_day": 0.7383333333333333,
    "drift_acc_all": 0.6728333333333333,
    "FRR_stable": 0.08875,
    "FAR_unknown_accept": 0.4662222222222222,
    "miss_drift_rx": 0.111,
    "miss_drift_day": 0.332,
    "miss_drift_all": 0.2215,
    "auc_unknown_eval": 0.7442665046296295
  }
}