{
  "split": 5,
  "fold": 3,
  "false_drift_target": 0.2,
  "tau_id": -1.638677716255188,
  "tau_dom": 1063.5816650390625,
  "tau_conf": 0.9990556836128235,
  "pseudo_acc_rx": 0.599,
  "pseudo_acc_day": 0.718,
  "pseudo_acc_all": 0.62875,
  "gate_precision": 0.21736049601417184,
  "gate_recall": 0.30675,
  "gate_keep_ratio": 0.5645,
  "conf_precision": 0.21465409923528367,
  "conf_recall": 0.30175,
  "conf_keep_ratio": 0.5623,
  "conf_keep_given_gate": 0.9961027457927369,
  "adapt_stream_size": 10000,
  "gate_size": 5645,
  "conf_size": 5623,
  "oracle_size": 4000,
  "NoAdapt": {
    "stable_acc": 0.9970833333333333,
    "drift_acc_rx": 0.591,
    "drift_acc_day": 0.728,
    "drift_acc_all": 0.6595,
    "FRR_stable": 0.23958333333333337,
    "FAR_unknown_accept": 0.05544444444444444,
    "miss_drift_rx": 0.012666666666666666,
    "miss_drift_day": 0.103,
    "miss_drift_all": 0.057833333333333334,
    "auc_unknown_eval": 0.7379511111111111
  },
  "UngatedAdapt": {
    "stable_acc": 0.9975,
    "drift_acc_rx": 0.5856666666666667,
    "drift_acc_day": 0.72,
    "drift_acc_all": 0.6528333333333334,
    "FRR_stable": 0.24208333333333332,
    "FAR_unknown_accept": 0.05433333333333333,
    "miss_drift_rx": 0.013666666666666667,
    "miss_drift_day": 0.098,
    "miss_drift_all": 0.05583333333333333,
    "auc_unknown_eval": 0.760787962962963
  },
  "OracleGatePseudoAdapt": {
    "stable_acc": 0.9975,
    "drift_acc_rx": 0.5883333333333334,
    "drift_acc_day": 0.7183333333333334,
    "drift_acc_all": 0.6533333333333333,
    "FRR_stable": 0.26416666666666666,
    "FAR_unknown_accept": 0.05466666666666667,
    "miss_drift_rx": 0.014666666666666666,
    "miss_drift_day": 0.11133333333333334,
    "miss_drift_all": 0.063,
    "auc_unknown_eval": 0.706177962962963
  },
  "OracleLabelAdapt": {
    "stable_acc": 0.9991666666666666,
    "drift_acc_rx": 0.915,
    "drift_acc_day": 0.987,
    "drift_acc_all": 0.951,
    "FRR_stable": 0.4029166666666667,
    "FAR_unknown_accept": 0.005555555555555556,
    "miss_drift_rx": 0.014666666666666666,
    "miss_drift_day": 0.04633333333333333,
    "miss_drift_all": 0.0305,
    "auc_unknown_eval": 0.8446951851851852
  },
  "GatedAdapt": {
    "stable_acc": 0.9979166666666667,
    "drift_acc_rx": 0.6083333333333333,
    "drift_acc_day": 0.7383333333333333,
    "drift_acc_all": 0.6733333333333333,
    "FRR_stable": 0.23375,
    "FAR_unknown_accept": 0.05544444444444444,
    "miss_drift_rx": 0.015,
    "miss_drift_day": 0.108,
    "miss_drift_all": 0.0615,
    "auc_unknown_eval": 0.7464966666666666
  },
  "GatedConfAdapt": {
    "stable_acc": 0.9979166666666667,
    "drift_acc_rx": 0.6083333333333333,
    "drift_acc_day": 0.7383333333333333,
    "drift_acc_all": 0.6733333333333333,
    "FRR_stable": 0.23333333333333328,
    "FAR_unknown_accept": 0.05544444444444444,
    "miss_drift_rx": 0.015,
    "miss_drift_day": 0.10733333333333334,
    "miss_drift_all": 0.06116666666666667,
    "auc_unknown_eval": 0.74933375
  }
}