{
  "split": 5,
  "fold": 3,
  "false_drift_target": 0.01,
  "tau_id": -1.638677716255188,
  "tau_dom": 5331.3408203125,
  "tau_conf": 0.9990556836128235,
  "pseudo_acc_rx": 0.599,
  "pseudo_acc_day": 0.718,
  "pseudo_acc_all": 0.62875,
  "gate_precision": 0.24784217016029594,
  "gate_recall": 0.05025,
  "gate_keep_ratio": 0.0811,
  "conf_precision": 0.24814814814814815,
  "conf_recall": 0.05025,
  "conf_keep_ratio": 0.081,
  "conf_keep_given_gate": 0.998766954377312,
  "adapt_stream_size": 10000,
  "gate_size": 811,
  "conf_size": 810,
  "oracle_size": 4000,
  "NoAdapt": {
    "stable_acc": 0.9970833333333333,
    "drift_acc_rx": 0.591,
    "drift_acc_day": 0.728,
    "drift_acc_all": 0.6595,
    "FRR_stable": 0.05958333333333332,
    "FAR_unknown_accept": 0.6907777777777778,
    "miss_drift_rx": 0.179,
    "miss_drift_day": 0.443,
    "miss_drift_all": 0.311,
    "auc_unknown_eval": 0.7379511111111111
  },
  "UngatedAdapt": {
    "stable_acc": 0.9975,
    "drift_acc_rx": 0.5856666666666667,
    "drift_acc_day": 0.72,
    "drift_acc_all": 0.6528333333333334,
    "FRR_stable": 0.06291666666666662,
    "FAR_unknown_accept": 0.6255555555555555,
    "miss_drift_rx": 0.18066666666666667,
    "miss_drift_day": 0.43766666666666665,
    "miss_drift_all": 0.30916666666666665,
    "auc_unknown_eval": 0.760787962962963
  },
  "OracleGatePseudoAdapt": {
    "stable_acc": 0.9975,
    "drift_acc_rx": 0.5883333333333334,
    "drift_acc_day": 0.7183333333333334,
    "drift_acc_all": 0.6533333333333333,
    "FRR_stable": 0.08750000000000002,
    "FAR_unknown_accept": 0.6756666666666666,
    "miss_drift_rx": 0.18133333333333335,
    "miss_drift_day": 0.449,
    "miss_drift_all": 0.31516666666666665,
    "auc_unknown_eval": 0.706177962962963
  },
  "OracleLabelAdapt": {
    "stable_acc": 0.9991666666666666,
    "drift_acc_rx": 0.915,
    "drift_acc_day": 0.987,
    "drift_acc_all": 0.951,
    "FRR_stable": 0.27541666666666664,
    "FAR_unknown_accept": 0.143,
    "miss_drift_rx": 0.06233333333333333,
    "miss_drift_day": 0.19466666666666665,
    "miss_drift_all": 0.1285,
    "auc_unknown_eval": 0.8446951851851852
  },
  "GatedAdapt": {
    "stable_acc": 0.9979166666666667,
    "drift_acc_rx": 0.6083333333333333,
    "drift_acc_day": 0.7386666666666667,
    "drift_acc_all": 0.6735,
    "FRR_stable": 0.054166666666666696,
    "FAR_unknown_accept": 0.6902222222222222,
    "miss_drift_rx": 0.18333333333333332,
    "miss_drift_day": 0.44766666666666666,
    "miss_drift_all": 0.3155,
    "auc_unknown_eval": 0.7421510648148149
  },
  "GatedConfAdapt": {
    "stable_acc": 0.9979166666666667,
    "drift_acc_rx": 0.6073333333333333,
    "drift_acc_day": 0.7386666666666667,
    "drift_acc_all": 0.673,
    "FRR_stable": 0.05541666666666667,
    "FAR_unknown_accept": 0.6906666666666667,
    "miss_drift_rx": 0.18233333333333332,
    "miss_drift_day": 0.44666666666666666,
    "miss_drift_all": 0.3145,
    "auc_unknown_eval": 0.7385751388888889
  }
}