{
  "split": 2,
  "fold": 2,
  "acc": 0.9958333333333333,
  "auc_unknown": 0.9963209722222222,
  "auc_drift_rx": 0.9227141435185185,
  "auc_drift_day": 0.8262947222222222,
  "tau_id_single": -961.4654174804688,
  "tau_dom_single": 2535.776013183593,
  "tau_id_low": -2039.2845117187499,
  "tau_id_high": -713.7958862304688,
  "tau_dom_dual": 2535.776013183593,
  "single": {
    "FRR_stable": 0.0954166666666667,
    "false_drift_stable": 0.04541666666666667,
    "FAR_unknown_accept": 0.0,
    "miss_drift": 0.26027083333333334
  },
  "dual_conservative": {
    "FRR_stable": 0.1429166666666667,
    "false_drift_stable": 0.0475,
    "FAR_unknown_accept": 0.0,
    "miss_drift": 0.23870833333333333
  },
  "dual_balanced": {
    "FRR_stable": 0.057499999999999996,
    "false_drift_stable": 0.0475,
    "FAR_unknown_accept": 0.0008333333333333334,
    "miss_drift": 0.3227291666666667
  },
  "confusion_matrix_single": [
    [
      2171,
      109,
      120
    ],
    [
      12493,
      5553,
      29954
    ],
    [
      0,
      173,
      29827
    ]
  ],
  "confusion_matrix_dual_conservative": [
    [
      2057,
      114,
      229
    ],
    [
      11458,
      7630,
      28912
    ],
    [
      0,
      704,
      29296
    ]
  ],
  "confusion_matrix_dual_balanced": [
    [
      2262,
      114,
      24
    ],
    [
      15491,
      7630,
      24879
    ],
    [
      25,
      704,
      29271
    ]
  ],
  "semantic_region_counts": {
    "0": 13515,
    "1": 5137,
    "2": 13180,
    "3": 40994,
    "4": 4263,
    "5": 3311
  }
}