{
  "tau_id_single": -961.4654174804688,
  "tau_dom_single": 2535.776013183593,
  "tau_id_low": -2039.2845117187499,
  "tau_id_high": -713.7958862304688,
  "tau_dom_dual": 2535.776013183593
}