{
  "split": 4,
  "fold": 4,
  "tau_id": -1.1905224084854127,
  "tau_dom": 2247.5460205078116,
  "thr_precision": 0.9333333333333333,
  "thr_recall": 0.133,
  "thr_keep_ratio": 0.057,
  "topq_precision": 0.9250493096646942,
  "topq_recall": 0.11725,
  "topq_keep_ratio": 0.0507,
  "adapt_stream_size": 10000,
  "thr_size": 570,
  "topq_size": 507,
  "oracle_size": 4000,
  "NoAdapt": {
    "stable_acc": 0.99875,
    "drift_acc_rx": 0.655,
    "drift_acc_day": 0.849,
    "drift_acc_all": 0.752,
    "FRR_stable": 0.0954166666666667,
    "FAR_unknown_accept": 0.00011111111111111112,
    "miss_drift_rx": 0.19666666666666666,
    "miss_drift_day": 0.36233333333333334,
    "miss_drift_all": 0.2795,
    "auc_unknown_eval": 0.9970262037037035
  },
  "UngatedAdapt": {
    "stable_acc": 0.99875,
    "drift_acc_rx": 0.6523333333333333,
    "drift_acc_day": 0.8466666666666667,
    "drift_acc_all": 0.7495,
    "FRR_stable": 0.0970833333333333,
    "FAR_unknown_accept": 0.0,
    "miss_drift_rx": 0.19833333333333333,
    "miss_drift_day": 0.363,
    "miss_drift_all": 0.2806666666666667,
    "auc_unknown_eval": 0.996423148148148
  },
  "GatedAdapt": {
    "stable_acc": 0.99875,
    "drift_acc_rx": 0.6586666666666666,
    "drift_acc_day": 0.8523333333333334,
    "drift_acc_all": 0.7555,
    "FRR_stable": 0.09499999999999997,
    "FAR_unknown_accept": 0.00011111111111111112,
    "miss_drift_rx": 0.19633333333333333,
    "miss_drift_day": 0.362,
    "miss_drift_all": 0.2791666666666667,
    "auc_unknown_eval": 0.9970125925925926
  },
  "GatedTopQAdapt": {
    "stable_acc": 0.99875,
    "drift_acc_rx": 0.655,
    "drift_acc_day": 0.8503333333333334,
    "drift_acc_all": 0.7526666666666667,
    "FRR_stable": 0.09583333333333333,
    "FAR_unknown_accept": 0.00011111111111111112,
    "miss_drift_rx": 0.19666666666666666,
    "miss_drift_day": 0.36233333333333334,
    "miss_drift_all": 0.2795,
    "auc_unknown_eval": 0.9970270833333335
  },
  "OracleGateAdapt": {
    "stable_acc": 0.99875,
    "drift_acc_rx": 0.6513333333333333,
    "drift_acc_day": 0.8476666666666667,
    "drift_acc_all": 0.7495,
    "FRR_stable": 0.10250000000000004,
    "FAR_unknown_accept": 0.00011111111111111112,
    "miss_drift_rx": 0.20033333333333334,
    "miss_drift_day": 0.36466666666666664,
    "miss_drift_all": 0.2825,
    "auc_unknown_eval": 0.9967374999999999
  }
}