{
  "split": 3,
  "fold": 1,
  "acc": 0.9975,
  "auc_unknown": 0.9887571527777779,
  "auc_drift_rx": 0.933435642361111,
  "auc_drift_day": 0.8275933333333333,
  "tau_id": -1031.63427734375,
  "tau_dom": 1927.4310302734375,
  "FRR_stable": 0.09166666666666667,
  "false_drift_stable": 0.041666666666666664,
  "FAR_unknown_accept": 0.07243333333333334,
  "miss_drift": 0.2920833333333333,
  "confusion_matrix": [
    [
      2180,
      100,
      120
    ],
    [
      14020,
      7155,
      26825
    ],
    [
      2173,
      2816,
      25011
    ]
  ]
}