{
  "tau_id": -1031.63427734375,
  "tau_dom": 1927.4310302734375
}