{
  "train_loss": [
    0.6034003321771269,
    0.18481137305498124,
    0.07352341935038567,
    0.050191964284965286,
    0.03048408031463623,
    0.023141965794342537,
    0.021118888457271237,
    0.020113049740730613,
    0.01563976037626465,
    0.01424480606198173,
    0.011007856312035411,
    0.00957067372467093,
    0.008843812827210598,
    0.00920005888738497,
    0.00975038170883501,
    0.007929142395948508,
    0.00832544046031587,
    0.007470879511459282,
    0.005595600057427806,
    0.0056064622401242594,
    0.006618294206284055,
    0.006271015536643703,
    0.0055188590395523025,
    0.006102208627594842,
    0.003867070861936857,
    0.005898080756715327,
    0.004699869689971416,
    0.003099539253916764
  ],
  "train_acc": [
    0.728125,
    0.9289351851851851,
    0.9769675925925926,
    0.9835648148148148,
    0.9907407407407407,
    0.99375,
    0.9929398148148149,
    0.9920138888888889,
    0.9940972222222222,
    0.9951388888888889,
    0.9956018518518519,
    0.9971064814814815,
    0.9971064814814815,
    0.9969907407407408,
    0.9966435185185185,
    0.9974537037037037,
    0.996875,
    0.9969907407407408,
    0.9983796296296297,
    0.9979166666666667,
    0.9979166666666667,
    0.9979166666666667,
    0.9975694444444444,
    0.997800925925926,
    0.9987268518518518,
    0.997800925925926,
    0.9982638888888888,
    0.9990740740740741
  ],
  "val_loss": [
    1.9346924304962159,
    0.9474849541982014,
    0.7789597670237224,
    0.3500724812348684,
    0.08047208401064078,
    0.07779987578590711,
    0.05751829308768113,
    0.0581949844956398,
    0.056086395184199014,
    0.0652685838441054,
    0.023415504613270362,
    0.03341755419969559,
    0.01010031181698044,
    0.010266549827065319,
    0.013911858961607019,
    0.015277211593153575,
    0.007575490236437569,
    0.010811804716164867,
    0.022911990030358233,
    0.005466884033133586,
    0.008290222228970379,
    0.010222363099455834,
    0.0180576637678314,
    0.002918079283942158,
    0.0030369553074706345,
    0.010048336419276892,
    0.010360763401452762,
    0.012342868496974309
  ],
  "val_acc": [
    0.5072916666666667,
    0.7010416666666667,
    0.7354166666666667,
    0.8552083333333333,
    0.9822916666666667,
    0.9802083333333333,
    0.9854166666666667,
    0.9854166666666667,
    0.9864583333333333,
    0.9791666666666666,
    0.990625,
    0.9885416666666667,
    0.9958333333333333,
    0.9958333333333333,
    0.99375,
    0.9947916666666666,
    0.996875,
    0.996875,
    0.990625,
    0.9989583333333333,
    0.9979166666666667,
    0.9958333333333333,
    0.9947916666666666,
    0.9989583333333333,
    0.9989583333333333,
    0.9958333333333333,
    0.9958333333333333,
    0.9958333333333333
  ]
}