{
  "fold": 5,
  "acc_in_domain": 0.9979166666666667,
  "auc_unknown": 0.9533290277777777,
  "auc_drift_rx": 0.8004921469907408,
  "auc_drift_day": 0.6195846006944445,
  "tau_id": 0.9639086067676544,
  "tau_dom": 3957.2194580078094
}