{
  "split": 2,
  "fold": 3,
  "tau_id": -1.4577819526195526,
  "tau_dom": 2512.735119628905,
  "tau_conf": 0.9971086204051971,
  "pseudo_acc_rx": 0.6426666666666667,
  "pseudo_acc_day": 0.6273333333333333,
  "pseudo_acc_all": 0.635,
  "gate_precision": 0.8652373660030628,
  "gate_recall": 0.14125,
  "gate_keep_ratio": 0.0653,
  "conf_precision": 0.8652373660030628,
  "conf_recall": 0.14125,
  "conf_keep_ratio": 0.0653,
  "conf_keep_given_gate": 1.0,
  "adapt_stream_size": 10000,
  "gate_size": 653,
  "conf_size": 653,
  "oracle_size": 4000,
  "NoAdapt": {
    "stable_acc": 0.99625,
    "drift_acc_rx": 0.6426666666666667,
    "drift_acc_day": 0.6273333333333333,
    "drift_acc_all": 0.635,
    "FRR_stable": 0.09375,
    "FAR_unknown_accept": 0.00011111111111111112,
    "miss_drift_rx": 0.21633333333333332,
    "miss_drift_day": 0.376,
    "miss_drift_all": 0.2961666666666667,
    "auc_unknown_eval": 0.9948975925925927
  },
  "UngatedAdapt": {
    "stable_acc": 0.9979166666666667,
    "drift_acc_rx": 0.6466666666666666,
    "drift_acc_day": 0.6193333333333333,
    "drift_acc_all": 0.633,
    "FRR_stable": 0.11124999999999996,
    "FAR_unknown_accept": 0.0,
    "miss_drift_rx": 0.19033333333333333,
    "miss_drift_day": 0.38133333333333336,
    "miss_drift_all": 0.28583333333333333,
    "auc_unknown_eval": 0.996801851851852
  },
  "GatedAdapt": {
    "stable_acc": 0.99875,
    "drift_acc_rx": 0.65,
    "drift_acc_day": 0.6856666666666666,
    "drift_acc_all": 0.6678333333333333,
    "FRR_stable": 0.08833333333333337,
    "FAR_unknown_accept": 0.00011111111111111112,
    "miss_drift_rx": 0.21866666666666668,
    "miss_drift_day": 0.381,
    "miss_drift_all": 0.29983333333333334,
    "auc_unknown_eval": 0.9950866666666667
  },
  "GatedConfAdapt": {
    "stable_acc": 0.99875,
    "drift_acc_rx": 0.6496666666666666,
    "drift_acc_day": 0.692,
    "drift_acc_all": 0.6708333333333333,
    "FRR_stable": 0.10541666666666671,
    "FAR_unknown_accept": 0.00011111111111111112,
    "miss_drift_rx": 0.21733333333333332,
    "miss_drift_day": 0.377,
    "miss_drift_all": 0.2971666666666667,
    "auc_unknown_eval": 0.9961313888888889
  },
  "OracleGatePseudoAdapt": {
    "stable_acc": 0.9979166666666667,
    "drift_acc_rx": 0.645,
    "drift_acc_day": 0.6233333333333333,
    "drift_acc_all": 0.6341666666666667,
    "FRR_stable": 0.10958333333333337,
    "FAR_unknown_accept": 0.0,
    "miss_drift_rx": 0.18533333333333332,
    "miss_drift_day": 0.371,
    "miss_drift_all": 0.2781666666666667,
    "auc_unknown_eval": 0.9930056018518518
  },
  "OracleLabelAdapt": {
    "stable_acc": 0.99875,
    "drift_acc_rx": 0.9633333333333334,
    "drift_acc_day": 0.9986666666666667,
    "drift_acc_all": 0.981,
    "FRR_stable": 0.2745833333333333,
    "FAR_unknown_accept": 0.0,
    "miss_drift_rx": 0.157,
    "miss_drift_day": 0.31,
    "miss_drift_all": 0.2335,
    "auc_unknown_eval": 0.9821506018518518
  }
}