{
  "split": 3,
  "fold": 4,
  "tau_id": -1.4013081908226013,
  "tau_dom": 1849.3343017578084,
  "tau_conf": 0.9886206746101379,
  "pseudo_acc_rx": 0.585,
  "pseudo_acc_day": 0.7716666666666666,
  "pseudo_acc_all": 0.6783333333333333,
  "gate_precision": 0.6209912536443148,
  "gate_recall": 0.15975,
  "gate_keep_ratio": 0.1029,
  "conf_precision": 0.6279527559055118,
  "conf_recall": 0.1595,
  "conf_keep_ratio": 0.1016,
  "conf_keep_given_gate": 0.9873663751214772,
  "adapt_stream_size": 10000,
  "gate_size": 1029,
  "conf_size": 1016,
  "oracle_size": 4000,
  "NoAdapt": {
    "stable_acc": 0.9966666666666667,
    "drift_acc_rx": 0.585,
    "drift_acc_day": 0.7716666666666666,
    "drift_acc_all": 0.6783333333333333,
    "FRR_stable": 0.0920833333333333,
    "FAR_unknown_accept": 0.005,
    "miss_drift_rx": 0.209,
    "miss_drift_day": 0.434,
    "miss_drift_all": 0.3215,
    "auc_unknown_eval": 0.9751745833333334
  },
  "UngatedAdapt": {
    "stable_acc": 0.9970833333333333,
    "drift_acc_rx": 0.585,
    "drift_acc_day": 0.771,
    "drift_acc_all": 0.678,
    "FRR_stable": 0.10916666666666663,
    "FAR_unknown_accept": 0.009222222222222222,
    "miss_drift_rx": 0.18933333333333333,
    "miss_drift_day": 0.432,
    "miss_drift_all": 0.31066666666666665,
    "auc_unknown_eval": 0.9761161111111111
  },
  "GatedAdapt": {
    "stable_acc": 0.9983333333333333,
    "drift_acc_rx": 0.5956666666666667,
    "drift_acc_day": 0.817,
    "drift_acc_all": 0.7063333333333334,
    "FRR_stable": 0.08041666666666669,
    "FAR_unknown_accept": 0.006666666666666667,
    "miss_drift_rx": 0.21966666666666668,
    "miss_drift_day": 0.44533333333333336,
    "miss_drift_all": 0.3325,
    "auc_unknown_eval": 0.9772596296296295
  },
  "GatedConfAdapt": {
    "stable_acc": 0.99875,
    "drift_acc_rx": 0.596,
    "drift_acc_day": 0.8196666666666667,
    "drift_acc_all": 0.7078333333333333,
    "FRR_stable": 0.08041666666666669,
    "FAR_unknown_accept": 0.00811111111111111,
    "miss_drift_rx": 0.22166666666666668,
    "miss_drift_day": 0.4513333333333333,
    "miss_drift_all": 0.3365,
    "auc_unknown_eval": 0.9746327314814814
  },
  "OracleGatePseudoAdapt": {
    "stable_acc": 0.9983333333333333,
    "drift_acc_rx": 0.58,
    "drift_acc_day": 0.77,
    "drift_acc_all": 0.675,
    "FRR_stable": 0.10291666666666666,
    "FAR_unknown_accept": 0.0057777777777777775,
    "miss_drift_rx": 0.18633333333333332,
    "miss_drift_day": 0.415,
    "miss_drift_all": 0.3006666666666667,
    "auc_unknown_eval": 0.9781335185185185
  },
  "OracleLabelAdapt": {
    "stable_acc": 0.9954166666666666,
    "drift_acc_rx": 0.833,
    "drift_acc_day": 0.9856666666666667,
    "drift_acc_all": 0.9093333333333333,
    "FRR_stable": 0.4620833333333333,
    "FAR_unknown_accept": 0.003777777777777778,
    "miss_drift_rx": 0.134,
    "miss_drift_day": 0.25733333333333336,
    "miss_drift_all": 0.19566666666666666,
    "auc_unknown_eval": 0.7259849768518518
  }
}