{
  "train_loss": [
    0.5173554409433294,
    0.16984089480506048,
    0.05944427509826643,
    0.036802677458359134,
    0.02579421830467052,
    0.02068792497739196,
    0.015909413525972655,
    0.01635142062549238,
    0.010991390951891878,
    0.012441928543288398,
    0.011447382512226425,
    0.010578896156167266,
    0.009733606436876235,
    0.009363250814688702,
    0.008918229974288908,
    0.008499457050735753,
    0.007071276963257265,
    0.0075733375088829135,
    0.006747848354711163,
    0.004542325858319937,
    0.007294048320640016,
    0.004679894997928016
  ],
  "train_acc": [
    0.7512731481481482,
    0.9282407407407407,
    0.9806712962962963,
    0.9883101851851852,
    0.9925925925925926,
    0.993287037037037,
    0.9942129629629629,
    0.9945601851851852,
    0.9964120370370371,
    0.9956018518518519,
    0.9958333333333333,
    0.9967592592592592,
    0.9971064814814815,
    0.9967592592592592,
    0.997337962962963,
    0.9971064814814815,
    0.997800925925926,
    0.997337962962963,
    0.9975694444444444,
    0.9986111111111111,
    0.9979166666666667,
    0.9984953703703704
  ],
  "val_loss": [
    1.62282133102417,
    0.5844323913256327,
    0.2285609781742096,
    0.1686525841554006,
    0.09630613724390666,
    0.04558798720439275,
    0.05818083162109057,
    0.03802186499039332,
    0.017545494902879,
    0.013543178203205268,
    0.013931459033240874,
    0.009487751529862483,
    0.012693775352090597,
    0.00954719075622658,
    0.0045711949467659,
    0.014709632967909177,
    0.00875284243375063,
    0.009418178629130126,
    0.006700541094566385,
    0.004787093261256814,
    0.008575699323167403,
    0.009497620568921169
  ],
  "val_acc": [
    0.5177083333333333,
    0.759375,
    0.8979166666666667,
    0.9322916666666666,
    0.96875,
    0.9895833333333334,
    0.98125,
    0.9927083333333333,
    0.996875,
    0.9979166666666667,
    0.9979166666666667,
    0.9979166666666667,
    0.996875,
    0.9989583333333333,
    0.9979166666666667,
    0.9958333333333333,
    0.9989583333333333,
    0.9958333333333333,
    0.9989583333333333,
    0.9989583333333333,
    0.9979166666666667,
    0.9979166666666667
  ]
}