{
  "split": 7,
  "fold": 4,
  "acc": 0.9983333333333333,
  "auc_drift_rx": 0.9208784201388889,
  "auc_drift_day": 0.8596397222222222,
  "tau_dom": 2587.6962280273406,
  "sid_results": {
    "EmbMaha": {
      "tau_id": -1021.2949981689453,
      "auc_unknown": 0.9193744444444445,
      "FRR_stable": 0.0920833333333333,
      "false_drift_stable": 0.042083333333333334,
      "FAR_unknown_accept": 0.050133333333333335,
      "miss_drift": 0.2692291666666667,
      "confusion_matrix": [
        [
          2179,
          101,
          120
        ],
        [
          12923,
          7293,
          27784
        ],
        [
          1504,
          5430,
          23066
        ]
      ]
    },
    "Energy": {
      "tau_id": 5.557266139984131,
      "auc_unknown": 0.6569318402777777,
      "FRR_stable": 0.09833333333333338,
      "false_drift_stable": 0.04833333333333333,
      "FAR_unknown_accept": 0.12783333333333333,
      "miss_drift": 0.35825,
      "confusion_matrix": [
        [
          2164,
          116,
          120
        ],
        [
          17196,
          16729,
          14075
        ],
        [
          3835,
          14427,
          11738
        ]
      ]
    },
    "Fusion_lam0.25": {
      "tau_id": -1.2595710337162018,
      "auc_unknown": 0.8896893055555555,
      "FRR_stable": 0.09291666666666665,
      "false_drift_stable": 0.042916666666666665,
      "FAR_unknown_accept": 0.054533333333333336,
      "miss_drift": 0.2669375,
      "confusion_matrix": [
        [
          2177,
          103,
          120
        ],
        [
          12813,
          7780,
          27407
        ],
        [
          1636,
          5814,
          22550
        ]
      ]
    },
    "Fusion_lam0.5": {
      "tau_id": -1.607434368133545,
      "auc_unknown": 0.8777311805555557,
      "FRR_stable": 0.09375,
      "false_drift_stable": 0.04375,
      "FAR_unknown_accept": 0.05773333333333333,
      "miss_drift": 0.26997916666666666,
      "confusion_matrix": [
        [
          2175,
          105,
          120
        ],
        [
          12959,
          8190,
          26851
        ],
        [
          1732,
          6125,
          22143
        ]
      ]
    },
    "Fusion_lam1.0": {
      "tau_id": -2.2869937419891357,
      "auc_unknown": 0.8668240972222222,
      "FRR_stable": 0.09458333333333335,
      "false_drift_stable": 0.044583333333333336,
      "FAR_unknown_accept": 0.062433333333333334,
      "miss_drift": 0.278125,
      "confusion_matrix": [
        [
          2173,
          107,
          120
        ],
        [
          13350,
          8730,
          25920
        ],
        [
          1873,
          6532,
          21595
        ]
      ]
    },
    "Fusion_lam1.5": {
      "tau_id": -3.0988367080688475,
      "auc_unknown": 0.8591057638888888,
      "FRR_stable": 0.09499999999999997,
      "false_drift_stable": 0.045,
      "FAR_unknown_accept": 0.0669,
      "miss_drift": 0.291125,
      "confusion_matrix": [
        [
          2172,
          108,
          120
        ],
        [
          13974,
          9203,
          24823
        ],
        [
          2007,
          6859,
          21134
        ]
      ]
    },
    "Fusion_lam2.0": {
      "tau_id": -3.903554511070251,
      "auc_unknown": 0.852538888888889,
      "FRR_stable": 0.0954166666666667,
      "false_drift_stable": 0.04541666666666667,
      "FAR_unknown_accept": 0.07263333333333333,
      "miss_drift": 0.2999583333333333,
      "confusion_matrix": [
        [
          2171,
          109,
          120
        ],
        [
          14398,
          9526,
          24076
        ],
        [
          2179,
          7154,
          20667
        ]
      ]
    }
  },
  "best_sid": "EmbMaha"
}