{
  "split": 2,
  "fold": 4,
  "false_drift_target": 0.01,
  "tau_id": -1.1621372699737549,
  "tau_dom": 4678.63330078125,
  "tau_conf": 0.9999982118606567,
  "pseudo_acc_rx": 0.6421944444444444,
  "pseudo_acc_day": 0.8274166666666667,
  "pseudo_acc_all": 0.6885,
  "gate_precision": 0.9074074074074074,
  "gate_recall": 0.049,
  "gate_keep_ratio": 0.0216,
  "conf_precision": 0.9069767441860465,
  "conf_recall": 0.04875,
  "conf_keep_ratio": 0.0215,
  "conf_keep_given_gate": 0.9953703703703703,
  "adapt_stream_size": 10000,
  "gate_size": 216,
  "conf_size": 215,
  "oracle_size": 4000,
  "NoAdapt": {
    "stable_acc": 0.9995833333333334,
    "drift_acc_rx": 0.658,
    "drift_acc_day": 0.8253333333333334,
    "drift_acc_all": 0.7416666666666667,
    "FRR_stable": 0.05833333333333335,
    "FAR_unknown_accept": 0.00022222222222222223,
    "miss_drift_rx": 0.26,
    "miss_drift_day": 0.4786666666666667,
    "miss_drift_all": 0.36933333333333335,
    "auc_unknown_eval": 0.9972198611111112
  },
  "UngatedAdapt": {
    "stable_acc": 0.9995833333333334,
    "drift_acc_rx": 0.6583333333333333,
    "drift_acc_day": 0.827,
    "drift_acc_all": 0.7426666666666667,
    "FRR_stable": 0.09125000000000005,
    "FAR_unknown_accept": 0.00011111111111111112,
    "miss_drift_rx": 0.237,
    "miss_drift_day": 0.472,
    "miss_drift_all": 0.3545,
    "auc_unknown_eval": 0.9951367592592592
  },
  "OracleGatePseudoAdapt": {
    "stable_acc": 0.9995833333333334,
    "drift_acc_rx": 0.656,
    "drift_acc_day": 0.8263333333333334,
    "drift_acc_all": 0.7411666666666666,
    "FRR_stable": 0.14208333333333334,
    "FAR_unknown_accept": 0.00022222222222222223,
    "miss_drift_rx": 0.213,
    "miss_drift_day": 0.4056666666666667,
    "miss_drift_all": 0.30933333333333335,
    "auc_unknown_eval": 0.9931439814814815
  },
  "OracleLabelAdapt": {
    "stable_acc": 0.9995833333333334,
    "drift_acc_rx": 0.9563333333333334,
    "drift_acc_day": 0.9976666666666667,
    "drift_acc_all": 0.977,
    "FRR_stable": 0.2504166666666666,
    "FAR_unknown_accept": 0.0,
    "miss_drift_rx": 0.20533333333333334,
    "miss_drift_day": 0.4096666666666667,
    "miss_drift_all": 0.3075,
    "auc_unknown_eval": 0.9948793518518517
  },
  "GatedAdapt": {
    "stable_acc": 0.9995833333333334,
    "drift_acc_rx": 0.7033333333333334,
    "drift_acc_day": 0.8203333333333334,
    "drift_acc_all": 0.7618333333333334,
    "FRR_stable": 0.057916666666666616,
    "FAR_unknown_accept": 0.00022222222222222223,
    "miss_drift_rx": 0.25933333333333336,
    "miss_drift_day": 0.4786666666666667,
    "miss_drift_all": 0.369,
    "auc_unknown_eval": 0.9969904166666665
  },
  "GatedConfAdapt": {
    "stable_acc": 0.9995833333333334,
    "drift_acc_rx": 0.684,
    "drift_acc_day": 0.821,
    "drift_acc_all": 0.7525,
    "FRR_stable": 0.057916666666666616,
    "FAR_unknown_accept": 0.00022222222222222223,
    "miss_drift_rx": 0.25966666666666666,
    "miss_drift_day": 0.4786666666666667,
    "miss_drift_all": 0.36916666666666664,
    "auc_unknown_eval": 0.9971106944444444
  }
}