{
  "split": 2,
  "fold": 4,
  "false_drift_target": 0.05,
  "tau_id": -1.1621372699737549,
  "tau_dom": 2036.0372314453125,
  "tau_conf": 0.9999982118606567,
  "pseudo_acc_rx": 0.6421944444444444,
  "pseudo_acc_day": 0.8274166666666667,
  "pseudo_acc_all": 0.6885,
  "gate_precision": 0.9661016949152542,
  "gate_recall": 0.1425,
  "gate_keep_ratio": 0.059,
  "conf_precision": 0.966044142614601,
  "conf_recall": 0.14225,
  "conf_keep_ratio": 0.0589,
  "conf_keep_given_gate": 0.9983050847457627,
  "adapt_stream_size": 10000,
  "gate_size": 590,
  "conf_size": 589,
  "oracle_size": 4000,
  "NoAdapt": {
    "stable_acc": 0.9995833333333334,
    "drift_acc_rx": 0.658,
    "drift_acc_day": 0.8253333333333334,
    "drift_acc_all": 0.7416666666666667,
    "FRR_stable": 0.09458333333333335,
    "FAR_unknown_accept": 0.0,
    "miss_drift_rx": 0.17033333333333334,
    "miss_drift_day": 0.37233333333333335,
    "miss_drift_all": 0.2713333333333333,
    "auc_unknown_eval": 0.9972198611111112
  },
  "UngatedAdapt": {
    "stable_acc": 0.9995833333333334,
    "drift_acc_rx": 0.6583333333333333,
    "drift_acc_day": 0.827,
    "drift_acc_all": 0.7426666666666667,
    "FRR_stable": 0.12708333333333333,
    "FAR_unknown_accept": 0.0,
    "miss_drift_rx": 0.16133333333333333,
    "miss_drift_day": 0.367,
    "miss_drift_all": 0.26416666666666666,
    "auc_unknown_eval": 0.9951367592592592
  },
  "OracleGatePseudoAdapt": {
    "stable_acc": 0.9995833333333334,
    "drift_acc_rx": 0.656,
    "drift_acc_day": 0.8263333333333334,
    "drift_acc_all": 0.7411666666666666,
    "FRR_stable": 0.17833333333333334,
    "FAR_unknown_accept": 0.0,
    "miss_drift_rx": 0.13166666666666665,
    "miss_drift_day": 0.29933333333333334,
    "miss_drift_all": 0.2155,
    "auc_unknown_eval": 0.9931439814814815
  },
  "OracleLabelAdapt": {
    "stable_acc": 0.9995833333333334,
    "drift_acc_rx": 0.9563333333333334,
    "drift_acc_day": 0.9976666666666667,
    "drift_acc_all": 0.977,
    "FRR_stable": 0.2766666666666666,
    "FAR_unknown_accept": 0.0,
    "miss_drift_rx": 0.14433333333333334,
    "miss_drift_day": 0.308,
    "miss_drift_all": 0.22616666666666665,
    "auc_unknown_eval": 0.9948793518518517
  },
  "GatedAdapt": {
    "stable_acc": 0.9995833333333334,
    "drift_acc_rx": 0.6923333333333334,
    "drift_acc_day": 0.8206666666666667,
    "drift_acc_all": 0.7565,
    "FRR_stable": 0.09416666666666662,
    "FAR_unknown_accept": 0.0,
    "miss_drift_rx": 0.17033333333333334,
    "miss_drift_day": 0.37233333333333335,
    "miss_drift_all": 0.2713333333333333,
    "auc_unknown_eval": 0.9970910185185186
  },
  "GatedConfAdapt": {
    "stable_acc": 0.9995833333333334,
    "drift_acc_rx": 0.6916666666666667,
    "drift_acc_day": 0.8213333333333334,
    "drift_acc_all": 0.7565,
    "FRR_stable": 0.09416666666666662,
    "FAR_unknown_accept": 0.0,
    "miss_drift_rx": 0.17033333333333334,
    "miss_drift_day": 0.37233333333333335,
    "miss_drift_all": 0.2713333333333333,
    "auc_unknown_eval": 0.9970774074074075
  }
}