{
  "split": 2,
  "fold": 4,
  "false_drift_target": 0.2,
  "tau_id": -1.1621372699737549,
  "tau_dom": 948.4364013671875,
  "tau_conf": 0.9999982118606567,
  "pseudo_acc_rx": 0.6421944444444444,
  "pseudo_acc_day": 0.8274166666666667,
  "pseudo_acc_all": 0.6885,
  "gate_precision": 0.9805258033106135,
  "gate_recall": 0.25175,
  "gate_keep_ratio": 0.1027,
  "conf_precision": 0.9803921568627451,
  "conf_recall": 0.25,
  "conf_keep_ratio": 0.102,
  "conf_keep_given_gate": 0.9931840311587147,
  "adapt_stream_size": 10000,
  "gate_size": 1027,
  "conf_size": 1020,
  "oracle_size": 4000,
  "NoAdapt": {
    "stable_acc": 0.9995833333333334,
    "drift_acc_rx": 0.658,
    "drift_acc_day": 0.8253333333333334,
    "drift_acc_all": 0.7416666666666667,
    "FRR_stable": 0.23916666666666664,
    "FAR_unknown_accept": 0.0,
    "miss_drift_rx": 0.083,
    "miss_drift_day": 0.243,
    "miss_drift_all": 0.163,
    "auc_unknown_eval": 0.9972198611111112
  },
  "UngatedAdapt": {
    "stable_acc": 0.9995833333333334,
    "drift_acc_rx": 0.6583333333333333,
    "drift_acc_day": 0.827,
    "drift_acc_all": 0.7426666666666667,
    "FRR_stable": 0.26749999999999996,
    "FAR_unknown_accept": 0.0,
    "miss_drift_rx": 0.08066666666666666,
    "miss_drift_day": 0.23833333333333334,
    "miss_drift_all": 0.1595,
    "auc_unknown_eval": 0.9951367592592592
  },
  "OracleGatePseudoAdapt": {
    "stable_acc": 0.9995833333333334,
    "drift_acc_rx": 0.656,
    "drift_acc_day": 0.8263333333333334,
    "drift_acc_all": 0.7411666666666666,
    "FRR_stable": 0.2995833333333333,
    "FAR_unknown_accept": 0.0,
    "miss_drift_rx": 0.07,
    "miss_drift_day": 0.18933333333333333,
    "miss_drift_all": 0.12966666666666668,
    "auc_unknown_eval": 0.9931439814814815
  },
  "OracleLabelAdapt": {
    "stable_acc": 0.9995833333333334,
    "drift_acc_rx": 0.9563333333333334,
    "drift_acc_day": 0.9976666666666667,
    "drift_acc_all": 0.977,
    "FRR_stable": 0.39583333333333337,
    "FAR_unknown_accept": 0.0,
    "miss_drift_rx": 0.07533333333333334,
    "miss_drift_day": 0.18766666666666668,
    "miss_drift_all": 0.1315,
    "auc_unknown_eval": 0.9948793518518517
  },
  "GatedAdapt": {
    "stable_acc": 0.9995833333333334,
    "drift_acc_rx": 0.694,
    "drift_acc_day": 0.8236666666666667,
    "drift_acc_all": 0.7588333333333334,
    "FRR_stable": 0.23875000000000002,
    "FAR_unknown_accept": 0.0,
    "miss_drift_rx": 0.083,
    "miss_drift_day": 0.243,
    "miss_drift_all": 0.163,
    "auc_unknown_eval": 0.9970948611111111
  },
  "GatedConfAdapt": {
    "stable_acc": 0.9995833333333334,
    "drift_acc_rx": 0.6906666666666667,
    "drift_acc_day": 0.8213333333333334,
    "drift_acc_all": 0.756,
    "FRR_stable": 0.23875000000000002,
    "FAR_unknown_accept": 0.0,
    "miss_drift_rx": 0.083,
    "miss_drift_day": 0.243,
    "miss_drift_all": 0.163,
    "auc_unknown_eval": 0.9970941203703705
  }
}