{
  "split": 2,
  "fold": 4,
  "false_drift_target": 0.1,
  "tau_id": -1.1621372699737549,
  "tau_dom": 1427.5108642578125,
  "tau_conf": 0.9999982118606567,
  "pseudo_acc_rx": 0.6421944444444444,
  "pseudo_acc_day": 0.8274166666666667,
  "pseudo_acc_all": 0.6885,
  "gate_precision": 0.9752168525402726,
  "gate_recall": 0.19675,
  "gate_keep_ratio": 0.0807,
  "conf_precision": 0.975,
  "conf_recall": 0.195,
  "conf_keep_ratio": 0.08,
  "conf_keep_given_gate": 0.9913258983890955,
  "adapt_stream_size": 10000,
  "gate_size": 807,
  "conf_size": 800,
  "oracle_size": 4000,
  "NoAdapt": {
    "stable_acc": 0.9995833333333334,
    "drift_acc_rx": 0.658,
    "drift_acc_day": 0.8253333333333334,
    "drift_acc_all": 0.7416666666666667,
    "FRR_stable": 0.14249999999999996,
    "FAR_unknown_accept": 0.0,
    "miss_drift_rx": 0.13633333333333333,
    "miss_drift_day": 0.30633333333333335,
    "miss_drift_all": 0.22133333333333333,
    "auc_unknown_eval": 0.9972198611111112
  },
  "UngatedAdapt": {
    "stable_acc": 0.9995833333333334,
    "drift_acc_rx": 0.6583333333333333,
    "drift_acc_day": 0.827,
    "drift_acc_all": 0.7426666666666667,
    "FRR_stable": 0.17291666666666672,
    "FAR_unknown_accept": 0.0,
    "miss_drift_rx": 0.131,
    "miss_drift_day": 0.30133333333333334,
    "miss_drift_all": 0.21616666666666667,
    "auc_unknown_eval": 0.9951367592592592
  },
  "OracleGatePseudoAdapt": {
    "stable_acc": 0.9995833333333334,
    "drift_acc_rx": 0.656,
    "drift_acc_day": 0.8263333333333334,
    "drift_acc_all": 0.7411666666666666,
    "FRR_stable": 0.22333333333333338,
    "FAR_unknown_accept": 0.0,
    "miss_drift_rx": 0.113,
    "miss_drift_day": 0.235,
    "miss_drift_all": 0.174,
    "auc_unknown_eval": 0.9931439814814815
  },
  "OracleLabelAdapt": {
    "stable_acc": 0.9995833333333334,
    "drift_acc_rx": 0.9563333333333334,
    "drift_acc_day": 0.9976666666666667,
    "drift_acc_all": 0.977,
    "FRR_stable": 0.3129166666666666,
    "FAR_unknown_accept": 0.0,
    "miss_drift_rx": 0.12133333333333333,
    "miss_drift_day": 0.24866666666666667,
    "miss_drift_all": 0.185,
    "auc_unknown_eval": 0.9948793518518517
  },
  "GatedAdapt": {
    "stable_acc": 0.9995833333333334,
    "drift_acc_rx": 0.6933333333333334,
    "drift_acc_day": 0.8246666666666667,
    "drift_acc_all": 0.759,
    "FRR_stable": 0.14208333333333334,
    "FAR_unknown_accept": 0.0,
    "miss_drift_rx": 0.13633333333333333,
    "miss_drift_day": 0.30633333333333335,
    "miss_drift_all": 0.22133333333333333,
    "auc_unknown_eval": 0.9970912037037036
  },
  "GatedConfAdapt": {
    "stable_acc": 0.9995833333333334,
    "drift_acc_rx": 0.6903333333333334,
    "drift_acc_day": 0.8206666666666667,
    "drift_acc_all": 0.7555,
    "FRR_stable": 0.14208333333333334,
    "FAR_unknown_accept": 0.0,
    "miss_drift_rx": 0.13633333333333333,
    "miss_drift_day": 0.30633333333333335,
    "miss_drift_all": 0.22133333333333333,
    "auc_unknown_eval": 0.9970885185185185
  }
}