{
  "split": 5,
  "fold": 3,
  "tau_id": -1.1470545470714568,
  "tau_dom": 2445.516015624999,
  "tau_conf": 0.9993844866752625,
  "pseudo_acc_rx": 0.565,
  "pseudo_acc_day": 0.697,
  "pseudo_acc_all": 0.631,
  "gate_precision": 0.23469837076177896,
  "gate_recall": 0.13325,
  "gate_keep_ratio": 0.2271,
  "conf_precision": 0.26192842942345923,
  "conf_recall": 0.13175,
  "conf_keep_ratio": 0.2012,
  "conf_keep_given_gate": 0.8859533245266402,
  "adapt_stream_size": 10000,
  "gate_size": 2271,
  "conf_size": 2012,
  "oracle_size": 4000,
  "NoAdapt": {
    "stable_acc": 0.99875,
    "drift_acc_rx": 0.565,
    "drift_acc_day": 0.697,
    "drift_acc_all": 0.631,
    "FRR_stable": 0.0954166666666667,
    "FAR_unknown_accept": 0.4552222222222222,
    "miss_drift_rx": 0.086,
    "miss_drift_day": 0.31733333333333336,
    "miss_drift_all": 0.20166666666666666,
    "auc_unknown_eval": 0.7837453009259259
  },
  "UngatedAdapt": {
    "stable_acc": 0.9983333333333333,
    "drift_acc_rx": 0.5596666666666666,
    "drift_acc_day": 0.6783333333333333,
    "drift_acc_all": 0.619,
    "FRR_stable": 0.21625000000000005,
    "FAR_unknown_accept": 0.03411111111111111,
    "miss_drift_rx": 0.056,
    "miss_drift_day": 0.207,
    "miss_drift_all": 0.1315,
    "auc_unknown_eval": 0.9535363194444444
  },
  "GatedAdapt": {
    "stable_acc": 0.99875,
    "drift_acc_rx": 0.5716666666666667,
    "drift_acc_day": 0.7143333333333334,
    "drift_acc_all": 0.643,
    "FRR_stable": 0.09333333333333338,
    "FAR_unknown_accept": 0.4537777777777778,
    "miss_drift_rx": 0.091,
    "miss_drift_day": 0.322,
    "miss_drift_all": 0.2065,
    "auc_unknown_eval": 0.7895870833333335
  },
  "GatedConfAdapt": {
    "stable_acc": 0.99875,
    "drift_acc_rx": 0.5716666666666667,
    "drift_acc_day": 0.7143333333333334,
    "drift_acc_all": 0.643,
    "FRR_stable": 0.09250000000000003,
    "FAR_unknown_accept": 0.4558888888888889,
    "miss_drift_rx": 0.092,
    "miss_drift_day": 0.32166666666666666,
    "miss_drift_all": 0.20683333333333334,
    "auc_unknown_eval": 0.7877228240740741
  },
  "OracleGatePseudoAdapt": {
    "stable_acc": 0.99875,
    "drift_acc_rx": 0.5646666666666667,
    "drift_acc_day": 0.692,
    "drift_acc_all": 0.6283333333333333,
    "FRR_stable": 0.20291666666666663,
    "FAR_unknown_accept": 0.33011111111111113,
    "miss_drift_rx": 0.06866666666666667,
    "miss_drift_day": 0.24666666666666667,
    "miss_drift_all": 0.15766666666666668,
    "auc_unknown_eval": 0.760984027777778
  },
  "OracleLabelAdapt": {
    "stable_acc": 0.9983333333333333,
    "drift_acc_rx": 0.903,
    "drift_acc_day": 0.9933333333333333,
    "drift_acc_all": 0.9481666666666667,
    "FRR_stable": 0.35291666666666666,
    "FAR_unknown_accept": 0.030111111111111113,
    "miss_drift_rx": 0.042,
    "miss_drift_day": 0.17933333333333334,
    "miss_drift_all": 0.11066666666666666,
    "auc_unknown_eval": 0.8903527777777778
  }
}