{
  "train_loss": [
    0.49584070046742756,
    0.16125045722281492,
    0.057977482345369126,
    0.03130973187033777,
    0.02267071720281685,
    0.015714784154530478,
    0.017188772069359266,
    0.014634145573816365,
    0.012903665864184774,
    0.012052172933774138,
    0.009946182539203652,
    0.009484591242357123,
    0.006998754629899782,
    0.0064360475775578786,
    0.007100455919108181,
    0.005372283217945585,
    0.007660698864384796,
    0.00478464499529865,
    0.003362587199943071,
    0.002883721620094514,
    0.005807241522146527,
    0.003926934792522203,
    0.006280742771492374,
    0.004797716784566917
  ],
  "train_acc": [
    0.7717592592592593,
    0.9337962962962963,
    0.981712962962963,
    0.9903935185185185,
    0.9935185185185185,
    0.9950231481481482,
    0.9943287037037037,
    0.9953703703703703,
    0.9961805555555555,
    0.9962962962962963,
    0.9965277777777778,
    0.9969907407407408,
    0.9975694444444444,
    0.9976851851851852,
    0.9979166666666667,
    0.9983796296296297,
    0.9976851851851852,
    0.9986111111111111,
    0.9988425925925926,
    0.9994212962962963,
    0.9980324074074074,
    0.9989583333333333,
    0.9984953703703704,
    0.9984953703703704
  ],
  "val_loss": [
    1.507977342605591,
    0.7167402823766073,
    0.3834422250588735,
    0.3184581140677134,
    0.1368891105055809,
    0.12466561496257782,
    0.10304071704546611,
    0.07466246796151002,
    0.05702745228384932,
    0.0805790071686109,
    0.03047818811610341,
    0.022947480467458568,
    0.022485201557477314,
    0.01951173976995051,
    0.015792493397990864,
    0.00799377104267478,
    0.033165360490481056,
    0.018819365999661386,
    0.01071427536662668,
    0.010608541047258769,
    0.010872861194851187,
    0.008949602662081209,
    0.007980272162846328,
    0.008291577801962073
  ],
  "val_acc": [
    0.61875,
    0.7635416666666667,
    0.8354166666666667,
    0.8447916666666667,
    0.9385416666666667,
    0.9458333333333333,
    0.953125,
    0.9697916666666667,
    0.984375,
    0.9666666666666667,
    0.9885416666666667,
    0.9947916666666666,
    0.9947916666666666,
    0.9947916666666666,
    0.996875,
    0.9989583333333333,
    0.9885416666666667,
    0.99375,
    0.9947916666666666,
    0.996875,
    0.996875,
    0.996875,
    0.9958333333333333,
    0.996875
  ]
}