{
  "train_loss": [
    0.4067241673116331,
    0.049279923509392476,
    0.023144664849948,
    0.015911406709778086,
    0.011834505871283235,
    0.00996904226054472,
    0.007947321070565118,
    0.007644538886638151,
    0.007532789417180336,
    0.005971246789192298,
    0.006569981373225649,
    0.0050947721775931615,
    0.007848454196937383,
    0.004984493058657756,
    0.004384618001144931,
    0.003479123831278196,
    0.005560705691351797,
    0.0028895756561757515,
    0.0018124811866544878,
    0.0036180626650565064,
    0.004062564362538978,
    0.003344167189465629,
    0.002130389682241474,
    0.0023912542158979234,
    0.004093473149717923,
    0.0021802269883833274,
    0.0036086502477431807,
    0.003373899698662744,
    0.0026994348034754187
  ],
  "train_acc": [
    0.8447916666666667,
    0.9887731481481481,
    0.9949074074074075,
    0.9957175925925926,
    0.9969907407407408,
    0.997800925925926,
    0.9979166666666667,
    0.997800925925926,
    0.9979166666666667,
    0.9981481481481481,
    0.9984953703703704,
    0.9982638888888888,
    0.9980324074074074,
    0.9982638888888888,
    0.9988425925925926,
    0.9989583333333333,
    0.9980324074074074,
    0.9988425925925926,
    0.9996527777777777,
    0.9989583333333333,
    0.9987268518518518,
    0.9990740740740741,
    0.9991898148148148,
    0.9993055555555556,
    0.9988425925925926,
    0.9990740740740741,
    0.9990740740740741,
    0.9986111111111111,
    0.9991898148148148
  ],
  "val_loss": [
    1.462002936999003,
    0.2157512863477071,
    0.06718763609727224,
    0.04522913135588169,
    0.022376200122137865,
    0.017919659428298474,
    0.010920425225049258,
    0.007007451914250851,
    0.005892473210891088,
    0.010558959686507781,
    0.012133923607567947,
    0.0088522813282907,
    0.007630960047633076,
    0.009771592790881793,
    0.007215470176500579,
    0.006060947120628649,
    0.011919891120245059,
    0.005225121086308112,
    0.006780376743214826,
    0.006664942263159901,
    0.000999381010963892,
    0.0031044571563446275,
    0.004271465633064508,
    0.00036279934938647783,
    0.007205109888066848,
    0.0029046672832919286,
    0.0034363064216449855,
    0.0006390944986681764,
    0.0007418478368587481
  ],
  "val_acc": [
    0.5916666666666667,
    0.921875,
    0.9802083333333333,
    0.984375,
    0.996875,
    0.996875,
    0.996875,
    0.9979166666666667,
    0.9979166666666667,
    0.9979166666666667,
    0.996875,
    0.9979166666666667,
    0.9989583333333333,
    0.9979166666666667,
    0.9979166666666667,
    0.9989583333333333,
    0.9989583333333333,
    0.9989583333333333,
    0.9979166666666667,
    0.9989583333333333,
    1.0,
    0.9989583333333333,
    0.9989583333333333,
    1.0,
    0.996875,
    0.9989583333333333,
    0.9989583333333333,
    1.0,
    1.0
  ]
}