{
  "split": 1,
  "fold": 2,
  "acc": 0.9983333333333333,
  "auc_unknown": {
    "cosine_proto": 0.7483567361111111,
    "MSP": 0.7917512152777778,
    "Energy": 0.7603032986111111,
    "NegEntropy": 0.7916661111111112,
    "Margin": 0.7918847569444444,
    "EmbMaha": 0.8664857638888889
  },
  "auc_drRX": {
    "V1_minDist": 0.9489513657407407,
    "V1_softminDist": 0.9489513368055554,
    "V1_mixNLL": 0.9499303472222222,
    "V1_weightedMixNLL": 0.912858460648148,
    "V0_deviceDist": 0.7569982754629629,
    "V2_rxPooledMinDist": 0.7032256365740741,
    "VZ_pca_minDist": 0.925779537037037
  },
  "auc_drDAY": {
    "V1_minDist": 0.8594600173611111,
    "V1_softminDist": 0.8594598784722223,
    "V1_mixNLL": 0.8618181076388889,
    "V1_weightedMixNLL": 0.8161652083333334,
    "V0_deviceDist": 0.6423508854166666,
    "V2_rxPooledMinDist": 0.5566870486111111,
    "VZ_pca_minDist": 0.801392829861111
  }
}