{
  "split": 4,
  "fold": 4,
  "acc": 0.9991666666666666,
  "auc_drift_rx": 0.9250008275462963,
  "auc_drift_day": 0.8159391319444445,
  "tau_dom": 2247.5460205078116,
  "sid_results": {
    "EmbMaha": {
      "tau_id": -927.9605651855469,
      "auc_unknown": 0.9945584722222222,
      "FRR_stable": 0.0970833333333333,
      "false_drift_stable": 0.04708333333333333,
      "FAR_unknown_accept": 0.0,
      "miss_drift": 0.248875,
      "confusion_matrix": [
        [
          2167,
          113,
          120
        ],
        [
          11946,
          6293,
          29761
        ],
        [
          0,
          206,
          29794
        ]
      ]
    },
    "Energy": {
      "tau_id": 8.977241468429565,
      "auc_unknown": 0.9404268750000001,
      "FRR_stable": 0.09833333333333338,
      "false_drift_stable": 0.04833333333333333,
      "FAR_unknown_accept": 0.0,
      "miss_drift": 0.26425,
      "confusion_matrix": [
        [
          2164,
          116,
          120
        ],
        [
          12684,
          8562,
          26754
        ],
        [
          0,
          3502,
          26498
        ]
      ]
    },
    "Fusion_lam0.25": {
      "tau_id": -0.8162771970033645,
      "auc_unknown": 0.9932159027777779,
      "FRR_stable": 0.09666666666666668,
      "false_drift_stable": 0.04666666666666667,
      "FAR_unknown_accept": 0.0,
      "miss_drift": 0.24716666666666667,
      "confusion_matrix": [
        [
          2168,
          112,
          120
        ],
        [
          11864,
          6569,
          29567
        ],
        [
          0,
          304,
          29696
        ]
      ]
    },
    "Fusion_lam0.5": {
      "tau_id": -1.1378790736198425,
      "auc_unknown": 0.9908401388888889,
      "FRR_stable": 0.0970833333333333,
      "false_drift_stable": 0.04708333333333333,
      "FAR_unknown_accept": 0.0,
      "miss_drift": 0.24841666666666667,
      "confusion_matrix": [
        [
          2167,
          113,
          120
        ],
        [
          11924,
          6855,
          29221
        ],
        [
          0,
          458,
          29542
        ]
      ]
    },
    "Fusion_lam1.0": {
      "tau_id": -1.8393467605113982,
      "auc_unknown": 0.9864150694444445,
      "FRR_stable": 0.09833333333333338,
      "false_drift_stable": 0.04833333333333333,
      "FAR_unknown_accept": 0.0,
      "miss_drift": 0.251375,
      "confusion_matrix": [
        [
          2164,
          116,
          120
        ],
        [
          12066,
          7254,
          28680
        ],
        [
          0,
          737,
          29263
        ]
      ]
    },
    "Fusion_lam1.5": {
      "tau_id": -2.5974486589431764,
      "auc_unknown": 0.9822206250000001,
      "FRR_stable": 0.09833333333333338,
      "false_drift_stable": 0.04833333333333333,
      "FAR_unknown_accept": 0.0,
      "miss_drift": 0.2546875,
      "confusion_matrix": [
        [
          2164,
          116,
          120
        ],
        [
          12225,
          7506,
          28269
        ],
        [
          0,
          991,
          29009
        ]
      ]
    },
    "Fusion_lam2.0": {
      "tau_id": -3.346357548236847,
      "auc_unknown": 0.9785486805555554,
      "FRR_stable": 0.09833333333333338,
      "false_drift_stable": 0.04833333333333333,
      "FAR_unknown_accept": 0.0,
      "miss_drift": 0.25658333333333333,
      "confusion_matrix": [
        [
          2164,
          116,
          120
        ],
        [
          12316,
          7668,
          28016
        ],
        [
          0,
          1206,
          28794
        ]
      ]
    }
  },
  "best_sid": "EmbMaha"
}