{
  "train_loss": [
    0.30858522999893734,
    0.020979270627032275,
    0.015688197059487857,
    0.010458831413200607,
    0.007251297424685348,
    0.008081619040523139,
    0.00812935408256534,
    0.006098400420267824,
    0.004710516062375434,
    0.0033535614603250807,
    0.004350428981059748,
    0.0031475084195672362,
    0.003005033538081787,
    0.004395271024528753,
    0.0028901287742579976,
    0.0034354824268828248,
    0.002506685165658214,
    0.0018896269506917128,
    0.0026228890817879733,
    0.00140436122482815,
    0.0018701390272730756,
    0.0026952887554351173,
    0.0015834177247597836,
    0.0013416933705297264,
    0.0010550671496915769,
    0.0014271949988108612,
    0.0015101299876092795,
    0.0013922100668423809,
    0.0012173846685780317,
    0.000688312894500861,
    0.002127359820749714
  ],
  "train_acc": [
    0.8856481481481482,
    0.9959490740740741,
    0.9960648148148148,
    0.996875,
    0.9980324074074074,
    0.997800925925926,
    0.9976851851851852,
    0.9980324074074074,
    0.997800925925926,
    0.9988425925925926,
    0.9987268518518518,
    0.9989583333333333,
    0.9990740740740741,
    0.9984953703703704,
    0.9993055555555556,
    0.9990740740740741,
    0.9993055555555556,
    0.999537037037037,
    0.9993055555555556,
    0.9996527777777777,
    0.9993055555555556,
    0.9993055555555556,
    0.9996527777777777,
    0.9996527777777777,
    0.9996527777777777,
    0.9997685185185186,
    0.999537037037037,
    0.9994212962962963,
    0.9996527777777777,
    0.9998842592592593,
    0.9994212962962963
  ],
  "val_loss": [
    1.7804170767466228,
    1.1732844988505045,
    0.6557645916938781,
    0.5822120487689972,
    0.4803313990434011,
    0.3151203413804372,
    0.12968546152114868,
    0.24214011828104656,
    0.0975269541144371,
    0.17662934362888336,
    0.0671651774396499,
    0.11977937171856562,
    0.03262263632689913,
    0.02983368809024493,
    0.008950294928702836,
    0.011625199920187394,
    0.016979931046565373,
    0.01566204718934993,
    0.007415575326497977,
    0.018340974363187948,
    0.003373279593264063,
    0.007387595173592369,
    0.0016945036137864615,
    0.003544617187192974,
    0.005592856262713515,
    0.0035038764542453765,
    0.006127286229942305,
    0.0030236971399669227,
    0.006895888922736048,
    0.045600374334026125,
    0.00024374345672792213
  ],
  "val_acc": [
    0.5427083333333333,
    0.6760416666666667,
    0.8020833333333334,
    0.8260416666666667,
    0.859375,
    0.9010416666666666,
    0.9458333333333333,
    0.91875,
    0.965625,
    0.9385416666666667,
    0.9802083333333333,
    0.9458333333333333,
    0.9885416666666667,
    0.9895833333333334,
    0.9958333333333333,
    0.9958333333333333,
    0.99375,
    0.9958333333333333,
    0.9979166666666667,
    0.99375,
    0.9989583333333333,
    0.9958333333333333,
    1.0,
    0.9979166666666667,
    0.9989583333333333,
    0.9989583333333333,
    0.9989583333333333,
    0.9989583333333333,
    0.9989583333333333,
    0.9875,
    1.0
  ]
}