{
  "split": 11,
  "fold": 1,
  "acc": 1.0,
  "auc_unknown": 0.6585363888888889,
  "auc_drift_rx": 0.9353312962962963,
  "auc_drift_day": 0.849509704861111,
  "tau_id": -1.5064654350280762,
  "tau_dom": 2070.73193359375,
  "FRR_stable": 0.09624999999999995,
  "false_drift_stable": 0.04625,
  "FAR_unknown_accept": 0.07236666666666666,
  "miss_drift": 0.207875,
  "confusion_matrix": [
    [
      2169,
      111,
      120
    ],
    [
      9978,
      7196,
      30826
    ],
    [
      2171,
      15394,
      12435
    ]
  ]
}