{
  "tau_id": -1.5064654350280762,
  "tau_dom": 2070.73193359375
}