{
  "train_loss": [
    0.5388215567226763,
    0.12986236142891425,
    0.056804658955445994,
    0.03384272173323013,
    0.024584925440312537,
    0.02183131454857411,
    0.015113364010014467,
    0.012463731506701421,
    0.013475571239919023,
    0.011279922509910884,
    0.012275266236435899,
    0.007030081557523873,
    0.008802807600133949,
    0.005894154610750438,
    0.007389531644595856,
    0.005047410796827602,
    0.00484089217821343,
    0.00432504745204588,
    0.005751653944780291,
    0.003996439739475372,
    0.004594099203435083,
    0.002974237231925751,
    0.002675800705414817,
    0.0021033961187910152,
    0.004013625049804062,
    0.002170675435465657,
    0.0029118304427592427,
    0.0022587393066647496,
    0.003917980822087783,
    0.002198316337415707,
    0.0034359366398011505,
    0.00156131401901668,
    0.0024970315821486078,
    0.002516583035618101,
    0.002641909031727765,
    0.0015519807048366163,
    0.002783725658621363
  ],
  "train_acc": [
    0.7636574074074074,
    0.9498842592592592,
    0.9824074074074074,
    0.9893518518518518,
    0.9920138888888889,
    0.9929398148148149,
    0.9946759259259259,
    0.9960648148148148,
    0.9954861111111111,
    0.9967592592592592,
    0.9959490740740741,
    0.9974537037037037,
    0.9971064814814815,
    0.9979166666666667,
    0.997800925925926,
    0.9983796296296297,
    0.9983796296296297,
    0.9987268518518518,
    0.9986111111111111,
    0.9988425925925926,
    0.9987268518518518,
    0.9989583333333333,
    0.9993055555555556,
    0.9994212962962963,
    0.9990740740740741,
    0.9993055555555556,
    0.9987268518518518,
    0.9991898148148148,
    0.9989583333333333,
    0.9990740740740741,
    0.9984953703703704,
    0.999537037037037,
    0.9990740740740741,
    0.9996527777777777,
    0.9994212962962963,
    0.999537037037037,
    0.9990740740740741
  ],
  "val_loss": [
    2.3406644503275555,
    0.6479105710983276,
    0.2215798040231069,
    0.1674346332748731,
    0.10570991312464079,
    0.09055263375242552,
    0.07586316006879011,
    0.07233765659232934,
    0.07227365151047707,
    0.057272811482350035,
    0.038990218720088406,
    0.05314943219224612,
    0.04908499270677567,
    0.041241943432639046,
    0.03260209007809559,
    0.052136716122428574,
    0.05829252768307924,
    0.05183622417971492,
    0.030348376937521,
    0.041742823009068765,
    0.023825919286658368,
    0.036252654460258785,
    0.04467988658385972,
    0.04218648085758711,
    0.036621777418379985,
    0.021305849053896965,
    0.03880396754636119,
    0.06470680854593715,
    0.013706568147366245,
    0.02605822468176484,
    0.016860023540599893,
    0.02341375871716688,
    0.026883373984795376,
    0.013600135936091344,
    0.014813404421632488,
    0.04703133127962549,
    0.020861934274823093
  ],
  "val_acc": [
    0.49270833333333336,
    0.7375,
    0.9145833333333333,
    0.9552083333333333,
    0.9770833333333333,
    0.9802083333333333,
    0.984375,
    0.9864583333333333,
    0.9864583333333333,
    0.9864583333333333,
    0.9895833333333334,
    0.9885416666666667,
    0.990625,
    0.9916666666666667,
    0.9895833333333334,
    0.9875,
    0.9916666666666667,
    0.9895833333333334,
    0.9927083333333333,
    0.9916666666666667,
    0.99375,
    0.990625,
    0.9875,
    0.9916666666666667,
    0.9895833333333334,
    0.9947916666666666,
    0.9916666666666667,
    0.9895833333333334,
    0.9958333333333333,
    0.99375,
    0.9958333333333333,
    0.9927083333333333,
    0.9958333333333333,
    0.9958333333333333,
    0.9947916666666666,
    0.9916666666666667,
    0.9947916666666666
  ]
}