{
  "split": 8,
  "fold": 3,
  "acc": 0.9954166666666666,
  "auc_unknown": 0.9916452777777778,
  "auc_drift_rx": 0.9417492939814816,
  "auc_drift_day": 0.859451423611111,
  "tau_id": -0.9861047863960266,
  "tau_dom": 2914.61376953125,
  "FRR_stable": 0.08875,
  "false_drift_stable": 0.03875,
  "FAR_unknown_accept": 0.0011666666666666668,
  "miss_drift": 0.20647916666666666,
  "confusion_matrix": [
    [
      2187,
      93,
      120
    ],
    [
      9911,
      10344,
      27745
    ],
    [
      35,
      2094,
      27871
    ]
  ]
}