{
  "tau_id": -0.9861047863960266,
  "tau_dom": 2914.61376953125
}