{
  "split": 4,
  "fold": 1,
  "false_drift_target": 0.1,
  "tau_id": -1.438014030456543,
  "tau_dom": 1434.357421875,
  "tau_conf": 0.9962173104286194,
  "pseudo_acc_rx": 0.6009444444444444,
  "pseudo_acc_day": 0.7235,
  "pseudo_acc_all": 0.6315833333333334,
  "gate_precision": 0.9143576826196473,
  "gate_recall": 0.1815,
  "gate_keep_ratio": 0.0794,
  "conf_precision": 0.9138149556400507,
  "conf_recall": 0.18025,
  "conf_keep_ratio": 0.0789,
  "conf_keep_given_gate": 0.9937027707808564,
  "adapt_stream_size": 10000,
  "gate_size": 794,
  "conf_size": 789,
  "oracle_size": 4000,
  "NoAdapt": {
    "stable_acc": 0.9970833333333333,
    "drift_acc_rx": 0.592,
    "drift_acc_day": 0.7386666666666667,
    "drift_acc_all": 0.6653333333333333,
    "FRR_stable": 0.14166666666666672,
    "FAR_unknown_accept": 0.0,
    "miss_drift_rx": 0.126,
    "miss_drift_day": 0.28633333333333333,
    "miss_drift_all": 0.20616666666666666,
    "auc_unknown_eval": 0.9963630555555555
  },
  "UngatedAdapt": {
    "stable_acc": 0.9966666666666667,
    "drift_acc_rx": 0.5943333333333334,
    "drift_acc_day": 0.738,
    "drift_acc_all": 0.6661666666666667,
    "FRR_stable": 0.2958333333333333,
    "FAR_unknown_accept": 0.0,
    "miss_drift_rx": 0.124,
    "miss_drift_day": 0.25933333333333336,
    "miss_drift_all": 0.19166666666666668,
    "auc_unknown_eval": 0.9926132407407408
  },
  "OracleGatePseudoAdapt": {
    "stable_acc": 0.9970833333333333,
    "drift_acc_rx": 0.5946666666666667,
    "drift_acc_day": 0.742,
    "drift_acc_all": 0.6683333333333333,
    "FRR_stable": 0.1925,
    "FAR_unknown_accept": 0.0,
    "miss_drift_rx": 0.11566666666666667,
    "miss_drift_day": 0.25666666666666665,
    "miss_drift_all": 0.18616666666666667,
    "auc_unknown_eval": 0.9941065740740741
  },
  "OracleLabelAdapt": {
    "stable_acc": 0.9995833333333334,
    "drift_acc_rx": 0.9483333333333334,
    "drift_acc_day": 0.999,
    "drift_acc_all": 0.9736666666666667,
    "FRR_stable": 0.3779166666666667,
    "FAR_unknown_accept": 0.0,
    "miss_drift_rx": 0.10166666666666667,
    "miss_drift_day": 0.20366666666666666,
    "miss_drift_all": 0.15266666666666667,
    "auc_unknown_eval": 0.9974306944444444
  },
  "GatedAdapt": {
    "stable_acc": 0.9979166666666667,
    "drift_acc_rx": 0.6146666666666667,
    "drift_acc_day": 0.7766666666666666,
    "drift_acc_all": 0.6956666666666667,
    "FRR_stable": 0.13749999999999996,
    "FAR_unknown_accept": 0.0,
    "miss_drift_rx": 0.12833333333333333,
    "miss_drift_day": 0.2936666666666667,
    "miss_drift_all": 0.211,
    "auc_unknown_eval": 0.9962993055555557
  },
  "GatedConfAdapt": {
    "stable_acc": 0.9979166666666667,
    "drift_acc_rx": 0.6133333333333333,
    "drift_acc_day": 0.7733333333333333,
    "drift_acc_all": 0.6933333333333334,
    "FRR_stable": 0.13749999999999996,
    "FAR_unknown_accept": 0.0,
    "miss_drift_rx": 0.128,
    "miss_drift_day": 0.2946666666666667,
    "miss_drift_all": 0.21133333333333335,
    "auc_unknown_eval": 0.9963477314814814
  }
}