{
  "split": 4,
  "fold": 1,
  "false_drift_target": 0.2,
  "tau_id": -1.438014030456543,
  "tau_dom": 968.9525146484375,
  "tau_conf": 0.9962173104286194,
  "pseudo_acc_rx": 0.6009444444444444,
  "pseudo_acc_day": 0.7235,
  "pseudo_acc_all": 0.6315833333333334,
  "gate_precision": 0.9305413687436159,
  "gate_recall": 0.22775,
  "gate_keep_ratio": 0.0979,
  "conf_precision": 0.9301130524152107,
  "conf_recall": 0.22625,
  "conf_keep_ratio": 0.0973,
  "conf_keep_given_gate": 0.9938712972420838,
  "adapt_stream_size": 10000,
  "gate_size": 979,
  "conf_size": 973,
  "oracle_size": 4000,
  "NoAdapt": {
    "stable_acc": 0.9970833333333333,
    "drift_acc_rx": 0.592,
    "drift_acc_day": 0.7386666666666667,
    "drift_acc_all": 0.6653333333333333,
    "FRR_stable": 0.235,
    "FAR_unknown_accept": 0.0,
    "miss_drift_rx": 0.09166666666666666,
    "miss_drift_day": 0.22633333333333333,
    "miss_drift_all": 0.159,
    "auc_unknown_eval": 0.9963630555555555
  },
  "UngatedAdapt": {
    "stable_acc": 0.9966666666666667,
    "drift_acc_rx": 0.5943333333333334,
    "drift_acc_day": 0.738,
    "drift_acc_all": 0.6661666666666667,
    "FRR_stable": 0.35291666666666666,
    "FAR_unknown_accept": 0.0,
    "miss_drift_rx": 0.09133333333333334,
    "miss_drift_day": 0.215,
    "miss_drift_all": 0.15316666666666667,
    "auc_unknown_eval": 0.9926132407407408
  },
  "OracleGatePseudoAdapt": {
    "stable_acc": 0.9970833333333333,
    "drift_acc_rx": 0.5946666666666667,
    "drift_acc_day": 0.742,
    "drift_acc_all": 0.6683333333333333,
    "FRR_stable": 0.2841666666666667,
    "FAR_unknown_accept": 0.0,
    "miss_drift_rx": 0.08466666666666667,
    "miss_drift_day": 0.19733333333333333,
    "miss_drift_all": 0.141,
    "auc_unknown_eval": 0.9941065740740741
  },
  "OracleLabelAdapt": {
    "stable_acc": 0.9995833333333334,
    "drift_acc_rx": 0.9483333333333334,
    "drift_acc_day": 0.999,
    "drift_acc_all": 0.9736666666666667,
    "FRR_stable": 0.4429166666666666,
    "FAR_unknown_accept": 0.0,
    "miss_drift_rx": 0.07366666666666667,
    "miss_drift_day": 0.165,
    "miss_drift_all": 0.11933333333333333,
    "auc_unknown_eval": 0.9974306944444444
  },
  "GatedAdapt": {
    "stable_acc": 0.9979166666666667,
    "drift_acc_rx": 0.6133333333333333,
    "drift_acc_day": 0.7753333333333333,
    "drift_acc_all": 0.6943333333333334,
    "FRR_stable": 0.22999999999999998,
    "FAR_unknown_accept": 0.0,
    "miss_drift_rx": 0.09366666666666666,
    "miss_drift_day": 0.23466666666666666,
    "miss_drift_all": 0.16416666666666666,
    "auc_unknown_eval": 0.9963382870370371
  },
  "GatedConfAdapt": {
    "stable_acc": 0.9979166666666667,
    "drift_acc_rx": 0.6143333333333333,
    "drift_acc_day": 0.7793333333333333,
    "drift_acc_all": 0.6968333333333333,
    "FRR_stable": 0.2316666666666667,
    "FAR_unknown_accept": 0.0,
    "miss_drift_rx": 0.09366666666666666,
    "miss_drift_day": 0.233,
    "miss_drift_all": 0.16333333333333333,
    "auc_unknown_eval": 0.9963626388888888
  }
}