{
  "split": 4,
  "fold": 1,
  "false_drift_target": 0.05,
  "tau_id": -1.438014030456543,
  "tau_dom": 2271.51123046875,
  "tau_conf": 0.9962173104286194,
  "pseudo_acc_rx": 0.6009444444444444,
  "pseudo_acc_day": 0.7235,
  "pseudo_acc_all": 0.6315833333333334,
  "gate_precision": 0.8752293577981651,
  "gate_recall": 0.11925,
  "gate_keep_ratio": 0.0545,
  "conf_precision": 0.8752293577981651,
  "conf_recall": 0.11925,
  "conf_keep_ratio": 0.0545,
  "conf_keep_given_gate": 1.0,
  "adapt_stream_size": 10000,
  "gate_size": 545,
  "conf_size": 545,
  "oracle_size": 4000,
  "NoAdapt": {
    "stable_acc": 0.9970833333333333,
    "drift_acc_rx": 0.592,
    "drift_acc_day": 0.7386666666666667,
    "drift_acc_all": 0.6653333333333333,
    "FRR_stable": 0.09458333333333335,
    "FAR_unknown_accept": 0.0,
    "miss_drift_rx": 0.17133333333333334,
    "miss_drift_day": 0.37233333333333335,
    "miss_drift_all": 0.2718333333333333,
    "auc_unknown_eval": 0.9963630555555555
  },
  "UngatedAdapt": {
    "stable_acc": 0.9966666666666667,
    "drift_acc_rx": 0.5943333333333334,
    "drift_acc_day": 0.738,
    "drift_acc_all": 0.6661666666666667,
    "FRR_stable": 0.26541666666666663,
    "FAR_unknown_accept": 0.0,
    "miss_drift_rx": 0.159,
    "miss_drift_day": 0.308,
    "miss_drift_all": 0.2335,
    "auc_unknown_eval": 0.9926132407407408
  },
  "OracleGatePseudoAdapt": {
    "stable_acc": 0.9970833333333333,
    "drift_acc_rx": 0.5946666666666667,
    "drift_acc_day": 0.742,
    "drift_acc_all": 0.6683333333333333,
    "FRR_stable": 0.14625,
    "FAR_unknown_accept": 0.0,
    "miss_drift_rx": 0.15533333333333332,
    "miss_drift_day": 0.3406666666666667,
    "miss_drift_all": 0.248,
    "auc_unknown_eval": 0.9941065740740741
  },
  "OracleLabelAdapt": {
    "stable_acc": 0.9995833333333334,
    "drift_acc_rx": 0.9483333333333334,
    "drift_acc_day": 0.999,
    "drift_acc_all": 0.9736666666666667,
    "FRR_stable": 0.3404166666666667,
    "FAR_unknown_accept": 0.0,
    "miss_drift_rx": 0.125,
    "miss_drift_day": 0.23933333333333334,
    "miss_drift_all": 0.18216666666666667,
    "auc_unknown_eval": 0.9974306944444444
  },
  "GatedAdapt": {
    "stable_acc": 0.9979166666666667,
    "drift_acc_rx": 0.6143333333333333,
    "drift_acc_day": 0.7753333333333333,
    "drift_acc_all": 0.6948333333333333,
    "FRR_stable": 0.09083333333333332,
    "FAR_unknown_accept": 0.0,
    "miss_drift_rx": 0.17166666666666666,
    "miss_drift_day": 0.37933333333333336,
    "miss_drift_all": 0.2755,
    "auc_unknown_eval": 0.9963524074074075
  },
  "GatedConfAdapt": {
    "stable_acc": 0.9979166666666667,
    "drift_acc_rx": 0.6133333333333333,
    "drift_acc_day": 0.777,
    "drift_acc_all": 0.6951666666666667,
    "FRR_stable": 0.09125000000000005,
    "FAR_unknown_accept": 0.0,
    "miss_drift_rx": 0.17133333333333334,
    "miss_drift_day": 0.37766666666666665,
    "miss_drift_all": 0.2745,
    "auc_unknown_eval": 0.9962644444444444
  }
}