{
  "train_loss": [
    0.8540527350372739,
    0.31864745616912843,
    0.07134813794659244,
    0.023990795512994132,
    0.016882578945822187,
    0.01594451347159015,
    0.012263744945327441,
    0.008654552108297745,
    0.009944947198447254,
    0.008380869139606754,
    0.007584313872373767,
    0.006662072189566162,
    0.006259535444486472,
    0.005562853275073899,
    0.004430941973502437,
    0.004947020708479815,
    0.0031344489530763693,
    0.0043755715428334145,
    0.00336810141387913,
    0.0024452366503990358,
    0.0031555121182464062,
    0.0036308508443956573,
    0.003363550698850304,
    0.00208310308193581,
    0.0013186388700786565,
    0.0015199328384672601,
    0.0013177228884564507,
    0.0013482191289464632,
    0.001410603976627398,
    0.0017919304004559915,
    0.0016524784098793236,
    0.0012936554545174457,
    0.0020034433420126636,
    0.0011979205805497865,
    0.000646995659917593,
    0.0009343158945234285,
    0.0010022679486105012,
    0.00114698562796952
  ],
  "train_acc": [
    0.6277777777777778,
    0.9170138888888889,
    0.9881944444444445,
    0.9954861111111111,
    0.9979166666666667,
    0.9975694444444444,
    0.9979166666666667,
    0.9979166666666667,
    0.9982638888888888,
    0.9982638888888888,
    0.9979166666666667,
    0.9979166666666667,
    0.9982638888888888,
    0.9989583333333333,
    0.9993055555555556,
    0.9986111111111111,
    0.9993055555555556,
    0.9993055555555556,
    0.9993055555555556,
    0.9996527777777777,
    0.9982638888888888,
    0.9989583333333333,
    0.9993055555555556,
    0.9996527777777777,
    1.0,
    1.0,
    1.0,
    0.9996527777777777,
    1.0,
    0.9996527777777777,
    0.9996527777777777,
    0.9993055555555556,
    0.9993055555555556,
    0.9996527777777777,
    1.0,
    1.0,
    1.0,
    0.9996527777777777
  ],
  "val_loss": [
    3.548798751831055,
    2.659189319610596,
    1.599109697341919,
    0.9493093252182007,
    0.6255908846855164,
    0.40196163654327394,
    0.2782696962356567,
    0.21697893142700195,
    0.2897235691547394,
    0.273851090669632,
    0.2727858662605286,
    0.2587245345115662,
    0.24097352027893065,
    0.1995499014854431,
    0.14560076594352722,
    0.09703308045864105,
    0.099477419257164,
    0.09736833274364472,
    0.08625129014253616,
    0.04727737605571747,
    0.04318402856588364,
    0.12500581741333008,
    0.03667642995715141,
    0.03763535171747208,
    0.058799059689044954,
    0.06729047298431397,
    0.07345609664916992,
    0.05302745848894119,
    0.042765754461288455,
    0.02980458289384842,
    0.04876021295785904,
    0.017346666008234025,
    0.06889566928148269,
    0.030559317767620088,
    0.030107001960277557,
    0.02511330842971802,
    0.038210293650627135,
    0.01799844764173031
  ],
  "val_acc": [
    0.23125,
    0.36875,
    0.703125,
    0.7375,
    0.796875,
    0.8625,
    0.896875,
    0.915625,
    0.8875,
    0.9,
    0.896875,
    0.90625,
    0.90625,
    0.925,
    0.9375,
    0.959375,
    0.953125,
    0.953125,
    0.959375,
    0.98125,
    0.9875,
    0.94375,
    0.99375,
    0.99375,
    0.98125,
    0.978125,
    0.98125,
    0.984375,
    0.9875,
    0.996875,
    0.984375,
    0.996875,
    0.965625,
    0.9875,
    0.9875,
    0.990625,
    0.984375,
    0.99375
  ]
}