{
  "fold": 4,
  "acc_in_domain": 0.9875,
  "auc_unknown": 0.9923068749999999,
  "auc_drift_rx": 0.9891412500000001,
  "auc_drift_day": 0.9216815624999999,
  "tau_id": 0.972328782081604,
  "tau_dom": 6534.6328125
}