{
  "train_loss": [
    0.4687629201897868,
    0.1296613474962888,
    0.04180175414377892,
    0.028774311469384917,
    0.022514384629687776,
    0.01644060735038861,
    0.016707472822249488,
    0.014263435349696213,
    0.010433206193287064,
    0.009933754304182474,
    0.008190027433792475,
    0.008117088467676054,
    0.009206677110072363,
    0.00451518591683082,
    0.006085885408834589,
    0.008678974624274782,
    0.004628332717671852,
    0.00339408881350041,
    0.005285342332380996,
    0.005549209692981094,
    0.004876671380285794,
    0.006649014959542977,
    0.004784198072782062,
    0.004142085518429262,
    0.005486641080912065,
    0.003665088034769589,
    0.0029308538720080697,
    0.0025757282207012865,
    0.00468741774330502,
    0.005534644653434279,
    0.001992003085346099,
    0.0034404607999561077,
    0.0031480366377056473,
    0.003693660900872028,
    0.002721465101435401,
    0.0027509027042132974,
    0.0021729913275016265
  ],
  "train_acc": [
    0.797337962962963,
    0.9476851851851852,
    0.9871527777777778,
    0.9914351851851851,
    0.9924768518518519,
    0.9951388888888889,
    0.9946759259259259,
    0.9953703703703703,
    0.996875,
    0.9976851851851852,
    0.9974537037037037,
    0.9974537037037037,
    0.996875,
    0.9990740740740741,
    0.9979166666666667,
    0.996875,
    0.9986111111111111,
    0.9993055555555556,
    0.9981481481481481,
    0.997800925925926,
    0.9982638888888888,
    0.997800925925926,
    0.9984953703703704,
    0.9984953703703704,
    0.9980324074074074,
    0.9987268518518518,
    0.9991898148148148,
    0.9991898148148148,
    0.9986111111111111,
    0.997800925925926,
    0.9994212962962963,
    0.9990740740740741,
    0.9989583333333333,
    0.9986111111111111,
    0.9993055555555556,
    0.999537037037037,
    0.9994212962962963
  ],
  "val_loss": [
    1.3426331679026287,
    0.5836978316307068,
    0.3672488331794739,
    0.36768365104993184,
    0.2319283107916514,
    0.2618489325046539,
    0.16853652497132618,
    0.09870251218477885,
    0.06959197868903479,
    0.14825428128242493,
    0.09504966090122859,
    0.1209557076295217,
    0.04154025310029586,
    0.04425410230954488,
    0.030904240533709527,
    0.021140581043437124,
    0.016009806608781218,
    0.02122156973928213,
    0.02608927749097347,
    0.034223268801967306,
    0.013357685118292769,
    0.013205161783844233,
    0.012708484567701817,
    0.02734390050172806,
    0.01352750234461079,
    0.026634385312596955,
    0.026893475775917372,
    0.014225580791632334,
    0.0063688810972962525,
    0.021908253190728526,
    0.01577365951767812,
    0.02925471691414714,
    0.014826011463689307,
    0.008758175237259518,
    0.008822110754014527,
    0.01955948103083453,
    0.01044848516661053
  ],
  "val_acc": [
    0.671875,
    0.7958333333333333,
    0.8645833333333334,
    0.859375,
    0.90625,
    0.8979166666666667,
    0.9322916666666666,
    0.959375,
    0.98125,
    0.9375,
    0.9625,
    0.9552083333333333,
    0.9916666666666667,
    0.984375,
    0.990625,
    0.9947916666666666,
    0.9958333333333333,
    0.9947916666666666,
    0.9927083333333333,
    0.990625,
    0.996875,
    0.9958333333333333,
    0.996875,
    0.99375,
    0.996875,
    0.9916666666666667,
    0.9927083333333333,
    0.9958333333333333,
    0.9979166666666667,
    0.99375,
    0.9958333333333333,
    0.996875,
    0.996875,
    0.9979166666666667,
    0.996875,
    0.9958333333333333,
    0.996875
  ]
}