{
  "split": 14,
  "fold": 1,
  "acc": 0.9979166666666667,
  "auc_unknown": 0.979670625,
  "auc_drift_rx": 0.9377138136574075,
  "auc_drift_day": 0.7933941319444445,
  "tau_id": -1.1768629550933838,
  "tau_dom": 1715.6368408203125,
  "FRR_stable": 0.09583333333333333,
  "false_drift_stable": 0.04583333333333333,
  "FAR_unknown_accept": 0.012333333333333333,
  "miss_drift": 0.2651875,
  "confusion_matrix": [
    [
      2170,
      110,
      120
    ],
    [
      12729,
      6814,
      28457
    ],
    [
      370,
      3129,
      26501
    ]
  ]
}