{
  "tau_id": -1.1768629550933838,
  "tau_dom": 1715.6368408203125
}