{
  "train_loss": [
    0.6314770433637831,
    0.19228784588200074,
    0.07937734074614666,
    0.050374173711019536,
    0.03860898275894147,
    0.026785229888089276,
    0.02602086494228354,
    0.021338453957879984,
    0.01889204521904941,
    0.01667297250220414,
    0.013169795483419742,
    0.01200161580324035,
    0.012114916284810063,
    0.010899532984735238,
    0.008136270365988215,
    0.009025039216417268,
    0.008492479158599896,
    0.0071339503495471066,
    0.00669378509218977,
    0.006780406993089451,
    0.00645935527907029,
    0.00703949978902798,
    0.006561322145905621,
    0.003883229253201366,
    0.00501716484173408,
    0.004670804028649366,
    0.0035100239893869943,
    0.007196633263999872,
    0.0038068272423482053,
    0.0034793920733069104,
    0.003605376168356829,
    0.005737156390764371,
    0.0027917342329466786,
    0.0016263373944201266,
    0.0033211509838346736,
    0.0022933398400373,
    0.0021422021038705243,
    0.00340402786408689,
    0.0021033360232616326,
    0.0010049497776587182,
    0.004277518725656491,
    0.003012138943368983,
    0.0013844324808343555,
    0.001629566418921092,
    0.0036442429406128617,
    0.002775985874554694
  ],
  "train_acc": [
    0.720949074074074,
    0.9261574074074074,
    0.9746527777777778,
    0.9855324074074074,
    0.9881944444444445,
    0.9918981481481481,
    0.991550925925926,
    0.992824074074074,
    0.9943287037037037,
    0.9947916666666666,
    0.9960648148148148,
    0.9959490740740741,
    0.9953703703703703,
    0.9958333333333333,
    0.9975694444444444,
    0.9971064814814815,
    0.9971064814814815,
    0.9982638888888888,
    0.9979166666666667,
    0.9979166666666667,
    0.997800925925926,
    0.9984953703703704,
    0.9982638888888888,
    0.9990740740740741,
    0.9980324074074074,
    0.9983796296296297,
    0.9989583333333333,
    0.9974537037037037,
    0.9990740740740741,
    0.9989583333333333,
    0.9990740740740741,
    0.9982638888888888,
    0.9987268518518518,
    0.999537037037037,
    0.9989583333333333,
    0.9993055555555556,
    0.9993055555555556,
    0.9988425925925926,
    0.9991898148148148,
    0.9998842592592593,
    0.9987268518518518,
    0.9989583333333333,
    0.999537037037037,
    0.9994212962962963,
    0.9990740740740741,
    0.9990740740740741
  ],
  "val_loss": [
    2.0907965660095216,
    1.005931830406189,
    0.6842098037401835,
    0.4714975833892822,
    0.19882104794184366,
    0.2794279138247172,
    0.1810751607020696,
    0.19941615015268327,
    0.15098230044047037,
    0.2030708909034729,
    0.09387203430136044,
    0.06297787502408028,
    0.06021582173804442,
    0.06569902425011,
    0.09338733926415443,
    0.05153236072510481,
    0.05502846452097098,
    0.07599043970306714,
    0.05395098154743513,
    0.11019916012883187,
    0.05505934233466784,
    0.042731687985360624,
    0.03931083362549544,
    0.028301405782500903,
    0.07710402086377144,
    0.015713890564317504,
    0.009944752976298332,
    0.022504786976302663,
    0.029480181944866974,
    0.0047015052841743454,
    0.03602242954075337,
    0.004951060012293358,
    0.02549860755680129,
    0.013927082701896628,
    0.05640351163844268,
    0.014856922129789988,
    0.006542631222206789,
    0.0064677873548741145,
    0.06484068349624673,
    0.0331388518231203,
    0.007817939753294922,
    0.003332317981403321,
    0.008037093204135697,
    0.0024958802522936216,
    0.004893701694284876,
    0.011876984441187233
  ],
  "val_acc": [
    0.51875,
    0.6666666666666666,
    0.7645833333333333,
    0.8166666666666667,
    0.928125,
    0.8875,
    0.93125,
    0.915625,
    0.9395833333333333,
    0.9166666666666666,
    0.9604166666666667,
    0.9729166666666667,
    0.9802083333333333,
    0.9739583333333334,
    0.9666666666666667,
    0.9895833333333334,
    0.9802083333333333,
    0.9708333333333333,
    0.9854166666666667,
    0.9635416666666666,
    0.9864583333333333,
    0.9916666666666667,
    0.9916666666666667,
    0.9916666666666667,
    0.9708333333333333,
    0.9958333333333333,
    0.996875,
    0.9927083333333333,
    0.9916666666666667,
    0.9979166666666667,
    0.99375,
    0.9979166666666667,
    0.9947916666666666,
    0.996875,
    0.9875,
    0.996875,
    0.9979166666666667,
    0.9989583333333333,
    0.990625,
    0.9947916666666666,
    0.996875,
    0.9989583333333333,
    0.996875,
    0.9979166666666667,
    0.9989583333333333,
    0.996875
  ]
}