{
  "fold": 2,
  "acc": 0.99625,
  "AUC_u": 0.9383054513888887,
  "AUC_drRX": 0.681112037037037,
  "AUC_drDAY": 0.5807669444444444
}