{
  "train_loss": [
    0.2907166850442688,
    0.021738634910434484,
    0.012683499495809276,
    0.008709088830208336,
    0.010536017186111874,
    0.007374570093600563,
    0.005584727806530686,
    0.00617773726289333,
    0.004160601685806695,
    0.005236411264114496,
    0.004465667572286394,
    0.002579075889661908,
    0.002796095054536299,
    0.001560811948729679,
    0.003457104007463419,
    0.003002913377928996,
    0.0022614533476169323,
    0.0021212581392049926,
    0.0017228607349183962,
    0.0015911522501415607,
    0.0022867325556473117,
    0.002217232486011064,
    0.0030520283420897884
  ],
  "train_acc": [
    0.9017361111111111,
    0.9959490740740741,
    0.9974537037037037,
    0.9980324074074074,
    0.997800925925926,
    0.9980324074074074,
    0.9986111111111111,
    0.9984953703703704,
    0.9987268518518518,
    0.9982638888888888,
    0.9986111111111111,
    0.9993055555555556,
    0.9991898148148148,
    0.9994212962962963,
    0.9990740740740741,
    0.9990740740740741,
    0.9990740740740741,
    0.9994212962962963,
    0.9993055555555556,
    0.999537037037037,
    0.9996527777777777,
    0.9989583333333333,
    0.9991898148148148
  ],
  "val_loss": [
    1.4526578744252523,
    0.5266039113203684,
    0.31104043622811633,
    0.14169178952773412,
    0.19110090633233387,
    0.07017947112520535,
    0.043609713887174925,
    0.01736420424034198,
    0.047144238278269766,
    0.009665660839527846,
    0.02286705660323302,
    0.014182798987409722,
    0.01346535918613275,
    0.0034494449645232333,
    0.003590833430644125,
    0.0023136399259480337,
    0.0018658044440599043,
    0.0054075232194009,
    0.0051884974430625634,
    0.006630595888661143,
    0.0017486628996266518,
    0.0017376194874183662,
    0.0011233979147315645
  ],
  "val_acc": [
    0.6020833333333333,
    0.7708333333333334,
    0.8677083333333333,
    0.9375,
    0.9125,
    0.9770833333333333,
    0.9864583333333333,
    0.9958333333333333,
    0.98125,
    0.996875,
    0.9947916666666666,
    0.9958333333333333,
    0.996875,
    0.9989583333333333,
    1.0,
    0.9989583333333333,
    0.9989583333333333,
    0.9989583333333333,
    0.9989583333333333,
    0.9979166666666667,
    0.9989583333333333,
    0.9989583333333333,
    1.0
  ]
}