{
  "split": 11,
  "fold": 3,
  "acc": 0.9958333333333333,
  "auc_unknown": 0.6722983333333334,
  "auc_drift_rx": 0.9347984317129627,
  "auc_drift_day": 0.8732723263888889,
  "tau_id": -1.1806799173355103,
  "tau_dom": 2258.23828125,
  "FRR_stable": 0.09166666666666667,
  "false_drift_stable": 0.041666666666666664,
  "FAR_unknown_accept": 0.0683,
  "miss_drift": 0.20852083333333332,
  "confusion_matrix": [
    [
      2180,
      100,
      120
    ],
    [
      10009,
      7830,
      30161
    ],
    [
      2049,
      15364,
      12587
    ]
  ]
}