{
  "tau_id": -1.1806799173355103,
  "tau_dom": 2258.23828125
}