{
  "train_loss": [
    0.17591547213816716,
    0.02101708760967961,
    0.013252933733567687,
    0.011108744245907867,
    0.008633586960804454,
    0.008213154534682816,
    0.007109841390909558,
    0.007440956186231537,
    0.007024316353555251,
    0.006571354556981083,
    0.006076175224482955,
    0.0058609298591891495,
    0.0056346854280154395,
    0.004908141430631211,
    0.005870448065764288,
    0.004660301665896924,
    0.005052440865921075,
    0.005174608842540176,
    0.00470137201586629,
    0.004254285092332636,
    0.003571769917030951,
    0.004893219551139074,
    0.00478912289513068,
    0.004444242747127579,
    0.004579024205421224,
    0.00439602635507285,
    0.004814140964946192,
    0.00374649475130287,
    0.004841052886187731
  ],
  "train_acc": [
    0.9482638888888889,
    0.9944058641975309,
    0.9957561728395061,
    0.9964120370370371,
    0.996875,
    0.9971064814814815,
    0.9972222222222222,
    0.997337962962963,
    0.9974922839506173,
    0.9975694444444444,
    0.9977237654320987,
    0.9979938271604938,
    0.9978395061728395,
    0.9980324074074074,
    0.9976851851851852,
    0.9982253086419753,
    0.9983796296296297,
    0.9981481481481481,
    0.9982253086419753,
    0.9984182098765432,
    0.9986496913580247,
    0.9983796296296297,
    0.9983410493827161,
    0.9984567901234568,
    0.9984182098765432,
    0.9986111111111111,
    0.9984567901234568,
    0.9986496913580247,
    0.9986496913580247
  ],
  "val_loss": [
    0.2430565896961424,
    0.01112025817597492,
    0.01243825542430083,
    0.005961078729807115,
    0.008552857093228441,
    0.005318015923775319,
    0.009349764553593962,
    0.004886139592134795,
    0.005205556509786725,
    0.0041485373781243754,
    0.0043961016734505795,
    0.005700291944524199,
    0.004348111212271356,
    0.003791523068260479,
    0.0037779545247354288,
    0.0038454317806301537,
    0.0035407311928338458,
    0.0033180019249003734,
    0.004017058641612594,
    0.0025949088978854382,
    0.003413525387117665,
    0.00381086904356683,
    0.005413134806763587,
    0.0035761326289502904,
    0.0036851693815454687,
    0.0033734557391451544,
    0.003548576993246873,
    0.0032163902920729014,
    0.003407503956663681
  ],
  "val_acc": [
    0.90625,
    0.9958333333333333,
    0.9965277777777778,
    0.9975694444444444,
    0.9961805555555555,
    0.9982638888888888,
    0.996875,
    0.9975694444444444,
    0.9975694444444444,
    0.9986111111111111,
    0.9975694444444444,
    0.9982638888888888,
    0.9982638888888888,
    0.9986111111111111,
    0.9986111111111111,
    0.9989583333333333,
    0.9986111111111111,
    0.9986111111111111,
    0.9982638888888888,
    0.9989583333333333,
    0.9993055555555556,
    0.9986111111111111,
    0.9986111111111111,
    0.9989583333333333,
    0.9989583333333333,
    0.9989583333333333,
    0.9989583333333333,
    0.9989583333333333,
    0.9986111111111111
  ]
}