{
  "split": 2,
  "fold": 4,
  "acc": 0.9977777777777778,
  "auc_unknown": 0.9328267322530864,
  "auc_drRX_V0": 0.7422878993055556,
  "auc_drRX_V1": 0.885849519675926,
  "auc_drRX_V1k": 0.8415540451388889,
  "auc_drRX_V2": 0.6038729050925926,
  "auc_drRX_V3": 0.6811885358796297,
  "auc_drDAY_V0": 0.5345039101080247,
  "auc_drDAY_V1": 0.7210047357253087,
  "auc_drDAY_V1k": 0.7020203607253086,
  "auc_drDAY_V2": 0.5255072472993827,
  "auc_drDAY_V3": 0.5168392341820988
}