{
  "train_loss": [
    0.26763131933079826,
    0.02041347295873695,
    0.010528949360121732,
    0.007875277678896156,
    0.006162678639197515,
    0.0060787864210498,
    0.00472208242389132,
    0.0037001425074844586,
    0.0030881147053420407,
    0.004219400284691127,
    0.0035196362371573706,
    0.003981860589960383,
    0.0026481144169035057,
    0.003884719157832916,
    0.002740016563782572,
    0.0031524603235690545,
    0.0022356189426284766,
    0.008291463210264704,
    0.002580084407667595,
    0.0031179343715646408,
    0.0021249763872388198,
    0.0027670946689020773,
    0.006997122916099788
  ],
  "train_acc": [
    0.913425925925926,
    0.9972222222222222,
    0.9979166666666667,
    0.9980324074074074,
    0.9987268518518518,
    0.9982638888888888,
    0.9987268518518518,
    0.9988425925925926,
    0.9991898148148148,
    0.9984953703703704,
    0.9991898148148148,
    0.9988425925925926,
    0.9991898148148148,
    0.9988425925925926,
    0.9990740740740741,
    0.9986111111111111,
    0.9991898148148148,
    0.9984953703703704,
    0.9990740740740741,
    0.9989583333333333,
    0.9993055555555556,
    0.9987268518518518,
    0.9989583333333333
  ],
  "val_loss": [
    1.1474236210187276,
    0.2651438573996226,
    0.10519832894206047,
    0.04784827704230944,
    0.03207368633399407,
    0.023488257018228372,
    0.01356983461106817,
    0.014285797656824192,
    0.008924051971795658,
    0.01633495946104328,
    0.006490731309168041,
    0.0054434253252111375,
    0.0024979533317188423,
    0.005740229345004385,
    0.001291146320484889,
    0.002481125675452252,
    0.0020401104954847443,
    0.006764589715749026,
    0.002000669183325954,
    0.0014108361579322566,
    0.0008313390552454318,
    0.024246785145563384,
    0.004951202941204731
  ],
  "val_acc": [
    0.6395833333333333,
    0.8979166666666667,
    0.9541666666666667,
    0.9833333333333333,
    0.9895833333333334,
    0.9895833333333334,
    0.9958333333333333,
    0.9958333333333333,
    0.9979166666666667,
    0.9947916666666666,
    0.9979166666666667,
    0.9989583333333333,
    0.9979166666666667,
    0.9989583333333333,
    1.0,
    0.9989583333333333,
    1.0,
    0.9989583333333333,
    0.9989583333333333,
    1.0,
    1.0,
    0.9895833333333334,
    0.9989583333333333
  ]
}