{
  "split": 2,
  "fold": 3,
  "acc": 0.99875,
  "auc_unknown": {
    "cosine_proto": 0.9212612847222221,
    "MSP": 0.868306875,
    "Energy": 0.9050064583333333,
    "NegEntropy": 0.8693088194444445,
    "Margin": 0.8677453125000001,
    "EmbMaha": 0.9981696527777778
  },
  "auc_drRX": {
    "V1_minDist": 0.911216435185185,
    "V1_softminDist": 0.9112165451388888,
    "V1_mixNLL": 0.9124656770833334,
    "V1_weightedMixNLL": 0.8847951388888889,
    "V0_deviceDist": 0.7861536226851852,
    "V2_rxPooledMinDist": 0.7683967592592592,
    "VZ_pca_minDist": 0.8402811631944445
  },
  "auc_drDAY": {
    "V1_minDist": 0.8042946875000001,
    "V1_softminDist": 0.8042943229166667,
    "V1_mixNLL": 0.8071765277777778,
    "V1_weightedMixNLL": 0.7891685069444444,
    "V0_deviceDist": 0.5665897048611112,
    "V2_rxPooledMinDist": 0.6006138888888889,
    "VZ_pca_minDist": 0.7113587847222222
  }
}