{
  "split": 5,
  "fold": 5,
  "tau_id": -1.2841723799705504,
  "tau_dom": 2640.6572631835897,
  "tau_conf": 0.9958536982536316,
  "pseudo_acc_rx": 0.5566666666666666,
  "pseudo_acc_day": 0.6896666666666667,
  "pseudo_acc_all": 0.6231666666666666,
  "gate_precision": 0.21737340469328942,
  "gate_recall": 0.132,
  "gate_keep_ratio": 0.2429,
  "conf_precision": 0.21746293245469522,
  "conf_recall": 0.132,
  "conf_keep_ratio": 0.2428,
  "conf_keep_given_gate": 0.9995883079456567,
  "adapt_stream_size": 10000,
  "gate_size": 2429,
  "conf_size": 2428,
  "oracle_size": 4000,
  "NoAdapt": {
    "stable_acc": 0.9966666666666667,
    "drift_acc_rx": 0.5566666666666666,
    "drift_acc_day": 0.6896666666666667,
    "drift_acc_all": 0.6231666666666666,
    "FRR_stable": 0.0920833333333333,
    "FAR_unknown_accept": 0.42144444444444445,
    "miss_drift_rx": 0.10433333333333333,
    "miss_drift_day": 0.298,
    "miss_drift_all": 0.20116666666666666,
    "auc_unknown_eval": 0.7095756018518518
  },
  "UngatedAdapt": {
    "stable_acc": 0.9970833333333333,
    "drift_acc_rx": 0.555,
    "drift_acc_day": 0.6813333333333333,
    "drift_acc_all": 0.6181666666666666,
    "FRR_stable": 0.32333333333333336,
    "FAR_unknown_accept": 0.002111111111111111,
    "miss_drift_rx": 0.04833333333333333,
    "miss_drift_day": 0.12033333333333333,
    "miss_drift_all": 0.08433333333333333,
    "auc_unknown_eval": 0.8591187499999999
  },
  "GatedAdapt": {
    "stable_acc": 0.9983333333333333,
    "drift_acc_rx": 0.6306666666666667,
    "drift_acc_day": 0.8683333333333333,
    "drift_acc_all": 0.7495,
    "FRR_stable": 0.09583333333333333,
    "FAR_unknown_accept": 0.3452222222222222,
    "miss_drift_rx": 0.10766666666666666,
    "miss_drift_day": 0.30133333333333334,
    "miss_drift_all": 0.2045,
    "auc_unknown_eval": 0.8291147453703704
  },
  "GatedConfAdapt": {
    "stable_acc": 0.9983333333333333,
    "drift_acc_rx": 0.6226666666666667,
    "drift_acc_day": 0.849,
    "drift_acc_all": 0.7358333333333333,
    "FRR_stable": 0.09083333333333332,
    "FAR_unknown_accept": 0.3982222222222222,
    "miss_drift_rx": 0.109,
    "miss_drift_day": 0.30333333333333334,
    "miss_drift_all": 0.20616666666666666,
    "auc_unknown_eval": 0.7878430555555556
  },
  "OracleGatePseudoAdapt": {
    "stable_acc": 0.9970833333333333,
    "drift_acc_rx": 0.554,
    "drift_acc_day": 0.6786666666666666,
    "drift_acc_all": 0.6163333333333333,
    "FRR_stable": 0.12624999999999997,
    "FAR_unknown_accept": 0.3487777777777778,
    "miss_drift_rx": 0.112,
    "miss_drift_day": 0.264,
    "miss_drift_all": 0.188,
    "auc_unknown_eval": 0.8115110185185186
  },
  "OracleLabelAdapt": {
    "stable_acc": 0.9979166666666667,
    "drift_acc_rx": 0.91,
    "drift_acc_day": 0.9893333333333333,
    "drift_acc_all": 0.9496666666666667,
    "FRR_stable": 0.39083333333333337,
    "FAR_unknown_accept": 0.0,
    "miss_drift_rx": 0.030666666666666665,
    "miss_drift_day": 0.08966666666666667,
    "miss_drift_all": 0.06016666666666667,
    "auc_unknown_eval": 0.8670179166666667
  }
}