{
  "split": 1,
  "fold": 5,
  "acc": 0.9975,
  "auc_unknown": 0.7328509027777779,
  "auc_drift_rx": 0.9482818344907407,
  "auc_drift_day": 0.8489857291666667,
  "tau_id_single": -963.2338012695312,
  "tau_dom_single": 2556.329833984373,
  "tau_id_low": -2839.537155761718,
  "tau_id_high": -732.21025390625,
  "tau_dom_dual": 2556.329833984373,
  "single": {
    "FRR_stable": 0.09250000000000003,
    "false_drift_stable": 0.0425,
    "FAR_unknown_accept": 0.28686666666666666,
    "miss_drift": 0.14347916666666666
  },
  "dual_conservative": {
    "FRR_stable": 0.14125,
    "false_drift_stable": 0.04583333333333333,
    "FAR_unknown_accept": 0.24123333333333333,
    "miss_drift": 0.12645833333333334
  },
  "dual_balanced": {
    "FRR_stable": 0.05583333333333329,
    "false_drift_stable": 0.04583333333333333,
    "FAR_unknown_accept": 0.4019666666666667,
    "miss_drift": 0.25052083333333336
  },
  "confusion_matrix_single": [
    [
      2178,
      102,
      120
    ],
    [
      6887,
      6498,
      34615
    ],
    [
      8606,
      8266,
      13128
    ]
  ],
  "confusion_matrix_dual_conservative": [
    [
      2061,
      110,
      229
    ],
    [
      6070,
      12591,
      29339
    ],
    [
      7237,
      13692,
      9071
    ]
  ],
  "confusion_matrix_dual_balanced": [
    [
      2266,
      110,
      24
    ],
    [
      12025,
      12591,
      23384
    ],
    [
      12059,
      13692,
      4249
    ]
  ],
  "semantic_region_counts": {
    "0": 15368,
    "1": 12525,
    "2": 5643,
    "3": 22014,
    "4": 10982,
    "5": 13868
  }
}