{
  "tau_id_single": -963.2338012695312,
  "tau_dom_single": 2556.329833984373,
  "tau_id_low": -2839.537155761718,
  "tau_id_high": -732.21025390625,
  "tau_dom_dual": 2556.329833984373
}