{
  "train_loss": [
    0.2864314638768081,
    0.02401832921292495,
    0.016253986439012266,
    0.011121463639385723,
    0.008436621900613386,
    0.006339721513601641,
    0.005018146019601435,
    0.007321793969323928,
    0.0041180249329449406,
    0.003570850979519525,
    0.003474908199213031,
    0.0060390274001595875,
    0.002900297291300915,
    0.003444539732084161,
    0.0030547015683690983,
    0.0031159042911086646,
    0.0017422355131539345,
    0.0021274902361997023,
    0.0034644656365142306,
    0.003360681326443295,
    0.003208898468680369
  ],
  "train_acc": [
    0.9171296296296296,
    0.9958333333333333,
    0.9964120370370371,
    0.997337962962963,
    0.9976851851851852,
    0.9980324074074074,
    0.9984953703703704,
    0.997800925925926,
    0.9989583333333333,
    0.9990740740740741,
    0.9988425925925926,
    0.9975694444444444,
    0.9991898148148148,
    0.9988425925925926,
    0.9988425925925926,
    0.9988425925925926,
    0.9994212962962963,
    0.9993055555555556,
    0.9986111111111111,
    0.9989583333333333,
    0.9991898148148148
  ],
  "val_loss": [
    0.8915448427200318,
    0.5329788049062093,
    0.16154926568269729,
    0.08215412944555282,
    0.06763910601536433,
    0.035555340846379596,
    0.027170700828234355,
    0.023627607462306816,
    0.012805035275717577,
    0.004268239935239156,
    0.008311696009089549,
    0.007859730254858732,
    0.004127312055788934,
    0.0028901221385846535,
    0.0034597398713231086,
    0.005195046922502418,
    0.0024149834644049406,
    0.003198602869330595,
    0.007983056153170765,
    0.0018780603238459056,
    0.002226385068691646
  ],
  "val_acc": [
    0.7145833333333333,
    0.8010416666666667,
    0.9385416666666667,
    0.9708333333333333,
    0.9739583333333334,
    0.9916666666666667,
    0.99375,
    0.99375,
    0.996875,
    0.9989583333333333,
    0.996875,
    0.996875,
    1.0,
    0.9979166666666667,
    1.0,
    0.9989583333333333,
    1.0,
    0.9979166666666667,
    0.996875,
    0.9989583333333333,
    1.0
  ]
}