{
  "split": 11,
  "fold": 5,
  "acc": 0.9975,
  "auc_unknown": 0.6779140277777778,
  "auc_drift_rx": 0.9383966666666667,
  "auc_drift_day": 0.8560721354166667,
  "tau_id": -1.2162446975708008,
  "tau_dom": 1981.485107421875,
  "FRR_stable": 0.09375,
  "false_drift_stable": 0.04375,
  "FAR_unknown_accept": 0.06016666666666667,
  "miss_drift": 0.19483333333333333,
  "confusion_matrix": [
    [
      2175,
      105,
      120
    ],
    [
      9352,
      8092,
      30556
    ],
    [
      1805,
      15551,
      12644
    ]
  ]
}