{
  "tau_id": -1.2162446975708008,
  "tau_dom": 1981.485107421875
}