{
  "train_loss": [
    0.33326116676131884,
    0.03188315052194176,
    0.017742740919951486,
    0.012610438060774295,
    0.010280755699474226,
    0.006744080013164354,
    0.006447741154719282,
    0.007736112766778442,
    0.004769394475281135,
    0.00458072982987182,
    0.005803952808923054,
    0.003023920713544444,
    0.003064556138512368,
    0.0024876674738522897,
    0.002560055243601609
  ],
  "train_acc": [
    0.8752314814814814,
    0.9920138888888889,
    0.9957175925925926,
    0.9967592592592592,
    0.9974537037037037,
    0.9983796296296297,
    0.9981481481481481,
    0.9974537037037037,
    0.9984953703703704,
    0.9983796296296297,
    0.9983796296296297,
    0.9993055555555556,
    0.9990740740740741,
    0.9989583333333333,
    0.9991898148148148
  ],
  "val_loss": [
    0.6105528950691224,
    0.3085723529259364,
    0.20616177320480347,
    0.0821186271806558,
    0.05426629570623239,
    0.07183395077784856,
    0.016677306033670902,
    0.034469586238265036,
    0.014320868191619714,
    0.028905688039958476,
    0.04666352259616057,
    0.010309474620347222,
    0.017292138220121465,
    0.014815767668187619,
    0.011452386435121299
  ],
  "val_acc": [
    0.8041666666666667,
    0.8697916666666666,
    0.9072916666666667,
    0.9729166666666667,
    0.984375,
    0.9739583333333334,
    0.996875,
    0.9885416666666667,
    0.996875,
    0.9916666666666667,
    0.9833333333333333,
    0.996875,
    0.9958333333333333,
    0.9958333333333333,
    0.996875
  ]
}