{
  "split": 7,
  "fold": 2,
  "acc": 0.9970833333333333,
  "auc_unknown": 0.8744536805555556,
  "auc_drift_rx": 0.9342280497685185,
  "auc_drift_day": 0.8730779513888888,
  "tau_id": -1.5674326419830322,
  "tau_dom": 2148.554931640625,
  "FRR_stable": 0.09458333333333335,
  "false_drift_stable": 0.044583333333333336,
  "FAR_unknown_accept": 0.0162,
  "miss_drift": 0.278375,
  "confusion_matrix": [
    [
      2173,
      107,
      120
    ],
    [
      13362,
      11815,
      22823
    ],
    [
      486,
      7897,
      21617
    ]
  ]
}