{
  "tau_id": -1.5674326419830322,
  "tau_dom": 2148.554931640625
}