{
  "split": 1,
  "fold": 5,
  "acc": 0.99625,
  "auc_drift_rx": 0.9530821469907409,
  "auc_drift_day": 0.8713984027777777,
  "tau_dom": 2569.975024414059,
  "sid_results": {
    "EmbMaha": {
      "tau_id": -1057.4430786132812,
      "auc_unknown": 0.7232332986111111,
      "FRR_stable": 0.0920833333333333,
      "false_drift_stable": 0.042083333333333334,
      "FAR_unknown_accept": 0.3884,
      "miss_drift": 0.15254166666666666,
      "confusion_matrix": [
        [
          2179,
          101,
          120
        ],
        [
          7322,
          7898,
          32780
        ],
        [
          11652,
          12470,
          5878
        ]
      ]
    },
    "Energy": {
      "tau_id": 5.806283020973206,
      "auc_unknown": 0.7144313194444444,
      "FRR_stable": 0.09499999999999997,
      "false_drift_stable": 0.045,
      "FAR_unknown_accept": 0.4043,
      "miss_drift": 0.20235416666666667,
      "confusion_matrix": [
        [
          2172,
          108,
          120
        ],
        [
          9713,
          14750,
          23537
        ],
        [
          12129,
          14529,
          3342
        ]
      ]
    },
    "Fusion_lam0.25": {
      "tau_id": -1.0981991291046143,
      "auc_unknown": 0.7685281944444444,
      "FRR_stable": 0.09250000000000003,
      "false_drift_stable": 0.0425,
      "FAR_unknown_accept": 0.3859666666666667,
      "miss_drift": 0.147875,
      "confusion_matrix": [
        [
          2178,
          102,
          120
        ],
        [
          7098,
          7558,
          33344
        ],
        [
          11579,
          12106,
          6315
        ]
      ]
    },
    "Fusion_lam0.5": {
      "tau_id": -1.459715574979782,
      "auc_unknown": 0.7727888888888889,
      "FRR_stable": 0.09291666666666665,
      "false_drift_stable": 0.042916666666666665,
      "FAR_unknown_accept": 0.38706666666666667,
      "miss_drift": 0.1509375,
      "confusion_matrix": [
        [
          2177,
          103,
          120
        ],
        [
          7245,
          7956,
          32799
        ],
        [
          11612,
          12188,
          6200
        ]
      ]
    },
    "Fusion_lam1.0": {
      "tau_id": -2.2618561029434203,
      "auc_unknown": 0.758280763888889,
      "FRR_stable": 0.09375,
      "false_drift_stable": 0.04375,
      "FAR_unknown_accept": 0.3888,
      "miss_drift": 0.16145833333333334,
      "confusion_matrix": [
        [
          2175,
          105,
          120
        ],
        [
          7750,
          8669,
          31581
        ],
        [
          11664,
          12382,
          5954
        ]
      ]
    },
    "Fusion_lam1.5": {
      "tau_id": -3.08860160112381,
      "auc_unknown": 0.7527029861111111,
      "FRR_stable": 0.09375,
      "false_drift_stable": 0.04375,
      "FAR_unknown_accept": 0.3903333333333333,
      "miss_drift": 0.17029166666666667,
      "confusion_matrix": [
        [
          2175,
          105,
          120
        ],
        [
          8174,
          9211,
          30615
        ],
        [
          11710,
          12596,
          5694
        ]
      ]
    },
    "Fusion_lam2.0": {
      "tau_id": -3.921935665607452,
      "auc_unknown": 0.7491878472222223,
      "FRR_stable": 0.09375,
      "false_drift_stable": 0.04375,
      "FAR_unknown_accept": 0.39136666666666664,
      "miss_drift": 0.1758125,
      "confusion_matrix": [
        [
          2175,
          105,
          120
        ],
        [
          8439,
          9621,
          29940
        ],
        [
          11741,
          12768,
          5491
        ]
      ]
    }
  },
  "best_sid": "Fusion_lam0.5"
}