{
  "split": 3,
  "fold": 4,
  "acc": 0.9941666666666666,
  "auc_unknown": 0.9940843749999999,
  "auc_drift_rx": 0.9252189293981482,
  "auc_drift_day": 0.8328486111111112,
  "tau_id": -1028.0047607421875,
  "tau_dom": 1865.3546142578125,
  "FRR_stable": 0.09125000000000005,
  "false_drift_stable": 0.04125,
  "FAR_unknown_accept": 0.03383333333333333,
  "miss_drift": 0.3122916666666667,
  "confusion_matrix": [
    [
      2181,
      99,
      120
    ],
    [
      14990,
      6553,
      26457
    ],
    [
      1015,
      1238,
      27747
    ]
  ]
}