{
  "tau_id": -1028.0047607421875,
  "tau_dom": 1865.3546142578125
}