{
  "split": 3,
  "fold": 5,
  "acc": 0.99875,
  "auc_unknown": 0.9875634027777779,
  "auc_drift_rx": 0.9227581423611112,
  "auc_drift_day": 0.8152039409722222,
  "tau_id": -1081.2796630859375,
  "tau_dom": 2034.08349609375,
  "FRR_stable": 0.09458333333333335,
  "false_drift_stable": 0.044583333333333336,
  "FAR_unknown_accept": 0.05126666666666667,
  "miss_drift": 0.2999791666666667,
  "confusion_matrix": [
    [
      2173,
      107,
      120
    ],
    [
      14399,
      5672,
      27929
    ],
    [
      1538,
      1541,
      26921
    ]
  ]
}