{
  "tau_id": -1081.2796630859375,
  "tau_dom": 2034.08349609375
}