{
  "split": 1,
  "fold": 3,
  "false_drift_target": 0.05,
  "tau_id": -1.2759971618652344,
  "tau_dom": 2662.694091796875,
  "tau_conf": 0.9938058853149414,
  "pseudo_acc_rx": 0.5885,
  "pseudo_acc_day": 0.6494166666666666,
  "pseudo_acc_all": 0.6037291666666667,
  "gate_precision": 0.13912460920053596,
  "gate_recall": 0.15575,
  "gate_keep_ratio": 0.4478,
  "conf_precision": 0.13924334004925007,
  "conf_recall": 0.1555,
  "conf_keep_ratio": 0.4467,
  "conf_keep_given_gate": 0.9975435462259937,
  "adapt_stream_size": 10000,
  "gate_size": 4478,
  "conf_size": 4467,
  "oracle_size": 4000,
  "NoAdapt": {
    "stable_acc": 0.9966666666666667,
    "drift_acc_rx": 0.581,
    "drift_acc_day": 0.6446666666666667,
    "drift_acc_all": 0.6128333333333333,
    "FRR_stable": 0.09333333333333338,
    "FAR_unknown_accept": 0.16866666666666666,
    "miss_drift_rx": 0.09266666666666666,
    "miss_drift_day": 0.3486666666666667,
    "miss_drift_all": 0.22066666666666668,
    "auc_unknown_eval": 0.7839047916666666
  },
  "UngatedAdapt": {
    "stable_acc": 0.9966666666666667,
    "drift_acc_rx": 0.581,
    "drift_acc_day": 0.6433333333333333,
    "drift_acc_all": 0.6121666666666666,
    "FRR_stable": 0.10375000000000001,
    "FAR_unknown_accept": 0.09288888888888888,
    "miss_drift_rx": 0.08966666666666667,
    "miss_drift_day": 0.343,
    "miss_drift_all": 0.21633333333333332,
    "auc_unknown_eval": 0.9045677777777777
  },
  "OracleGatePseudoAdapt": {
    "stable_acc": 0.9966666666666667,
    "drift_acc_rx": 0.5823333333333334,
    "drift_acc_day": 0.6443333333333333,
    "drift_acc_all": 0.6133333333333333,
    "FRR_stable": 0.15708333333333335,
    "FAR_unknown_accept": 0.08755555555555555,
    "miss_drift_rx": 0.09033333333333333,
    "miss_drift_day": 0.3426666666666667,
    "miss_drift_all": 0.2165,
    "auc_unknown_eval": 0.8714497685185184
  },
  "OracleLabelAdapt": {
    "stable_acc": 0.995,
    "drift_acc_rx": 0.9296666666666666,
    "drift_acc_day": 0.9853333333333333,
    "drift_acc_all": 0.9575,
    "FRR_stable": 0.31166666666666665,
    "FAR_unknown_accept": 0.0,
    "miss_drift_rx": 0.06333333333333334,
    "miss_drift_day": 0.14133333333333334,
    "miss_drift_all": 0.10233333333333333,
    "auc_unknown_eval": 0.916317638888889
  },
  "GatedAdapt": {
    "stable_acc": 0.99875,
    "drift_acc_rx": 0.645,
    "drift_acc_day": 0.8046666666666666,
    "drift_acc_all": 0.7248333333333333,
    "FRR_stable": 0.0970833333333333,
    "FAR_unknown_accept": 0.10122222222222223,
    "miss_drift_rx": 0.092,
    "miss_drift_day": 0.33866666666666667,
    "miss_drift_all": 0.21533333333333332,
    "auc_unknown_eval": 0.8696821296296297
  },
  "GatedConfAdapt": {
    "stable_acc": 0.99875,
    "drift_acc_rx": 0.6436666666666667,
    "drift_acc_day": 0.809,
    "drift_acc_all": 0.7263333333333334,
    "FRR_stable": 0.0970833333333333,
    "FAR_unknown_accept": 0.09322222222222222,
    "miss_drift_rx": 0.09233333333333334,
    "miss_drift_day": 0.3403333333333333,
    "miss_drift_all": 0.21633333333333332,
    "auc_unknown_eval": 0.8914114351851852
  }
}