{
  "split": 1,
  "fold": 3,
  "false_drift_target": 0.2,
  "tau_id": -1.2759971618652344,
  "tau_dom": 1111.7353515625,
  "tau_conf": 0.9938058853149414,
  "pseudo_acc_rx": 0.5885,
  "pseudo_acc_day": 0.6494166666666666,
  "pseudo_acc_all": 0.6037291666666667,
  "gate_precision": 0.20592083742230946,
  "gate_recall": 0.31475,
  "gate_keep_ratio": 0.6114,
  "conf_precision": 0.2055491709078969,
  "conf_recall": 0.313,
  "conf_keep_ratio": 0.6091,
  "conf_keep_given_gate": 0.9962381419692509,
  "adapt_stream_size": 10000,
  "gate_size": 6114,
  "conf_size": 6091,
  "oracle_size": 4000,
  "NoAdapt": {
    "stable_acc": 0.9966666666666667,
    "drift_acc_rx": 0.581,
    "drift_acc_day": 0.6446666666666667,
    "drift_acc_all": 0.6128333333333333,
    "FRR_stable": 0.23791666666666667,
    "FAR_unknown_accept": 0.004111111111111111,
    "miss_drift_rx": 0.024666666666666667,
    "miss_drift_day": 0.092,
    "miss_drift_all": 0.058333333333333334,
    "auc_unknown_eval": 0.7839047916666666
  },
  "UngatedAdapt": {
    "stable_acc": 0.9966666666666667,
    "drift_acc_rx": 0.581,
    "drift_acc_day": 0.6433333333333333,
    "drift_acc_all": 0.6121666666666666,
    "FRR_stable": 0.24624999999999997,
    "FAR_unknown_accept": 0.003777777777777778,
    "miss_drift_rx": 0.024333333333333332,
    "miss_drift_day": 0.091,
    "miss_drift_all": 0.057666666666666665,
    "auc_unknown_eval": 0.9045677777777777
  },
  "OracleGatePseudoAdapt": {
    "stable_acc": 0.9966666666666667,
    "drift_acc_rx": 0.5823333333333334,
    "drift_acc_day": 0.6443333333333333,
    "drift_acc_all": 0.6133333333333333,
    "FRR_stable": 0.29833333333333334,
    "FAR_unknown_accept": 0.0023333333333333335,
    "miss_drift_rx": 0.026333333333333334,
    "miss_drift_day": 0.10133333333333333,
    "miss_drift_all": 0.06383333333333334,
    "auc_unknown_eval": 0.8714497685185184
  },
  "OracleLabelAdapt": {
    "stable_acc": 0.995,
    "drift_acc_rx": 0.9296666666666666,
    "drift_acc_day": 0.9853333333333333,
    "drift_acc_all": 0.9575,
    "FRR_stable": 0.40125,
    "FAR_unknown_accept": 0.0,
    "miss_drift_rx": 0.023666666666666666,
    "miss_drift_day": 0.048666666666666664,
    "miss_drift_all": 0.036166666666666666,
    "auc_unknown_eval": 0.916317638888889
  },
  "GatedAdapt": {
    "stable_acc": 0.9991666666666666,
    "drift_acc_rx": 0.6473333333333333,
    "drift_acc_day": 0.8213333333333334,
    "drift_acc_all": 0.7343333333333333,
    "FRR_stable": 0.23916666666666664,
    "FAR_unknown_accept": 0.003111111111111111,
    "miss_drift_rx": 0.026,
    "miss_drift_day": 0.08966666666666667,
    "miss_drift_all": 0.057833333333333334,
    "auc_unknown_eval": 0.901469675925926
  },
  "GatedConfAdapt": {
    "stable_acc": 0.9991666666666666,
    "drift_acc_rx": 0.6453333333333333,
    "drift_acc_day": 0.8226666666666667,
    "drift_acc_all": 0.734,
    "FRR_stable": 0.23791666666666667,
    "FAR_unknown_accept": 0.004111111111111111,
    "miss_drift_rx": 0.025,
    "miss_drift_day": 0.086,
    "miss_drift_all": 0.0555,
    "auc_unknown_eval": 0.8565770833333333
  }
}