{
  "split": 1,
  "fold": 3,
  "false_drift_target": 0.1,
  "tau_id": -1.2759971618652344,
  "tau_dom": 1917.48291015625,
  "tau_conf": 0.9938058853149414,
  "pseudo_acc_rx": 0.5885,
  "pseudo_acc_day": 0.6494166666666666,
  "pseudo_acc_all": 0.6037291666666667,
  "gate_precision": 0.14331780723754928,
  "gate_recall": 0.2,
  "gate_keep_ratio": 0.5582,
  "conf_precision": 0.1435759209344115,
  "conf_recall": 0.19975,
  "conf_keep_ratio": 0.5565,
  "conf_keep_given_gate": 0.9969544965962021,
  "adapt_stream_size": 10000,
  "gate_size": 5582,
  "conf_size": 5565,
  "oracle_size": 4000,
  "NoAdapt": {
    "stable_acc": 0.9966666666666667,
    "drift_acc_rx": 0.581,
    "drift_acc_day": 0.6446666666666667,
    "drift_acc_all": 0.6128333333333333,
    "FRR_stable": 0.14249999999999996,
    "FAR_unknown_accept": 0.013666666666666667,
    "miss_drift_rx": 0.056,
    "miss_drift_day": 0.284,
    "miss_drift_all": 0.17,
    "auc_unknown_eval": 0.7839047916666666
  },
  "UngatedAdapt": {
    "stable_acc": 0.9966666666666667,
    "drift_acc_rx": 0.581,
    "drift_acc_day": 0.6433333333333333,
    "drift_acc_all": 0.6121666666666666,
    "FRR_stable": 0.15249999999999997,
    "FAR_unknown_accept": 0.012,
    "miss_drift_rx": 0.052,
    "miss_drift_day": 0.2776666666666667,
    "miss_drift_all": 0.16483333333333333,
    "auc_unknown_eval": 0.9045677777777777
  },
  "OracleGatePseudoAdapt": {
    "stable_acc": 0.9966666666666667,
    "drift_acc_rx": 0.5823333333333334,
    "drift_acc_day": 0.6443333333333333,
    "drift_acc_all": 0.6133333333333333,
    "FRR_stable": 0.2054166666666667,
    "FAR_unknown_accept": 0.009888888888888888,
    "miss_drift_rx": 0.054,
    "miss_drift_day": 0.2806666666666667,
    "miss_drift_all": 0.16733333333333333,
    "auc_unknown_eval": 0.8714497685185184
  },
  "OracleLabelAdapt": {
    "stable_acc": 0.995,
    "drift_acc_rx": 0.9296666666666666,
    "drift_acc_day": 0.9853333333333333,
    "drift_acc_all": 0.9575,
    "FRR_stable": 0.3470833333333333,
    "FAR_unknown_accept": 0.0,
    "miss_drift_rx": 0.044333333333333336,
    "miss_drift_day": 0.09833333333333333,
    "miss_drift_all": 0.07133333333333333,
    "auc_unknown_eval": 0.916317638888889
  },
  "GatedAdapt": {
    "stable_acc": 0.9991666666666666,
    "drift_acc_rx": 0.6453333333333333,
    "drift_acc_day": 0.8226666666666667,
    "drift_acc_all": 0.734,
    "FRR_stable": 0.14541666666666664,
    "FAR_unknown_accept": 0.011333333333333334,
    "miss_drift_rx": 0.05633333333333333,
    "miss_drift_day": 0.278,
    "miss_drift_all": 0.16716666666666666,
    "auc_unknown_eval": 0.8863789814814815
  },
  "GatedConfAdapt": {
    "stable_acc": 0.9991666666666666,
    "drift_acc_rx": 0.646,
    "drift_acc_day": 0.827,
    "drift_acc_all": 0.7365,
    "FRR_stable": 0.1429166666666667,
    "FAR_unknown_accept": 0.012555555555555556,
    "miss_drift_rx": 0.05633333333333333,
    "miss_drift_day": 0.276,
    "miss_drift_all": 0.16616666666666666,
    "auc_unknown_eval": 0.8640923148148147
  }
}