{
  "split": 1,
  "fold": 3,
  "false_drift_target": 0.01,
  "tau_id": -1.2759971618652344,
  "tau_dom": 5365.16015625,
  "tau_conf": 0.9938058853149414,
  "pseudo_acc_rx": 0.5885,
  "pseudo_acc_day": 0.6494166666666666,
  "pseudo_acc_all": 0.6037291666666667,
  "gate_precision": 0.23699421965317918,
  "gate_recall": 0.0615,
  "gate_keep_ratio": 0.1038,
  "conf_precision": 0.23786407766990292,
  "conf_recall": 0.06125,
  "conf_keep_ratio": 0.103,
  "conf_keep_given_gate": 0.9922928709055877,
  "adapt_stream_size": 10000,
  "gate_size": 1038,
  "conf_size": 1030,
  "oracle_size": 4000,
  "NoAdapt": {
    "stable_acc": 0.9966666666666667,
    "drift_acc_rx": 0.581,
    "drift_acc_day": 0.6446666666666667,
    "drift_acc_all": 0.6128333333333333,
    "FRR_stable": 0.057083333333333375,
    "FAR_unknown_accept": 0.6815555555555556,
    "miss_drift_rx": 0.18033333333333335,
    "miss_drift_day": 0.456,
    "miss_drift_all": 0.31816666666666665,
    "auc_unknown_eval": 0.7839047916666666
  },
  "UngatedAdapt": {
    "stable_acc": 0.9966666666666667,
    "drift_acc_rx": 0.581,
    "drift_acc_day": 0.6433333333333333,
    "drift_acc_all": 0.6121666666666666,
    "FRR_stable": 0.06791666666666663,
    "FAR_unknown_accept": 0.25655555555555554,
    "miss_drift_rx": 0.175,
    "miss_drift_day": 0.4513333333333333,
    "miss_drift_all": 0.31316666666666665,
    "auc_unknown_eval": 0.9045677777777777
  },
  "OracleGatePseudoAdapt": {
    "stable_acc": 0.9966666666666667,
    "drift_acc_rx": 0.5823333333333334,
    "drift_acc_day": 0.6443333333333333,
    "drift_acc_all": 0.6133333333333333,
    "FRR_stable": 0.1216666666666667,
    "FAR_unknown_accept": 0.26555555555555554,
    "miss_drift_rx": 0.176,
    "miss_drift_day": 0.44966666666666666,
    "miss_drift_all": 0.31283333333333335,
    "auc_unknown_eval": 0.8714497685185184
  },
  "OracleLabelAdapt": {
    "stable_acc": 0.995,
    "drift_acc_rx": 0.9296666666666666,
    "drift_acc_day": 0.9853333333333333,
    "drift_acc_all": 0.9575,
    "FRR_stable": 0.2833333333333333,
    "FAR_unknown_accept": 0.0011111111111111111,
    "miss_drift_rx": 0.084,
    "miss_drift_day": 0.23033333333333333,
    "miss_drift_all": 0.15716666666666668,
    "auc_unknown_eval": 0.916317638888889
  },
  "GatedAdapt": {
    "stable_acc": 0.9979166666666667,
    "drift_acc_rx": 0.6306666666666667,
    "drift_acc_day": 0.729,
    "drift_acc_all": 0.6798333333333333,
    "FRR_stable": 0.09624999999999995,
    "FAR_unknown_accept": 0.5084444444444445,
    "miss_drift_rx": 0.16833333333333333,
    "miss_drift_day": 0.39166666666666666,
    "miss_drift_all": 0.28,
    "auc_unknown_eval": 0.832247800925926
  },
  "GatedConfAdapt": {
    "stable_acc": 0.9983333333333333,
    "drift_acc_rx": 0.6353333333333333,
    "drift_acc_day": 0.7406666666666667,
    "drift_acc_all": 0.688,
    "FRR_stable": 0.09791666666666665,
    "FAR_unknown_accept": 0.24733333333333332,
    "miss_drift_rx": 0.17266666666666666,
    "miss_drift_day": 0.41733333333333333,
    "miss_drift_all": 0.295,
    "auc_unknown_eval": 0.8874035185185185
  }
}