{
  "train_loss": [
    0.6329242942509827,
    0.2145798671024817,
    0.07034012493160036,
    0.04275683413639113,
    0.031225150913276056,
    0.02957587187971782,
    0.021299936986286884,
    0.019531082958672886,
    0.014182545941461016,
    0.01347976178103299,
    0.013600746071380046,
    0.012041658075112436,
    0.008038189099170267,
    0.0086915616864442,
    0.009399177729048663,
    0.008889469288772454,
    0.006671860138023341,
    0.008570418168825132,
    0.007772409779675029,
    0.005601152615552699,
    0.0070541750743157335,
    0.0057785766552788794,
    0.004828763896323465,
    0.004167727799223805,
    0.0037480755584073013,
    0.004396018122443585,
    0.005682771657679782,
    0.004111062043941476,
    0.005317291060971372,
    0.0038864655381379027,
    0.0038201472040748706,
    0.003649161112089469
  ],
  "train_acc": [
    0.7047453703703703,
    0.9138888888888889,
    0.9784722222222222,
    0.9877314814814815,
    0.9908564814814815,
    0.9920138888888889,
    0.9925925925925926,
    0.9938657407407407,
    0.9956018518518519,
    0.9951388888888889,
    0.9954861111111111,
    0.9960648148148148,
    0.9976851851851852,
    0.996875,
    0.9969907407407408,
    0.9974537037037037,
    0.9983796296296297,
    0.997337962962963,
    0.9976851851851852,
    0.9979166666666667,
    0.9984953703703704,
    0.9981481481481481,
    0.9984953703703704,
    0.9988425925925926,
    0.9989583333333333,
    0.9984953703703704,
    0.9982638888888888,
    0.9988425925925926,
    0.9986111111111111,
    0.9988425925925926,
    0.9988425925925926,
    0.9990740740740741
  ],
  "val_loss": [
    1.7219993273417156,
    0.42964304486910504,
    0.2763492504755656,
    0.20863623917102814,
    0.12161183853944142,
    0.07651278475920359,
    0.07379658545056979,
    0.03193423127134641,
    0.03647026022275289,
    0.04781146943569183,
    0.044628413021564485,
    0.01856987215578556,
    0.03763032977779706,
    0.016850188250343005,
    0.024723797695090373,
    0.022252410526076953,
    0.011001502862200141,
    0.012733240363498528,
    0.01524290619418025,
    0.013868349231779575,
    0.009963557946806152,
    0.013154215055207412,
    0.0073458850383758545,
    0.007249744283035398,
    0.005505791341420263,
    0.007735131436493248,
    0.015498163954665264,
    0.006895842806746562,
    0.007707054928566019,
    0.004658151584832618,
    0.006428447957053625,
    0.00773962663176159
  ],
  "val_acc": [
    0.5010416666666667,
    0.846875,
    0.9125,
    0.9333333333333333,
    0.9645833333333333,
    0.9708333333333333,
    0.9729166666666667,
    0.9885416666666667,
    0.9875,
    0.9802083333333333,
    0.9791666666666666,
    0.99375,
    0.9833333333333333,
    0.99375,
    0.9927083333333333,
    0.990625,
    0.9947916666666666,
    0.996875,
    0.9947916666666666,
    0.996875,
    0.996875,
    0.99375,
    0.996875,
    0.9989583333333333,
    0.9989583333333333,
    0.9979166666666667,
    0.99375,
    0.9979166666666667,
    0.9979166666666667,
    0.9979166666666667,
    0.9979166666666667,
    0.9989583333333333
  ]
}