{
  "fold": 4,
  "acc_in_domain": 0.9970833333333333,
  "auc_unknown": 0.98130875,
  "auc_drift_rx": 0.8036424247685185,
  "auc_drift_day": 0.6376770486111112,
  "tau_id": 0.9652925670146942,
  "tau_dom": 4069.2908935546866
}