{
  "train_loss": [
    0.5101650670722678,
    0.16869527211895696,
    0.05482152801834875,
    0.029829898533514806,
    0.02471599694410408,
    0.016433893285553763,
    0.016505257956062756,
    0.01277436285831586,
    0.010989112787259121,
    0.011530481558293105,
    0.00880483801614631,
    0.00950249661475903,
    0.007731215463933984,
    0.00591800067772123,
    0.008222227629179273,
    0.005312653107965296,
    0.005546933629429313,
    0.007189335783564106,
    0.0050834929885308225,
    0.004402505118115288,
    0.004939345069039889,
    0.003735272929555288,
    0.004921193482975165,
    0.004253147781128064,
    0.0037913893200715795,
    0.004752712679759565,
    0.0036152215633558594
  ],
  "train_acc": [
    0.7552083333333334,
    0.9295138888888889,
    0.982175925925926,
    0.9908564814814815,
    0.9934027777777777,
    0.9954861111111111,
    0.9940972222222222,
    0.9965277777777778,
    0.9965277777777778,
    0.996875,
    0.9971064814814815,
    0.9969907407407408,
    0.9976851851851852,
    0.9980324074074074,
    0.9972222222222222,
    0.9987268518518518,
    0.9981481481481481,
    0.997800925925926,
    0.9980324074074074,
    0.9983796296296297,
    0.9983796296296297,
    0.9987268518518518,
    0.9982638888888888,
    0.9981481481481481,
    0.9988425925925926,
    0.9981481481481481,
    0.9987268518518518
  ],
  "val_loss": [
    1.4463020801544189,
    0.6280133386452993,
    0.3469043562809626,
    0.3653091351191203,
    0.1712227592865626,
    0.08617148473858834,
    0.20442395508289338,
    0.060776553551356,
    0.04380421216289202,
    0.055193543309966724,
    0.0502995602786541,
    0.04023176245391369,
    0.02239844777310888,
    0.019508558449645837,
    0.021850571346779663,
    0.025488581190196178,
    0.01651729055059453,
    0.020756699172003814,
    0.018664144429688653,
    0.015294353865707913,
    0.023599707086881003,
    0.02069323565810919,
    0.038732515461742875,
    0.018681188424428303,
    0.008782208004655937,
    0.02208830329279105,
    0.04580004985133807
  ],
  "val_acc": [
    0.6135416666666667,
    0.7625,
    0.8510416666666667,
    0.8552083333333333,
    0.934375,
    0.96875,
    0.9166666666666666,
    0.9760416666666667,
    0.9895833333333334,
    0.9854166666666667,
    0.9854166666666667,
    0.9885416666666667,
    0.990625,
    0.9927083333333333,
    0.9927083333333333,
    0.9927083333333333,
    0.9927083333333333,
    0.9927083333333333,
    0.9958333333333333,
    0.99375,
    0.9947916666666666,
    0.9916666666666667,
    0.9885416666666667,
    0.9947916666666666,
    0.9958333333333333,
    0.99375,
    0.98125
  ]
}