{
  "split": 9,
  "fold": 2,
  "acc": 0.9970833333333333,
  "auc_unknown": 0.9912060416666667,
  "auc_drift_rx": 0.9354937037037039,
  "auc_drift_day": 0.8355115277777778,
  "tau_id": -1.425593614578247,
  "tau_dom": 1903.5772705078125,
  "FRR_stable": 0.09291666666666665,
  "false_drift_stable": 0.042916666666666665,
  "FAR_unknown_accept": 0.019633333333333332,
  "miss_drift": 0.28670833333333334,
  "confusion_matrix": [
    [
      2177,
      103,
      120
    ],
    [
      13762,
      8833,
      25405
    ],
    [
      589,
      3556,
      25855
    ]
  ]
}