{
  "tau_id": -1.425593614578247,
  "tau_dom": 1903.5772705078125
}