{
  "split": 8,
  "fold": 1,
  "acc": 0.9958333333333333,
  "auc_drift_rx": 0.9500528993055556,
  "auc_drift_day": 0.883448263888889,
  "tau_dom": 2363.947546386718,
  "sid_results": {
    "EmbMaha": {
      "tau_id": -1147.0655639648437,
      "auc_unknown": 0.9935496527777778,
      "FRR_stable": 0.09333333333333338,
      "false_drift_stable": 0.043333333333333335,
      "FAR_unknown_accept": 0.0028,
      "miss_drift": 0.18414583333333334,
      "confusion_matrix": [
        [
          2176,
          104,
          120
        ],
        [
          8839,
          8865,
          30296
        ],
        [
          84,
          177,
          29739
        ]
      ]
    },
    "Energy": {
      "tau_id": 5.601865959167481,
      "auc_unknown": 0.8020308680555555,
      "FRR_stable": 0.0954166666666667,
      "false_drift_stable": 0.04541666666666667,
      "FAR_unknown_accept": 0.08536666666666666,
      "miss_drift": 0.200625,
      "confusion_matrix": [
        [
          2171,
          109,
          120
        ],
        [
          9630,
          15312,
          23058
        ],
        [
          2561,
          11277,
          16162
        ]
      ]
    },
    "Fusion_lam0.25": {
      "tau_id": -1.2853923201560973,
      "auc_unknown": 0.9938462499999999,
      "FRR_stable": 0.09333333333333338,
      "false_drift_stable": 0.043333333333333335,
      "FAR_unknown_accept": 0.0006333333333333333,
      "miss_drift": 0.16297916666666667,
      "confusion_matrix": [
        [
          2176,
          104,
          120
        ],
        [
          7823,
          8360,
          31817
        ],
        [
          19,
          77,
          29904
        ]
      ]
    },
    "Fusion_lam0.5": {
      "tau_id": -1.4329715728759767,
      "auc_unknown": 0.9935718750000001,
      "FRR_stable": 0.09375,
      "false_drift_stable": 0.04375,
      "FAR_unknown_accept": 0.00016666666666666666,
      "miss_drift": 0.15125,
      "confusion_matrix": [
        [
          2175,
          105,
          120
        ],
        [
          7260,
          8192,
          32548
        ],
        [
          5,
          89,
          29906
        ]
      ]
    },
    "Fusion_lam1.0": {
      "tau_id": -1.9001001417636871,
      "auc_unknown": 0.9906477083333334,
      "FRR_stable": 0.09375,
      "false_drift_stable": 0.04375,
      "FAR_unknown_accept": 0.0003333333333333333,
      "miss_drift": 0.14341666666666666,
      "confusion_matrix": [
        [
          2175,
          105,
          120
        ],
        [
          6884,
          8432,
          32684
        ],
        [
          10,
          183,
          29807
        ]
      ]
    },
    "Fusion_lam1.5": {
      "tau_id": -2.461364233493805,
      "auc_unknown": 0.9849770138888888,
      "FRR_stable": 0.09375,
      "false_drift_stable": 0.04375,
      "FAR_unknown_accept": 0.0006,
      "miss_drift": 0.1431875,
      "confusion_matrix": [
        [
          2175,
          105,
          120
        ],
        [
          6873,
          8804,
          32323
        ],
        [
          18,
          300,
          29682
        ]
      ]
    },
    "Fusion_lam2.0": {
      "tau_id": -3.0823124051094055,
      "auc_unknown": 0.9788698958333334,
      "FRR_stable": 0.09375,
      "false_drift_stable": 0.04375,
      "FAR_unknown_accept": 0.0014,
      "miss_drift": 0.14783333333333334,
      "confusion_matrix": [
        [
          2175,
          105,
          120
        ],
        [
          7096,
          9162,
          31742
        ],
        [
          42,
          439,
          29519
        ]
      ]
    }
  },
  "best_sid": "Fusion_lam0.25"
}