{
  "split": 4,
  "fold": 1,
  "tau_id": -1.3965816497802734,
  "tau_dom": 2267.6804077148427,
  "tau_conf": 0.9987895369529725,
  "pseudo_acc_rx": 0.6316666666666667,
  "pseudo_acc_day": 0.6516666666666666,
  "pseudo_acc_all": 0.6416666666666667,
  "gate_precision": 0.8571428571428571,
  "gate_recall": 0.132,
  "gate_keep_ratio": 0.0616,
  "conf_precision": 0.8571428571428571,
  "conf_recall": 0.132,
  "conf_keep_ratio": 0.0616,
  "conf_keep_given_gate": 1.0,
  "adapt_stream_size": 10000,
  "gate_size": 616,
  "conf_size": 616,
  "oracle_size": 4000,
  "NoAdapt": {
    "stable_acc": 0.9975,
    "drift_acc_rx": 0.6316666666666667,
    "drift_acc_day": 0.6516666666666666,
    "drift_acc_all": 0.6416666666666667,
    "FRR_stable": 0.0954166666666667,
    "FAR_unknown_accept": 0.00011111111111111112,
    "miss_drift_rx": 0.19533333333333333,
    "miss_drift_day": 0.425,
    "miss_drift_all": 0.31016666666666665,
    "auc_unknown_eval": 0.9950735185185186
  },
  "UngatedAdapt": {
    "stable_acc": 0.9975,
    "drift_acc_rx": 0.6363333333333333,
    "drift_acc_day": 0.656,
    "drift_acc_all": 0.6461666666666667,
    "FRR_stable": 0.15541666666666665,
    "FAR_unknown_accept": 0.00011111111111111112,
    "miss_drift_rx": 0.14933333333333335,
    "miss_drift_day": 0.3436666666666667,
    "miss_drift_all": 0.2465,
    "auc_unknown_eval": 0.9952721296296295
  },
  "GatedAdapt": {
    "stable_acc": 0.9979166666666667,
    "drift_acc_rx": 0.6266666666666667,
    "drift_acc_day": 0.6846666666666666,
    "drift_acc_all": 0.6556666666666666,
    "FRR_stable": 0.09291666666666665,
    "FAR_unknown_accept": 0.0,
    "miss_drift_rx": 0.197,
    "miss_drift_day": 0.426,
    "miss_drift_all": 0.3115,
    "auc_unknown_eval": 0.9951759722222223
  },
  "GatedConfAdapt": {
    "stable_acc": 0.9979166666666667,
    "drift_acc_rx": 0.6286666666666667,
    "drift_acc_day": 0.6776666666666666,
    "drift_acc_all": 0.6531666666666667,
    "FRR_stable": 0.0920833333333333,
    "FAR_unknown_accept": 0.00011111111111111112,
    "miss_drift_rx": 0.19966666666666666,
    "miss_drift_day": 0.42766666666666664,
    "miss_drift_all": 0.31366666666666665,
    "auc_unknown_eval": 0.9951943055555555
  },
  "OracleGatePseudoAdapt": {
    "stable_acc": 0.9970833333333333,
    "drift_acc_rx": 0.6316666666666667,
    "drift_acc_day": 0.6543333333333333,
    "drift_acc_all": 0.643,
    "FRR_stable": 0.22458333333333336,
    "FAR_unknown_accept": 0.0,
    "miss_drift_rx": 0.13166666666666665,
    "miss_drift_day": 0.3,
    "miss_drift_all": 0.21583333333333332,
    "auc_unknown_eval": 0.9954753703703704
  },
  "OracleLabelAdapt": {
    "stable_acc": 0.9983333333333333,
    "drift_acc_rx": 0.9603333333333334,
    "drift_acc_day": 0.998,
    "drift_acc_all": 0.9791666666666666,
    "FRR_stable": 0.49750000000000005,
    "FAR_unknown_accept": 0.0,
    "miss_drift_rx": 0.05433333333333333,
    "miss_drift_day": 0.10733333333333334,
    "miss_drift_all": 0.08083333333333333,
    "auc_unknown_eval": 0.9984999074074075
  }
}