{
  "train_loss": [
    0.4063071018383827,
    0.12760419703008216,
    0.06641864470309682,
    0.046097801453261464,
    0.036870424005628365,
    0.03341756828336252,
    0.025987979130428513,
    0.023948774626478552,
    0.018848224047479437,
    0.017121566592048807,
    0.015440925791353723,
    0.014359944493417846,
    0.014765617513258791,
    0.012867945269394068,
    0.012573526522437869,
    0.010455421636522069,
    0.010484670370135939,
    0.010345969213902904,
    0.00874518632183116,
    0.008881103551521162,
    0.008537077216106685,
    0.007224506280890861,
    0.007072218518451225,
    0.00889125029077857,
    0.006470939836875869,
    0.00735962809348065,
    0.007872338498939679,
    0.006837490721847172,
    0.00828869326836372,
    0.005618794831407061
  ],
  "train_acc": [
    0.8167052469135803,
    0.9518132716049382,
    0.9763888888888889,
    0.9847222222222223,
    0.9877314814814815,
    0.9892746913580247,
    0.991358024691358,
    0.991820987654321,
    0.9939429012345679,
    0.9941743827160494,
    0.9950231481481482,
    0.9952546296296296,
    0.9948688271604939,
    0.9954861111111111,
    0.9955632716049383,
    0.9966435185185185,
    0.9967978395061728,
    0.9965663580246914,
    0.9969135802469136,
    0.9970293209876543,
    0.997337962962963,
    0.9976851851851852,
    0.9974922839506173,
    0.9969135802469136,
    0.9978780864197531,
    0.9973765432098766,
    0.997608024691358,
    0.9975308641975309,
    0.9971836419753086,
    0.9982638888888888
  ],
  "val_loss": [
    0.36746981739997864,
    0.1151008708609475,
    0.05555787363813983,
    0.049113726367553075,
    0.04838862069365051,
    0.037445394374016255,
    0.026050416276686722,
    0.030067140769420398,
    0.018780292451588645,
    0.017777567884574335,
    0.019007704726472084,
    0.018354870417614518,
    0.018953893047162437,
    0.014813700392915052,
    0.017603794419038525,
    0.017745243452211273,
    0.014252610247947613,
    0.027266095935677487,
    0.012712965030287807,
    0.01279601723945234,
    0.012311884882607652,
    0.010798629174920886,
    0.007438840545425289,
    0.016568004761049655,
    0.012257886600046832,
    0.00949769278829788,
    0.016880543971637962,
    0.00697879555987634,
    0.008423192130996742,
    0.01245909596117498
  ],
  "val_acc": [
    0.8486111111111111,
    0.9597222222222223,
    0.9857638888888889,
    0.9864583333333333,
    0.9864583333333333,
    0.9885416666666667,
    0.9927083333333333,
    0.9920138888888889,
    0.9947916666666666,
    0.9944444444444445,
    0.9951388888888889,
    0.9944444444444445,
    0.9961805555555555,
    0.9965277777777778,
    0.9947916666666666,
    0.9961805555555555,
    0.9954861111111111,
    0.9934027777777777,
    0.9951388888888889,
    0.996875,
    0.9972222222222222,
    0.9975694444444444,
    0.996875,
    0.9972222222222222,
    0.9961805555555555,
    0.9965277777777778,
    0.9961805555555555,
    0.9975694444444444,
    0.9972222222222222,
    0.9961805555555555
  ]
}