{
  "split": 3,
  "fold": 3,
  "acc": 0.9975,
  "auc_unknown": 0.8942663580246912,
  "auc_drRX_V0": 0.7221500000000001,
  "auc_drRX_V1": 0.8955050289351854,
  "auc_drRX_V1k": 0.825735462962963,
  "auc_drRX_V2": 0.4734036921296296,
  "auc_drRX_V3": 0.6132416145833334,
  "auc_drDAY_V0": 0.5284818171296297,
  "auc_drDAY_V1": 0.7460104436728394,
  "auc_drDAY_V1k": 0.7334992708333333,
  "auc_drDAY_V2": 0.4897607947530864,
  "auc_drDAY_V3": 0.47215784143518513
}