{
  "split": 5,
  "fold": 4,
  "acc": 0.9958333333333333,
  "auc_drift_rx": 0.9548795659722222,
  "auc_drift_day": 0.8678222743055556,
  "tau_dom": 2668.6691528320243,
  "sid_results": {
    "EmbMaha": {
      "tau_id": -1074.2590454101562,
      "auc_unknown": 0.6840201388888889,
      "FRR_stable": 0.09416666666666662,
      "false_drift_stable": 0.04416666666666667,
      "FAR_unknown_accept": 0.39366666666666666,
      "miss_drift": 0.1665625,
      "confusion_matrix": [
        [
          2174,
          106,
          120
        ],
        [
          7995,
          10517,
          29488
        ],
        [
          11810,
          13858,
          4332
        ]
      ]
    },
    "Energy": {
      "tau_id": 5.222026824951172,
      "auc_unknown": 0.5842244791666666,
      "FRR_stable": 0.09499999999999997,
      "false_drift_stable": 0.045,
      "FAR_unknown_accept": 0.4017,
      "miss_drift": 0.20804166666666668,
      "confusion_matrix": [
        [
          2172,
          108,
          120
        ],
        [
          9986,
          15473,
          22541
        ],
        [
          12051,
          16009,
          1940
        ]
      ]
    },
    "Fusion_lam0.25": {
      "tau_id": -1.085734212398529,
      "auc_unknown": 0.7136880555555556,
      "FRR_stable": 0.09499999999999997,
      "false_drift_stable": 0.045,
      "FAR_unknown_accept": 0.3924,
      "miss_drift": 0.16495833333333335,
      "confusion_matrix": [
        [
          2172,
          108,
          120
        ],
        [
          7918,
          10128,
          29954
        ],
        [
          11772,
          13585,
          4643
        ]
      ]
    },
    "Fusion_lam0.5": {
      "tau_id": -1.2987735331058503,
      "auc_unknown": 0.7097902083333334,
      "FRR_stable": 0.09499999999999997,
      "false_drift_stable": 0.045,
      "FAR_unknown_accept": 0.39193333333333336,
      "miss_drift": 0.1691875,
      "confusion_matrix": [
        [
          2172,
          108,
          120
        ],
        [
          8121,
          10170,
          29709
        ],
        [
          11758,
          13547,
          4695
        ]
      ]
    },
    "Fusion_lam1.0": {
      "tau_id": -1.8985233545303344,
      "auc_unknown": 0.683736875,
      "FRR_stable": 0.0954166666666667,
      "false_drift_stable": 0.04541666666666667,
      "FAR_unknown_accept": 0.3926,
      "miss_drift": 0.17566666666666667,
      "confusion_matrix": [
        [
          2171,
          109,
          120
        ],
        [
          8432,
          10719,
          28849
        ],
        [
          11778,
          13780,
          4442
        ]
      ]
    },
    "Fusion_lam1.5": {
      "tau_id": -2.5211023807525637,
      "auc_unknown": 0.6615844444444445,
      "FRR_stable": 0.0954166666666667,
      "false_drift_stable": 0.04541666666666667,
      "FAR_unknown_accept": 0.3933,
      "miss_drift": 0.1808125,
      "confusion_matrix": [
        [
          2171,
          109,
          120
        ],
        [
          8679,
          11159,
          28162
        ],
        [
          11799,
          13949,
          4252
        ]
      ]
    },
    "Fusion_lam2.0": {
      "tau_id": -3.2045297861099242,
      "auc_unknown": 0.6433440277777778,
      "FRR_stable": 0.0954166666666667,
      "false_drift_stable": 0.04541666666666667,
      "FAR_unknown_accept": 0.39426666666666665,
      "miss_drift": 0.18552083333333333,
      "confusion_matrix": [
        [
          2171,
          109,
          120
        ],
        [
          8905,
          11675,
          27420
        ],
        [
          11828,
          14138,
          4034
        ]
      ]
    }
  },
  "best_sid": "Fusion_lam0.25"
}