{
  "train_loss": [
    0.4040758905035478,
    0.05091635157112722,
    0.02691536331549287,
    0.016487973362759308,
    0.014061769896566316,
    0.011899962240864558,
    0.010138384572713188,
    0.008290932805242913,
    0.006533939744069897,
    0.005969888629409036,
    0.006023163672674585,
    0.005388095802239453,
    0.0051260090497736305,
    0.00454558758970557,
    0.003372213230425216,
    0.003834693070880517,
    0.0036646191336869916,
    0.0020966841108424382,
    0.00367312141137922,
    0.003594232630200201,
    0.002683250672675462,
    0.0026542019287633055
  ],
  "train_acc": [
    0.8412037037037037,
    0.9864583333333333,
    0.9950231481481482,
    0.9959490740740741,
    0.9962962962962963,
    0.9964120370370371,
    0.9967592592592592,
    0.9976851851851852,
    0.9982638888888888,
    0.9979166666666667,
    0.9980324074074074,
    0.9988425925925926,
    0.9981481481481481,
    0.9982638888888888,
    0.9987268518518518,
    0.9988425925925926,
    0.9986111111111111,
    0.9994212962962963,
    0.9989583333333333,
    0.9983796296296297,
    0.9993055555555556,
    0.9990740740740741
  ],
  "val_loss": [
    1.1232270002365112,
    0.31816159884134926,
    0.09561362614234288,
    0.04329697961608569,
    0.01092459651020666,
    0.013771066504220168,
    0.004211797312988589,
    0.008494312160958846,
    0.00950978115045776,
    0.005776195561823746,
    0.019962747705479462,
    0.007082499233850588,
    0.004482658973817403,
    0.0024376315719564444,
    0.0006264086704807899,
    0.0018652984498961208,
    0.004995727015193551,
    0.0027020026017756512,
    0.004623766393827585,
    0.004816325296026965,
    0.0038239806125905792,
    0.0020877242100444467
  ],
  "val_acc": [
    0.65,
    0.8791666666666667,
    0.96875,
    0.984375,
    0.9958333333333333,
    0.9958333333333333,
    0.9989583333333333,
    0.9989583333333333,
    0.9947916666666666,
    0.996875,
    0.99375,
    0.9958333333333333,
    0.996875,
    1.0,
    1.0,
    1.0,
    0.9979166666666667,
    0.9989583333333333,
    0.996875,
    0.9989583333333333,
    0.9979166666666667,
    0.9989583333333333
  ]
}