{
  "split": 5,
  "fold": 1,
  "acc": 0.9979166666666667,
  "auc_unknown": 0.9200545138888888,
  "auc_drift_rx": 0.9516027777777779,
  "auc_drift_day": 0.8674901041666666,
  "tau_id": -1.4592326879501343,
  "tau_dom": 2572.1025390625,
  "FRR_stable": 0.09333333333333338,
  "false_drift_stable": 0.043333333333333335,
  "FAR_unknown_accept": 0.053233333333333334,
  "miss_drift": 0.1274375,
  "confusion_matrix": [
    [
      2176,
      104,
      120
    ],
    [
      6117,
      7184,
      34699
    ],
    [
      1597,
      7498,
      20905
    ]
  ]
}