{
  "tau_id": -1.4592326879501343,
  "tau_dom": 2572.1025390625
}