{
  "train_loss": [
    0.40427185730249793,
    0.05663498606256865,
    0.03126213198734654,
    0.018185871246236343,
    0.014927645407065197,
    0.011766465609306815,
    0.01182676886242849,
    0.00985328351078486,
    0.008536921333763058,
    0.006045681918126151,
    0.0062902717846790674,
    0.0072336521448084605,
    0.00421833786121742,
    0.004553457023575902,
    0.0045441801254465074,
    0.003539203227006106,
    0.003897606029123482,
    0.005585805581304831,
    0.0039553346981173725,
    0.0028516991676210807,
    0.0028345367523056834
  ],
  "train_acc": [
    0.8336805555555555,
    0.9871527777777778,
    0.9927083333333333,
    0.9953703703703703,
    0.9961805555555555,
    0.9972222222222222,
    0.996875,
    0.9971064814814815,
    0.9974537037037037,
    0.9981481481481481,
    0.9980324074074074,
    0.9976851851851852,
    0.9989583333333333,
    0.9983796296296297,
    0.9982638888888888,
    0.9988425925925926,
    0.9986111111111111,
    0.9981481481481481,
    0.9988425925925926,
    0.9989583333333333,
    0.9990740740740741
  ],
  "val_loss": [
    1.8662346919377646,
    0.4331298033396403,
    0.0829574391245842,
    0.042413486540317534,
    0.03995228831966718,
    0.037145439287026724,
    0.02199156073232492,
    0.02367063065369924,
    0.008030332593868176,
    0.008570711966603995,
    0.018050416683157284,
    0.01586751180390517,
    0.002703571521366636,
    0.004587136954069137,
    0.008970540606727202,
    0.00249038168694824,
    0.0030977012744794288,
    0.002667294958761583,
    0.0023243467944363753,
    0.0037179794472952683,
    0.0012481247656978666
  ],
  "val_acc": [
    0.575,
    0.8197916666666667,
    0.975,
    0.9875,
    0.9916666666666667,
    0.9947916666666666,
    0.9958333333333333,
    0.9958333333333333,
    0.9989583333333333,
    0.9989583333333333,
    0.9958333333333333,
    0.996875,
    1.0,
    1.0,
    1.0,
    0.9989583333333333,
    1.0,
    0.9989583333333333,
    1.0,
    0.9989583333333333,
    1.0
  ]
}