{
  "split": 1,
  "fold": 3,
  "acc": 0.9975,
  "auc_unknown": 0.8206081944444445,
  "auc_drift_rx": 0.9525215740740741,
  "auc_drift_day": 0.8714667361111111,
  "tau_id": -1.070288896560669,
  "tau_dom": 2604.99951171875,
  "FRR_stable": 0.09624999999999995,
  "false_drift_stable": 0.04625,
  "FAR_unknown_accept": 0.1313,
  "miss_drift": 0.14077083333333335,
  "confusion_matrix": [
    [
      2169,
      111,
      120
    ],
    [
      6757,
      7579,
      33664
    ],
    [
      3939,
      15884,
      10177
    ]
  ]
}