{
  "tau_id": -1.070288896560669,
  "tau_dom": 2604.99951171875
}