{
  "train_loss": [
    0.471487428855013,
    0.125457677576277,
    0.04522959603755562,
    0.03112219019482533,
    0.01772589850825844,
    0.017997687474686514,
    0.014614399087925752,
    0.013110961730557459,
    0.010432157865552991,
    0.010823084793432995,
    0.01028276782448369,
    0.008631330168012668,
    0.006906216748110536,
    0.006621038753332364,
    0.00619242673511272,
    0.005979982795004077,
    0.004224190563912055,
    0.00529855330349636,
    0.004510551031799642,
    0.004058909620248919,
    0.00523749016962635,
    0.0030706185127470503,
    0.0035803589185147925,
    0.005163403364605512,
    0.007123269862495363,
    0.0025267163655910366,
    0.0051569504764672645,
    0.003530685569125193,
    0.005396843706020499,
    0.003796247738797252,
    0.00413822840082166,
    0.0027154347431388925,
    0.002744658941433213,
    0.0031534221991292993,
    0.0032330740437222024,
    0.0030398667653099877,
    0.004143242437297617,
    0.004294598954665061,
    0.0028512639313164443
  ],
  "train_acc": [
    0.7734953703703704,
    0.9520833333333333,
    0.9861111111111112,
    0.9899305555555555,
    0.9940972222222222,
    0.9944444444444445,
    0.9952546296296296,
    0.9953703703703703,
    0.9969907407407408,
    0.9962962962962963,
    0.9969907407407408,
    0.997337962962963,
    0.9981481481481481,
    0.997337962962963,
    0.9979166666666667,
    0.997800925925926,
    0.9983796296296297,
    0.9984953703703704,
    0.9983796296296297,
    0.9983796296296297,
    0.9980324074074074,
    0.9991898148148148,
    0.9984953703703704,
    0.9976851851851852,
    0.9975694444444444,
    0.9991898148148148,
    0.9980324074074074,
    0.9983796296296297,
    0.9982638888888888,
    0.9989583333333333,
    0.9986111111111111,
    0.9987268518518518,
    0.9990740740740741,
    0.9987268518518518,
    0.9987268518518518,
    0.9989583333333333,
    0.9983796296296297,
    0.9987268518518518,
    0.9988425925925926
  ],
  "val_loss": [
    2.03739808400472,
    0.7321885824203491,
    0.29042427937189735,
    0.2887667914231618,
    0.14763331512610117,
    0.10368552307287852,
    0.14279799064000448,
    0.12360094686349234,
    0.09621766259272893,
    0.0373308806369702,
    0.04455099925398827,
    0.05123019168774287,
    0.04651560808221499,
    0.050240562111139295,
    0.04257690819601218,
    0.04084227693577607,
    0.038946338246266046,
    0.024804795781771343,
    0.016890900457898775,
    0.029552020442982514,
    0.022428581832597654,
    0.01547038556697468,
    0.02337309708818793,
    0.009047286251249414,
    0.009542195623119672,
    0.010807177408908804,
    0.012530457701844473,
    0.011851885356009007,
    0.013472346278528372,
    0.004783281876977223,
    0.005638427199058545,
    0.033507485936085386,
    0.007917410022734354,
    0.009208165062591433,
    0.00892519149153183,
    0.010306809066484372,
    0.007922466029413044,
    0.014713943718622129,
    0.006005723592049132
  ],
  "val_acc": [
    0.5614583333333333,
    0.7520833333333333,
    0.9020833333333333,
    0.9010416666666666,
    0.9552083333333333,
    0.9677083333333333,
    0.959375,
    0.9572916666666667,
    0.96875,
    0.9875,
    0.9833333333333333,
    0.9802083333333333,
    0.9833333333333333,
    0.9822916666666667,
    0.9833333333333333,
    0.9864583333333333,
    0.9875,
    0.990625,
    0.9927083333333333,
    0.9916666666666667,
    0.99375,
    0.99375,
    0.99375,
    0.9958333333333333,
    0.996875,
    0.9958333333333333,
    0.9958333333333333,
    0.996875,
    0.9958333333333333,
    0.9979166666666667,
    0.9989583333333333,
    0.9864583333333333,
    0.996875,
    0.996875,
    0.996875,
    0.996875,
    0.9979166666666667,
    0.99375,
    0.9958333333333333
  ]
}