{
  "split": 9,
  "fold": 3,
  "acc": 0.9979166666666667,
  "auc_unknown": 0.9853909722222222,
  "auc_drift_rx": 0.9384544675925927,
  "auc_drift_day": 0.8054559027777779,
  "tau_id": -1.1271610260009766,
  "tau_dom": 1777.4580078125,
  "FRR_stable": 0.0954166666666667,
  "false_drift_stable": 0.04541666666666667,
  "FAR_unknown_accept": 0.017233333333333333,
  "miss_drift": 0.29633333333333334,
  "confusion_matrix": [
    [
      2171,
      109,
      120
    ],
    [
      14224,
      9302,
      24474
    ],
    [
      517,
      2372,
      27111
    ]
  ]
}