{
  "tau_id": -1.1271610260009766,
  "tau_dom": 1777.4580078125
}