{
  "tau_id": {
    "mean": -1.389018409729004,
    "std": 0.20163377648698802
  },
  "tau_dom": {
    "mean": 2378.094389648434,
    "std": 274.8640517298977
  },
  "thr_precision": {
    "mean": 0.5766254042020406,
    "std": 0.3185434989986995
  },
  "thr_recall": {
    "mean": 0.14493999999999999,
    "std": 0.01340247738293186
  },
  "thr_keep_ratio": {
    "mean": 0.16207600000000003,
    "std": 0.12234032623791716
  },
  "topq_precision": {
    "mean": 0.5571191326577655,
    "std": 0.31031411946449616
  },
  "topq_recall": {
    "mean": 0.10950000000000001,
    "std": 0.01772921318051086
  },
  "topq_keep_ratio": {
    "mean": 0.112004,
    "std": 0.06460242397929043
  },
  "variants": {
    "NoAdapt": {
      "stable_acc": {
        "mean": 0.9964833333333333,
        "std": 0.002068547531213372
      },
      "drift_acc_rx": {
        "mean": 0.58376,
        "std": 0.05292556786028217
      },
      "drift_acc_day": {
        "mean": 0.71396,
        "std": 0.0830907573413286
      },
      "drift_acc_all": {
        "mean": 0.64886,
        "std": 0.05964414248971423
      },
      "FRR_stable": {
        "mean": 0.09396666666666664,
        "std": 0.0025252062622024723
      },
      "FAR_unknown_accept": {
        "mean": 0.17302666666666666,
        "std": 0.2261721539878554
      },
      "miss_drift_rx": {
        "mean": 0.15462666666666666,
        "std": 0.052345630826905375
      },
      "miss_drift_day": {
        "mean": 0.3769466666666667,
        "std": 0.056770233201720935
      },
      "miss_drift_all": {
        "mean": 0.2657866666666666,
        "std": 0.051292224232008764
      },
      "auc_unknown_eval": {
        "mean": 0.8657746462962963,
        "std": 0.16545746617704707
      }
    },
    "UngatedAdapt": {
      "stable_acc": {
        "mean": 0.9968499999999999,
        "std": 0.0015902480589168667
      },
      "drift_acc_rx": {
        "mean": 0.5820266666666666,
        "std": 0.054309476971233006
      },
      "drift_acc_day": {
        "mean": 0.7119066666666666,
        "std": 0.08458586800799922
      },
      "drift_acc_all": {
        "mean": 0.6469666666666667,
        "std": 0.061457790393081996
      },
      "FRR_stable": {
        "mean": 0.09096666666666665,
        "std": 0.005988090031238855
      },
      "FAR_unknown_accept": {
        "mean": 0.17330666666666666,
        "std": 0.22547757443444238
      },
      "miss_drift_rx": {
        "mean": 0.15577333333333335,
        "std": 0.05144142040548
      },
      "miss_drift_day": {
        "mean": 0.38676,
        "std": 0.056111992776351594
      },
      "miss_drift_all": {
        "mean": 0.2712666666666667,
        "std": 0.05009238132357721
      },
      "auc_unknown_eval": {
        "mean": 0.8744893361111111,
        "std": 0.15509858780169478
      }
    },
    "GatedAdapt": {
      "stable_acc": {
        "mean": 0.9972666666666666,
        "std": 0.0012967909109284647
      },
      "drift_acc_rx": {
        "mean": 0.5909599999999999,
        "std": 0.052403419735738636
      },
      "drift_acc_day": {
        "mean": 0.7205466666666667,
        "std": 0.07978993977243554
      },
      "drift_acc_all": {
        "mean": 0.6557533333333333,
        "std": 0.057796522771222526
      },
      "FRR_stable": {
        "mean": 0.09090000000000002,
        "std": 0.003477467149776935
      },
      "FAR_unknown_accept": {
        "mean": 0.17302666666666666,
        "std": 0.2259288127368693
      },
      "miss_drift_rx": {
        "mean": 0.15528,
        "std": 0.052295798004131165
      },
      "miss_drift_day": {
        "mean": 0.38096,
        "std": 0.05690306142906548
      },
      "miss_drift_all": {
        "mean": 0.26812,
        "std": 0.051190852481451984
      },
      "auc_unknown_eval": {
        "mean": 0.8709432898148147,
        "std": 0.15869686860254378
      }
    },
    "GatedTopQAdapt": {
      "stable_acc": {
        "mean": 0.9971166666666665,
        "std": 0.0014762941591852314
      },
      "drift_acc_rx": {
        "mean": 0.5896133333333333,
        "std": 0.05281975051478797
      },
      "drift_acc_day": {
        "mean": 0.7196533333333334,
        "std": 0.08035562512288041
      },
      "drift_acc_all": {
        "mean": 0.6546333333333334,
        "std": 0.05828805862076537
      },
      "FRR_stable": {
        "mean": 0.09081666666666667,
        "std": 0.0036333333333333274
      },
      "FAR_unknown_accept": {
        "mean": 0.17325333333333334,
        "std": 0.22615740289442354
      },
      "miss_drift_rx": {
        "mean": 0.15556,
        "std": 0.052437452264578986
      },
      "miss_drift_day": {
        "mean": 0.38144,
        "std": 0.05634904869550939
      },
      "miss_drift_all": {
        "mean": 0.2685,
        "std": 0.05097267241702492
      },
      "auc_unknown_eval": {
        "mean": 0.8708728287037037,
        "std": 0.1597280097709868
      }
    },
    "OracleGateAdapt": {
      "stable_acc": {
        "mean": 0.9969999999999999,
        "std": 0.0015723301886761008
      },
      "drift_acc_rx": {
        "mean": 0.5823333333333334,
        "std": 0.054137438268006564
      },
      "drift_acc_day": {
        "mean": 0.7127999999999999,
        "std": 0.08676681393251685
      },
      "drift_acc_all": {
        "mean": 0.6475666666666667,
        "std": 0.06255582395837427
      },
      "FRR_stable": {
        "mean": 0.09348333333333332,
        "std": 0.006147357155721488
      },
      "FAR_unknown_accept": {
        "mean": 0.17352888888888887,
        "std": 0.2264192315698721
      },
      "miss_drift_rx": {
        "mean": 0.15593333333333337,
        "std": 0.05181565614968339
      },
      "miss_drift_day": {
        "mean": 0.38605333333333336,
        "std": 0.05585796909225318
      },
      "miss_drift_all": {
        "mean": 0.27099333333333336,
        "std": 0.0503606654267219
      },
      "auc_unknown_eval": {
        "mean": 0.8767499888888889,
        "std": 0.14947230803797104
      }
    }
  }
}