{
  "split": 1,
  "fold": 4,
  "tau_id": -1.1010155200958252,
  "tau_dom": 2797.851928710931,
  "tau_conf": 0.9857474565505981,
  "pseudo_acc_rx": 0.5686666666666667,
  "pseudo_acc_day": 0.725,
  "pseudo_acc_all": 0.6468333333333334,
  "gate_precision": 0.23775280898876405,
  "gate_recall": 0.13225,
  "gate_keep_ratio": 0.2225,
  "conf_precision": 0.23775280898876405,
  "conf_recall": 0.13225,
  "conf_keep_ratio": 0.2225,
  "conf_keep_given_gate": 1.0,
  "adapt_stream_size": 10000,
  "gate_size": 2225,
  "conf_size": 2225,
  "oracle_size": 4000,
  "NoAdapt": {
    "stable_acc": 0.9954166666666666,
    "drift_acc_rx": 0.5686666666666667,
    "drift_acc_day": 0.725,
    "drift_acc_all": 0.6468333333333334,
    "FRR_stable": 0.09250000000000003,
    "FAR_unknown_accept": 0.5296666666666666,
    "miss_drift_rx": 0.14533333333333334,
    "miss_drift_day": 0.3453333333333333,
    "miss_drift_all": 0.24533333333333332,
    "auc_unknown_eval": 0.6384832407407407
  },
  "UngatedAdapt": {
    "stable_acc": 0.995,
    "drift_acc_rx": 0.5596666666666666,
    "drift_acc_day": 0.726,
    "drift_acc_all": 0.6428333333333334,
    "FRR_stable": 0.09916666666666663,
    "FAR_unknown_accept": 0.5273333333333333,
    "miss_drift_rx": 0.14133333333333334,
    "miss_drift_day": 0.33,
    "miss_drift_all": 0.23566666666666666,
    "auc_unknown_eval": 0.672872175925926
  },
  "GatedAdapt": {
    "stable_acc": 0.99875,
    "drift_acc_rx": 0.6003333333333334,
    "drift_acc_day": 0.7373333333333333,
    "drift_acc_all": 0.6688333333333333,
    "FRR_stable": 0.08583333333333332,
    "FAR_unknown_accept": 0.5287777777777778,
    "miss_drift_rx": 0.14833333333333334,
    "miss_drift_day": 0.345,
    "miss_drift_all": 0.24666666666666667,
    "auc_unknown_eval": 0.6355559722222223
  },
  "GatedConfAdapt": {
    "stable_acc": 0.99875,
    "drift_acc_rx": 0.6023333333333334,
    "drift_acc_day": 0.743,
    "drift_acc_all": 0.6726666666666666,
    "FRR_stable": 0.08583333333333332,
    "FAR_unknown_accept": 0.528,
    "miss_drift_rx": 0.14866666666666667,
    "miss_drift_day": 0.345,
    "miss_drift_all": 0.24683333333333332,
    "auc_unknown_eval": 0.6460964814814815
  },
  "OracleGatePseudoAdapt": {
    "stable_acc": 0.9954166666666666,
    "drift_acc_rx": 0.5666666666666667,
    "drift_acc_day": 0.724,
    "drift_acc_all": 0.6453333333333333,
    "FRR_stable": 0.11499999999999999,
    "FAR_unknown_accept": 0.5201111111111111,
    "miss_drift_rx": 0.11733333333333333,
    "miss_drift_day": 0.2926666666666667,
    "miss_drift_all": 0.205,
    "auc_unknown_eval": 0.6472787037037038
  },
  "OracleLabelAdapt": {
    "stable_acc": 0.9970833333333333,
    "drift_acc_rx": 0.9206666666666666,
    "drift_acc_day": 0.992,
    "drift_acc_all": 0.9563333333333334,
    "FRR_stable": 0.44833333333333336,
    "FAR_unknown_accept": 0.008777777777777778,
    "miss_drift_rx": 0.017,
    "miss_drift_day": 0.06633333333333333,
    "miss_drift_all": 0.041666666666666664,
    "auc_unknown_eval": 0.9423337037037036
  }
}