{
  "split": 3,
  "fold": 4,
  "acc": 0.99625,
  "auc_drift_rx": 0.9294983912037038,
  "auc_drift_day": 0.8322235416666667,
  "tau_dom": 1828.0911437988266,
  "sid_results": {
    "EmbMaha": {
      "tau_id": -982.2417236328125,
      "auc_unknown": 0.993155486111111,
      "FRR_stable": 0.09416666666666662,
      "false_drift_stable": 0.04416666666666667,
      "FAR_unknown_accept": 0.016766666666666666,
      "miss_drift": 0.28420833333333334,
      "confusion_matrix": [
        [
          2174,
          106,
          120
        ],
        [
          13642,
          6134,
          28224
        ],
        [
          503,
          1281,
          28216
        ]
      ]
    },
    "Energy": {
      "tau_id": 5.617843818664551,
      "auc_unknown": 0.7684452083333333,
      "FRR_stable": 0.09750000000000003,
      "false_drift_stable": 0.0475,
      "FAR_unknown_accept": 0.08266666666666667,
      "miss_drift": 0.3558125,
      "confusion_matrix": [
        [
          2166,
          114,
          120
        ],
        [
          17079,
          16136,
          14785
        ],
        [
          2480,
          17441,
          10079
        ]
      ]
    },
    "Fusion_lam0.25": {
      "tau_id": -1.0903728544712066,
      "auc_unknown": 0.9935249999999999,
      "FRR_stable": 0.09416666666666662,
      "false_drift_stable": 0.04416666666666667,
      "FAR_unknown_accept": 0.012533333333333334,
      "miss_drift": 0.27220833333333333,
      "confusion_matrix": [
        [
          2174,
          106,
          120
        ],
        [
          13066,
          6059,
          28875
        ],
        [
          376,
          1276,
          28348
        ]
      ]
    },
    "Fusion_lam0.5": {
      "tau_id": -1.346773874759674,
      "auc_unknown": 0.9932431250000001,
      "FRR_stable": 0.09416666666666662,
      "false_drift_stable": 0.04416666666666667,
      "FAR_unknown_accept": 0.011833333333333333,
      "miss_drift": 0.27425,
      "confusion_matrix": [
        [
          2174,
          106,
          120
        ],
        [
          13164,
          6343,
          28493
        ],
        [
          355,
          1446,
          28199
        ]
      ]
    },
    "Fusion_lam1.0": {
      "tau_id": -1.894488090276718,
      "auc_unknown": 0.9913974305555556,
      "FRR_stable": 0.09416666666666662,
      "false_drift_stable": 0.04416666666666667,
      "FAR_unknown_accept": 0.0114,
      "miss_drift": 0.28275,
      "confusion_matrix": [
        [
          2174,
          106,
          120
        ],
        [
          13572,
          6972,
          27456
        ],
        [
          342,
          1751,
          27907
        ]
      ]
    },
    "Fusion_lam1.5": {
      "tau_id": -2.527727472782135,
      "auc_unknown": 0.9885754861111111,
      "FRR_stable": 0.09416666666666662,
      "false_drift_stable": 0.04416666666666667,
      "FAR_unknown_accept": 0.013066666666666667,
      "miss_drift": 0.2927708333333333,
      "confusion_matrix": [
        [
          2174,
          106,
          120
        ],
        [
          14053,
          7721,
          26226
        ],
        [
          392,
          2122,
          27486
        ]
      ]
    },
    "Fusion_lam2.0": {
      "tau_id": -3.1592803597450256,
      "auc_unknown": 0.9851132638888889,
      "FRR_stable": 0.09416666666666662,
      "false_drift_stable": 0.04416666666666667,
      "FAR_unknown_accept": 0.02036666666666667,
      "miss_drift": 0.29935416666666664,
      "confusion_matrix": [
        [
          2174,
          106,
          120
        ],
        [
          14369,
          8333,
          25298
        ],
        [
          611,
          2492,
          26897
        ]
      ]
    }
  },
  "best_sid": "Fusion_lam0.25"
}