{
  "split": 1,
  "fold": 5,
  "false_drift_target": 0.05,
  "tau_id": -1.4695003032684326,
  "tau_dom": 2569.970947265625,
  "tau_conf": 0.9926011562347412,
  "pseudo_acc_rx": 0.5556666666666666,
  "pseudo_acc_day": 0.6198333333333333,
  "pseudo_acc_all": 0.5717083333333334,
  "gate_precision": 0.23040466642362378,
  "gate_recall": 0.158,
  "gate_keep_ratio": 0.2743,
  "conf_precision": 0.23040466642362378,
  "conf_recall": 0.158,
  "conf_keep_ratio": 0.2743,
  "conf_keep_given_gate": 1.0,
  "adapt_stream_size": 10000,
  "gate_size": 2743,
  "conf_size": 2743,
  "oracle_size": 4000,
  "NoAdapt": {
    "stable_acc": 0.9945833333333334,
    "drift_acc_rx": 0.571,
    "drift_acc_day": 0.6026666666666667,
    "drift_acc_all": 0.5868333333333333,
    "FRR_stable": 0.09250000000000003,
    "FAR_unknown_accept": 0.5044444444444445,
    "miss_drift_rx": 0.09266666666666666,
    "miss_drift_day": 0.326,
    "miss_drift_all": 0.20933333333333334,
    "auc_unknown_eval": 0.649548888888889
  },
  "UngatedAdapt": {
    "stable_acc": 0.995,
    "drift_acc_rx": 0.5736666666666667,
    "drift_acc_day": 0.5976666666666667,
    "drift_acc_all": 0.5856666666666667,
    "FRR_stable": 0.09583333333333333,
    "FAR_unknown_accept": 0.48933333333333334,
    "miss_drift_rx": 0.092,
    "miss_drift_day": 0.305,
    "miss_drift_all": 0.1985,
    "auc_unknown_eval": 0.6898218518518519
  },
  "OracleGatePseudoAdapt": {
    "stable_acc": 0.9958333333333333,
    "drift_acc_rx": 0.5753333333333334,
    "drift_acc_day": 0.6113333333333333,
    "drift_acc_all": 0.5933333333333334,
    "FRR_stable": 0.11250000000000004,
    "FAR_unknown_accept": 0.4908888888888889,
    "miss_drift_rx": 0.08333333333333333,
    "miss_drift_day": 0.291,
    "miss_drift_all": 0.18716666666666668,
    "auc_unknown_eval": 0.6602341666666667
  },
  "OracleLabelAdapt": {
    "stable_acc": 0.9958333333333333,
    "drift_acc_rx": 0.9116666666666666,
    "drift_acc_day": 0.9876666666666667,
    "drift_acc_all": 0.9496666666666667,
    "FRR_stable": 0.3895833333333333,
    "FAR_unknown_accept": 0.0006666666666666666,
    "miss_drift_rx": 0.019333333333333334,
    "miss_drift_day": 0.134,
    "miss_drift_all": 0.07666666666666666,
    "auc_unknown_eval": 0.9093325462962965
  },
  "GatedAdapt": {
    "stable_acc": 0.995,
    "drift_acc_rx": 0.5933333333333334,
    "drift_acc_day": 0.6913333333333334,
    "drift_acc_all": 0.6423333333333333,
    "FRR_stable": 0.08583333333333332,
    "FAR_unknown_accept": 0.5035555555555555,
    "miss_drift_rx": 0.09733333333333333,
    "miss_drift_day": 0.32866666666666666,
    "miss_drift_all": 0.213,
    "auc_unknown_eval": 0.6866690277777777
  },
  "GatedConfAdapt": {
    "stable_acc": 0.995,
    "drift_acc_rx": 0.59,
    "drift_acc_day": 0.6846666666666666,
    "drift_acc_all": 0.6373333333333333,
    "FRR_stable": 0.0854166666666667,
    "FAR_unknown_accept": 0.5033333333333333,
    "miss_drift_rx": 0.097,
    "miss_drift_day": 0.329,
    "miss_drift_all": 0.213,
    "auc_unknown_eval": 0.6634672916666667
  }
}