{
  "split": 1,
  "fold": 5,
  "false_drift_target": 0.1,
  "tau_id": -1.4695003032684326,
  "tau_dom": 1927.356201171875,
  "tau_conf": 0.9926011562347412,
  "pseudo_acc_rx": 0.5556666666666666,
  "pseudo_acc_day": 0.6198333333333333,
  "pseudo_acc_all": 0.5717083333333334,
  "gate_precision": 0.22038350407144733,
  "gate_recall": 0.20975,
  "gate_keep_ratio": 0.3807,
  "conf_precision": 0.22038350407144733,
  "conf_recall": 0.20975,
  "conf_keep_ratio": 0.3807,
  "conf_keep_given_gate": 1.0,
  "adapt_stream_size": 10000,
  "gate_size": 3807,
  "conf_size": 3807,
  "oracle_size": 4000,
  "NoAdapt": {
    "stable_acc": 0.9945833333333334,
    "drift_acc_rx": 0.571,
    "drift_acc_day": 0.6026666666666667,
    "drift_acc_all": 0.5868333333333333,
    "FRR_stable": 0.1383333333333333,
    "FAR_unknown_accept": 0.37877777777777777,
    "miss_drift_rx": 0.048666666666666664,
    "miss_drift_day": 0.2643333333333333,
    "miss_drift_all": 0.1565,
    "auc_unknown_eval": 0.649548888888889
  },
  "UngatedAdapt": {
    "stable_acc": 0.995,
    "drift_acc_rx": 0.5736666666666667,
    "drift_acc_day": 0.5976666666666667,
    "drift_acc_all": 0.5856666666666667,
    "FRR_stable": 0.14166666666666672,
    "FAR_unknown_accept": 0.3641111111111111,
    "miss_drift_rx": 0.049,
    "miss_drift_day": 0.24433333333333335,
    "miss_drift_all": 0.14666666666666667,
    "auc_unknown_eval": 0.6898218518518519
  },
  "OracleGatePseudoAdapt": {
    "stable_acc": 0.9958333333333333,
    "drift_acc_rx": 0.5753333333333334,
    "drift_acc_day": 0.6113333333333333,
    "drift_acc_all": 0.5933333333333334,
    "FRR_stable": 0.15749999999999997,
    "FAR_unknown_accept": 0.3655555555555556,
    "miss_drift_rx": 0.044333333333333336,
    "miss_drift_day": 0.239,
    "miss_drift_all": 0.14166666666666666,
    "auc_unknown_eval": 0.6602341666666667
  },
  "OracleLabelAdapt": {
    "stable_acc": 0.9958333333333333,
    "drift_acc_rx": 0.9116666666666666,
    "drift_acc_day": 0.9876666666666667,
    "drift_acc_all": 0.9496666666666667,
    "FRR_stable": 0.42000000000000004,
    "FAR_unknown_accept": 0.0005555555555555556,
    "miss_drift_rx": 0.014333333333333333,
    "miss_drift_day": 0.095,
    "miss_drift_all": 0.05466666666666667,
    "auc_unknown_eval": 0.9093325462962965
  },
  "GatedAdapt": {
    "stable_acc": 0.995,
    "drift_acc_rx": 0.592,
    "drift_acc_day": 0.6816666666666666,
    "drift_acc_all": 0.6368333333333334,
    "FRR_stable": 0.13041666666666663,
    "FAR_unknown_accept": 0.37877777777777777,
    "miss_drift_rx": 0.053,
    "miss_drift_day": 0.268,
    "miss_drift_all": 0.1605,
    "auc_unknown_eval": 0.6688898611111112
  },
  "GatedConfAdapt": {
    "stable_acc": 0.995,
    "drift_acc_rx": 0.5926666666666667,
    "drift_acc_day": 0.6873333333333334,
    "drift_acc_all": 0.64,
    "FRR_stable": 0.13124999999999998,
    "FAR_unknown_accept": 0.37855555555555553,
    "miss_drift_rx": 0.05333333333333334,
    "miss_drift_day": 0.267,
    "miss_drift_all": 0.16016666666666668,
    "auc_unknown_eval": 0.6804701851851853
  }
}