{
  "split": 1,
  "fold": 5,
  "false_drift_target": 0.2,
  "tau_id": -1.4695003032684326,
  "tau_dom": 1189.0369873046875,
  "tau_conf": 0.9926011562347412,
  "pseudo_acc_rx": 0.5556666666666666,
  "pseudo_acc_day": 0.6198333333333333,
  "pseudo_acc_all": 0.5717083333333334,
  "gate_precision": 0.19448646831400235,
  "gate_recall": 0.28925,
  "gate_keep_ratio": 0.5949,
  "conf_precision": 0.19367322900891806,
  "conf_recall": 0.28775,
  "conf_keep_ratio": 0.5943,
  "conf_keep_given_gate": 0.9989914271306102,
  "adapt_stream_size": 10000,
  "gate_size": 5949,
  "conf_size": 5943,
  "oracle_size": 4000,
  "NoAdapt": {
    "stable_acc": 0.9945833333333334,
    "drift_acc_rx": 0.571,
    "drift_acc_day": 0.6026666666666667,
    "drift_acc_all": 0.5868333333333333,
    "FRR_stable": 0.23583333333333334,
    "FAR_unknown_accept": 0.06133333333333333,
    "miss_drift_rx": 0.015666666666666666,
    "miss_drift_day": 0.15133333333333332,
    "miss_drift_all": 0.0835,
    "auc_unknown_eval": 0.649548888888889
  },
  "UngatedAdapt": {
    "stable_acc": 0.995,
    "drift_acc_rx": 0.5736666666666667,
    "drift_acc_day": 0.5976666666666667,
    "drift_acc_all": 0.5856666666666667,
    "FRR_stable": 0.23750000000000004,
    "FAR_unknown_accept": 0.058222222222222224,
    "miss_drift_rx": 0.016666666666666666,
    "miss_drift_day": 0.13933333333333334,
    "miss_drift_all": 0.078,
    "auc_unknown_eval": 0.6898218518518519
  },
  "OracleGatePseudoAdapt": {
    "stable_acc": 0.9958333333333333,
    "drift_acc_rx": 0.5753333333333334,
    "drift_acc_day": 0.6113333333333333,
    "drift_acc_all": 0.5933333333333334,
    "FRR_stable": 0.2520833333333333,
    "FAR_unknown_accept": 0.058666666666666666,
    "miss_drift_rx": 0.013333333333333334,
    "miss_drift_day": 0.13466666666666666,
    "miss_drift_all": 0.074,
    "auc_unknown_eval": 0.6602341666666667
  },
  "OracleLabelAdapt": {
    "stable_acc": 0.9958333333333333,
    "drift_acc_rx": 0.9116666666666666,
    "drift_acc_day": 0.9876666666666667,
    "drift_acc_all": 0.9496666666666667,
    "FRR_stable": 0.4683333333333334,
    "FAR_unknown_accept": 0.0,
    "miss_drift_rx": 0.010333333333333333,
    "miss_drift_day": 0.073,
    "miss_drift_all": 0.041666666666666664,
    "auc_unknown_eval": 0.9093325462962965
  },
  "GatedAdapt": {
    "stable_acc": 0.995,
    "drift_acc_rx": 0.593,
    "drift_acc_day": 0.694,
    "drift_acc_all": 0.6435,
    "FRR_stable": 0.2283333333333334,
    "FAR_unknown_accept": 0.06133333333333333,
    "miss_drift_rx": 0.018666666666666668,
    "miss_drift_day": 0.15433333333333332,
    "miss_drift_all": 0.0865,
    "auc_unknown_eval": 0.6755342129629629
  },
  "GatedConfAdapt": {
    "stable_acc": 0.9945833333333334,
    "drift_acc_rx": 0.5926666666666667,
    "drift_acc_day": 0.6936666666666667,
    "drift_acc_all": 0.6431666666666667,
    "FRR_stable": 0.22875,
    "FAR_unknown_accept": 0.06133333333333333,
    "miss_drift_rx": 0.018333333333333333,
    "miss_drift_day": 0.15466666666666667,
    "miss_drift_all": 0.0865,
    "auc_unknown_eval": 0.6708429166666666
  }
}