{
  "split": 1,
  "fold": 5,
  "false_drift_target": 0.01,
  "tau_id": -1.4695003032684326,
  "tau_dom": 4802.30029296875,
  "tau_conf": 0.9926011562347412,
  "pseudo_acc_rx": 0.5556666666666666,
  "pseudo_acc_day": 0.6198333333333333,
  "pseudo_acc_all": 0.5717083333333334,
  "gate_precision": 0.23950233281493002,
  "gate_recall": 0.077,
  "gate_keep_ratio": 0.1286,
  "conf_precision": 0.23950233281493002,
  "conf_recall": 0.077,
  "conf_keep_ratio": 0.1286,
  "conf_keep_given_gate": 1.0,
  "adapt_stream_size": 10000,
  "gate_size": 1286,
  "conf_size": 1286,
  "oracle_size": 4000,
  "NoAdapt": {
    "stable_acc": 0.9945833333333334,
    "drift_acc_rx": 0.571,
    "drift_acc_day": 0.6026666666666667,
    "drift_acc_all": 0.5868333333333333,
    "FRR_stable": 0.0591666666666667,
    "FAR_unknown_accept": 0.6981111111111111,
    "miss_drift_rx": 0.17433333333333334,
    "miss_drift_day": 0.403,
    "miss_drift_all": 0.2886666666666667,
    "auc_unknown_eval": 0.649548888888889
  },
  "UngatedAdapt": {
    "stable_acc": 0.995,
    "drift_acc_rx": 0.5736666666666667,
    "drift_acc_day": 0.5976666666666667,
    "drift_acc_all": 0.5856666666666667,
    "FRR_stable": 0.0625,
    "FAR_unknown_accept": 0.6766666666666666,
    "miss_drift_rx": 0.16766666666666666,
    "miss_drift_day": 0.38166666666666665,
    "miss_drift_all": 0.27466666666666667,
    "auc_unknown_eval": 0.6898218518518519
  },
  "OracleGatePseudoAdapt": {
    "stable_acc": 0.9958333333333333,
    "drift_acc_rx": 0.5753333333333334,
    "drift_acc_day": 0.6113333333333333,
    "drift_acc_all": 0.5933333333333334,
    "FRR_stable": 0.08125000000000004,
    "FAR_unknown_accept": 0.6783333333333333,
    "miss_drift_rx": 0.154,
    "miss_drift_day": 0.3626666666666667,
    "miss_drift_all": 0.25833333333333336,
    "auc_unknown_eval": 0.6602341666666667
  },
  "OracleLabelAdapt": {
    "stable_acc": 0.9958333333333333,
    "drift_acc_rx": 0.9116666666666666,
    "drift_acc_day": 0.9876666666666667,
    "drift_acc_all": 0.9496666666666667,
    "FRR_stable": 0.36291666666666667,
    "FAR_unknown_accept": 0.0006666666666666666,
    "miss_drift_rx": 0.041,
    "miss_drift_day": 0.18866666666666668,
    "miss_drift_all": 0.11483333333333333,
    "auc_unknown_eval": 0.9093325462962965
  },
  "GatedAdapt": {
    "stable_acc": 0.995,
    "drift_acc_rx": 0.593,
    "drift_acc_day": 0.6943333333333334,
    "drift_acc_all": 0.6436666666666667,
    "FRR_stable": 0.05125000000000002,
    "FAR_unknown_accept": 0.6968888888888889,
    "miss_drift_rx": 0.179,
    "miss_drift_day": 0.4066666666666667,
    "miss_drift_all": 0.29283333333333333,
    "auc_unknown_eval": 0.6751127314814814
  },
  "GatedConfAdapt": {
    "stable_acc": 0.995,
    "drift_acc_rx": 0.593,
    "drift_acc_day": 0.6933333333333334,
    "drift_acc_all": 0.6431666666666667,
    "FRR_stable": 0.05249999999999999,
    "FAR_unknown_accept": 0.6944444444444444,
    "miss_drift_rx": 0.17666666666666667,
    "miss_drift_day": 0.405,
    "miss_drift_all": 0.29083333333333333,
    "auc_unknown_eval": 0.6973268518518518
  }
}