{
  "split": 5,
  "fold": 4,
  "tau_id": -1.503866159915924,
  "tau_dom": 2694.0892211914056,
  "thr_precision": 0.20922229869236064,
  "thr_recall": 0.152,
  "thr_keep_ratio": 0.2906,
  "topq_precision": 0.20533980582524272,
  "topq_recall": 0.10575,
  "topq_keep_ratio": 0.206,
  "adapt_stream_size": 10000,
  "thr_size": 2906,
  "topq_size": 2060,
  "oracle_size": 4000,
  "NoAdapt": {
    "stable_acc": 0.995,
    "drift_acc_rx": 0.5206666666666667,
    "drift_acc_day": 0.6473333333333333,
    "drift_acc_all": 0.584,
    "FRR_stable": 0.09375,
    "FAR_unknown_accept": 0.5096666666666667,
    "miss_drift_rx": 0.12066666666666667,
    "miss_drift_day": 0.324,
    "miss_drift_all": 0.22233333333333333,
    "auc_unknown_eval": 0.5673231944444445
  },
  "UngatedAdapt": {
    "stable_acc": 0.995,
    "drift_acc_rx": 0.518,
    "drift_acc_day": 0.6426666666666667,
    "drift_acc_all": 0.5803333333333334,
    "FRR_stable": 0.09166666666666667,
    "FAR_unknown_accept": 0.5097777777777778,
    "miss_drift_rx": 0.12233333333333334,
    "miss_drift_day": 0.3283333333333333,
    "miss_drift_all": 0.22533333333333333,
    "auc_unknown_eval": 0.5625230092592592
  },
  "GatedAdapt": {
    "stable_acc": 0.9954166666666666,
    "drift_acc_rx": 0.5366666666666666,
    "drift_acc_day": 0.6923333333333334,
    "drift_acc_all": 0.6145,
    "FRR_stable": 0.09166666666666667,
    "FAR_unknown_accept": 0.5097777777777778,
    "miss_drift_rx": 0.12166666666666667,
    "miss_drift_day": 0.327,
    "miss_drift_all": 0.22433333333333333,
    "auc_unknown_eval": 0.5892667592592593
  },
  "GatedTopQAdapt": {
    "stable_acc": 0.9954166666666666,
    "drift_acc_rx": 0.5293333333333333,
    "drift_acc_day": 0.6833333333333333,
    "drift_acc_all": 0.6063333333333333,
    "FRR_stable": 0.09166666666666667,
    "FAR_unknown_accept": 0.5095555555555555,
    "miss_drift_rx": 0.12133333333333333,
    "miss_drift_day": 0.32766666666666666,
    "miss_drift_all": 0.2245,
    "auc_unknown_eval": 0.5714661111111111
  },
  "OracleGateAdapt": {
    "stable_acc": 0.995,
    "drift_acc_rx": 0.5136666666666667,
    "drift_acc_day": 0.6336666666666667,
    "drift_acc_all": 0.5736666666666667,
    "FRR_stable": 0.09624999999999995,
    "FAR_unknown_accept": 0.5101111111111111,
    "miss_drift_rx": 0.12266666666666666,
    "miss_drift_day": 0.3283333333333333,
    "miss_drift_all": 0.2255,
    "auc_unknown_eval": 0.5649128703703703
  }
}