{
  "split": 1,
  "fold": 4,
  "tau_id": -1.0472686409950256,
  "tau_dom": 2737.837109374983,
  "thr_precision": 0.23557075673364686,
  "thr_recall": 0.13775,
  "thr_keep_ratio": 0.2339,
  "topq_precision": 0.22125702606029637,
  "topq_recall": 0.10825,
  "topq_keep_ratio": 0.1957,
  "adapt_stream_size": 10000,
  "thr_size": 2339,
  "topq_size": 1957,
  "oracle_size": 4000,
  "NoAdapt": {
    "stable_acc": 0.9966666666666667,
    "drift_acc_rx": 0.51,
    "drift_acc_day": 0.6176666666666667,
    "drift_acc_all": 0.5638333333333333,
    "FRR_stable": 0.09375,
    "FAR_unknown_accept": 0.5471111111111111,
    "miss_drift_rx": 0.11466666666666667,
    "miss_drift_day": 0.353,
    "miss_drift_all": 0.23383333333333334,
    "auc_unknown_eval": 0.7356803703703704
  },
  "UngatedAdapt": {
    "stable_acc": 0.9970833333333333,
    "drift_acc_rx": 0.5096666666666667,
    "drift_acc_day": 0.6183333333333333,
    "drift_acc_all": 0.564,
    "FRR_stable": 0.08875,
    "FAR_unknown_accept": 0.5483333333333333,
    "miss_drift_rx": 0.119,
    "miss_drift_day": 0.3556666666666667,
    "miss_drift_all": 0.23733333333333334,
    "auc_unknown_eval": 0.7775342592592592
  },
  "GatedAdapt": {
    "stable_acc": 0.9979166666666667,
    "drift_acc_rx": 0.5203333333333333,
    "drift_acc_day": 0.6303333333333333,
    "drift_acc_all": 0.5753333333333334,
    "FRR_stable": 0.08791666666666664,
    "FAR_unknown_accept": 0.5472222222222223,
    "miss_drift_rx": 0.11933333333333333,
    "miss_drift_day": 0.356,
    "miss_drift_all": 0.23766666666666666,
    "auc_unknown_eval": 0.7369523148148149
  },
  "GatedTopQAdapt": {
    "stable_acc": 0.9979166666666667,
    "drift_acc_rx": 0.5213333333333333,
    "drift_acc_day": 0.6303333333333333,
    "drift_acc_all": 0.5758333333333333,
    "FRR_stable": 0.08750000000000002,
    "FAR_unknown_accept": 0.5471111111111111,
    "miss_drift_rx": 0.11866666666666667,
    "miss_drift_day": 0.356,
    "miss_drift_all": 0.23733333333333334,
    "auc_unknown_eval": 0.7409459722222222
  },
  "OracleGateAdapt": {
    "stable_acc": 0.9970833333333333,
    "drift_acc_rx": 0.5103333333333333,
    "drift_acc_day": 0.618,
    "drift_acc_all": 0.5641666666666667,
    "FRR_stable": 0.08999999999999997,
    "FAR_unknown_accept": 0.5494444444444444,
    "miss_drift_rx": 0.11666666666666667,
    "miss_drift_day": 0.3586666666666667,
    "miss_drift_all": 0.23766666666666666,
    "auc_unknown_eval": 0.7303896759259259
  }
}