{
  "split": 7,
  "fold": 5,
  "acc": 0.9970833333333333,
  "auc_drift_rx": 0.928966099537037,
  "auc_drift_day": 0.8568078125,
  "tau_dom": 2157.9358642578063,
  "sid_results": {
    "EmbMaha": {
      "tau_id": -925.8181213378906,
      "auc_unknown": 0.9209114583333333,
      "FRR_stable": 0.09125000000000005,
      "false_drift_stable": 0.04125,
      "FAR_unknown_accept": 0.0162,
      "miss_drift": 0.2489375,
      "confusion_matrix": [
        [
          2181,
          99,
          120
        ],
        [
          11949,
          8191,
          27860
        ],
        [
          486,
          6306,
          23208
        ]
      ]
    },
    "Energy": {
      "tau_id": 5.481676316261291,
      "auc_unknown": 0.73817,
      "FRR_stable": 0.09916666666666663,
      "false_drift_stable": 0.049166666666666664,
      "FAR_unknown_accept": 0.029066666666666668,
      "miss_drift": 0.30466666666666664,
      "confusion_matrix": [
        [
          2162,
          118,
          120
        ],
        [
          14624,
          19555,
          13821
        ],
        [
          872,
          18410,
          10718
        ]
      ]
    },
    "Fusion_lam0.25": {
      "tau_id": -0.7631771296262742,
      "auc_unknown": 0.8998184027777778,
      "FRR_stable": 0.09375,
      "false_drift_stable": 0.04375,
      "FAR_unknown_accept": 0.016,
      "miss_drift": 0.24770833333333334,
      "confusion_matrix": [
        [
          2175,
          105,
          120
        ],
        [
          11890,
          9408,
          26702
        ],
        [
          480,
          7108,
          22412
        ]
      ]
    },
    "Fusion_lam0.5": {
      "tau_id": -1.219377475976944,
      "auc_unknown": 0.8917544444444444,
      "FRR_stable": 0.09375,
      "false_drift_stable": 0.04375,
      "FAR_unknown_accept": 0.016033333333333333,
      "miss_drift": 0.2562291666666667,
      "confusion_matrix": [
        [
          2175,
          105,
          120
        ],
        [
          12299,
          10395,
          25306
        ],
        [
          481,
          7720,
          21799
        ]
      ]
    },
    "Fusion_lam1.0": {
      "tau_id": -2.0918349742889406,
      "auc_unknown": 0.8787689583333333,
      "FRR_stable": 0.09416666666666662,
      "false_drift_stable": 0.04416666666666667,
      "FAR_unknown_accept": 0.016033333333333333,
      "miss_drift": 0.26310416666666664,
      "confusion_matrix": [
        [
          2174,
          106,
          120
        ],
        [
          12629,
          11513,
          23858
        ],
        [
          481,
          8458,
          21061
        ]
      ]
    },
    "Fusion_lam1.5": {
      "tau_id": -2.9805435299873353,
      "auc_unknown": 0.8679217361111111,
      "FRR_stable": 0.09416666666666662,
      "false_drift_stable": 0.04416666666666667,
      "FAR_unknown_accept": 0.016133333333333333,
      "miss_drift": 0.26514583333333336,
      "confusion_matrix": [
        [
          2174,
          106,
          120
        ],
        [
          12727,
          12196,
          23077
        ],
        [
          484,
          9145,
          20371
        ]
      ]
    },
    "Fusion_lam2.0": {
      "tau_id": -3.8917444944381714,
      "auc_unknown": 0.8587166666666667,
      "FRR_stable": 0.09458333333333335,
      "false_drift_stable": 0.044583333333333336,
      "FAR_unknown_accept": 0.016133333333333333,
      "miss_drift": 0.26745833333333335,
      "confusion_matrix": [
        [
          2173,
          107,
          120
        ],
        [
          12838,
          12638,
          22524
        ],
        [
          484,
          9749,
          19767
        ]
      ]
    }
  },
  "best_sid": "EmbMaha"
}