{
  "split": 2,
  "fold": 5,
  "acc": 0.9933333333333333,
  "auc_unknown": 0.9963424305555555,
  "auc_drift_rx": 0.9261250057870369,
  "auc_drift_day": 0.82217234375,
  "tau_id": -963.9669189453125,
  "tau_dom": 2263.391845703125,
  "FRR_stable": 0.09583333333333333,
  "false_drift_stable": 0.04583333333333333,
  "FAR_unknown_accept": 3.3333333333333335e-05,
  "miss_drift": 0.238375,
  "confusion_matrix": [
    [
      2170,
      110,
      120
    ],
    [
      11442,
      6733,
      29825
    ],
    [
      1,
      243,
      29756
    ]
  ]
}