{
  "tau_id": -963.9669189453125,
  "tau_dom": 2263.391845703125
}