{
  "split": 3,
  "fold": 4,
  "false_drift_target": 0.01,
  "tau_id": -1.0984257459640503,
  "tau_dom": 3754.28125,
  "tau_conf": 0.9999136924743652,
  "pseudo_acc_rx": 0.6309444444444444,
  "pseudo_acc_day": 0.7745,
  "pseudo_acc_all": 0.6668333333333333,
  "gate_precision": 0.3158995815899582,
  "gate_recall": 0.03775,
  "gate_keep_ratio": 0.0478,
  "conf_precision": 0.42028985507246375,
  "conf_recall": 0.029,
  "conf_keep_ratio": 0.0276,
  "conf_keep_given_gate": 0.5774058577405857,
  "adapt_stream_size": 10000,
  "gate_size": 478,
  "conf_size": 276,
  "oracle_size": 4000,
  "NoAdapt": {
    "stable_acc": 0.9979166666666667,
    "drift_acc_rx": 0.6173333333333333,
    "drift_acc_day": 0.781,
    "drift_acc_all": 0.6991666666666667,
    "FRR_stable": 0.05666666666666664,
    "FAR_unknown_accept": 0.04133333333333333,
    "miss_drift_rx": 0.325,
    "miss_drift_day": 0.595,
    "miss_drift_all": 0.46,
    "auc_unknown_eval": 0.9765303703703704
  },
  "UngatedAdapt": {
    "stable_acc": 0.9975,
    "drift_acc_rx": 0.6193333333333333,
    "drift_acc_day": 0.783,
    "drift_acc_all": 0.7011666666666667,
    "FRR_stable": 0.08458333333333334,
    "FAR_unknown_accept": 0.022,
    "miss_drift_rx": 0.2996666666666667,
    "miss_drift_day": 0.5796666666666667,
    "miss_drift_all": 0.43966666666666665,
    "auc_unknown_eval": 0.9808695833333333
  },
  "OracleGatePseudoAdapt": {
    "stable_acc": 0.9983333333333333,
    "drift_acc_rx": 0.6216666666666667,
    "drift_acc_day": 0.7806666666666666,
    "drift_acc_all": 0.7011666666666667,
    "FRR_stable": 0.07250000000000001,
    "FAR_unknown_accept": 0.02722222222222222,
    "miss_drift_rx": 0.2826666666666667,
    "miss_drift_day": 0.589,
    "miss_drift_all": 0.43583333333333335,
    "auc_unknown_eval": 0.9771742129629629
  },
  "OracleLabelAdapt": {
    "stable_acc": 0.9979166666666667,
    "drift_acc_rx": 0.807,
    "drift_acc_day": 0.9456666666666667,
    "drift_acc_all": 0.8763333333333333,
    "FRR_stable": 0.7604166666666666,
    "FAR_unknown_accept": 0.0016666666666666668,
    "miss_drift_rx": 0.057,
    "miss_drift_day": 0.08533333333333333,
    "miss_drift_all": 0.07116666666666667,
    "auc_unknown_eval": 0.693712361111111
  },
  "GatedAdapt": {
    "stable_acc": 0.9983333333333333,
    "drift_acc_rx": 0.623,
    "drift_acc_day": 0.7826666666666666,
    "drift_acc_all": 0.7028333333333333,
    "FRR_stable": 0.05625000000000002,
    "FAR_unknown_accept": 0.04522222222222222,
    "miss_drift_rx": 0.329,
    "miss_drift_day": 0.594,
    "miss_drift_all": 0.4615,
    "auc_unknown_eval": 0.9772649537037037
  },
  "GatedConfAdapt": {
    "stable_acc": 0.9983333333333333,
    "drift_acc_rx": 0.6233333333333333,
    "drift_acc_day": 0.783,
    "drift_acc_all": 0.7031666666666667,
    "FRR_stable": 0.05625000000000002,
    "FAR_unknown_accept": 0.04544444444444445,
    "miss_drift_rx": 0.3283333333333333,
    "miss_drift_day": 0.5943333333333334,
    "miss_drift_all": 0.4613333333333333,
    "auc_unknown_eval": 0.9772195833333331
  }
}