{
  "split": 3,
  "fold": 4,
  "false_drift_target": 0.05,
  "tau_id": -1.0984257459640503,
  "tau_dom": 1828.090576171875,
  "tau_conf": 0.9999136924743652,
  "pseudo_acc_rx": 0.6309444444444444,
  "pseudo_acc_day": 0.7745,
  "pseudo_acc_all": 0.6668333333333333,
  "gate_precision": 0.5838926174496645,
  "gate_recall": 0.15225,
  "gate_keep_ratio": 0.1043,
  "conf_precision": 0.7146814404432132,
  "conf_recall": 0.129,
  "conf_keep_ratio": 0.0722,
  "conf_keep_given_gate": 0.6922339405560882,
  "adapt_stream_size": 10000,
  "gate_size": 1043,
  "conf_size": 722,
  "oracle_size": 4000,
  "NoAdapt": {
    "stable_acc": 0.9979166666666667,
    "drift_acc_rx": 0.6173333333333333,
    "drift_acc_day": 0.781,
    "drift_acc_all": 0.6991666666666667,
    "FRR_stable": 0.09375,
    "FAR_unknown_accept": 0.019444444444444445,
    "miss_drift_rx": 0.22866666666666666,
    "miss_drift_day": 0.47,
    "miss_drift_all": 0.34933333333333333,
    "auc_unknown_eval": 0.9765303703703704
  },
  "UngatedAdapt": {
    "stable_acc": 0.9975,
    "drift_acc_rx": 0.6193333333333333,
    "drift_acc_day": 0.783,
    "drift_acc_all": 0.7011666666666667,
    "FRR_stable": 0.12041666666666662,
    "FAR_unknown_accept": 0.014,
    "miss_drift_rx": 0.21933333333333332,
    "miss_drift_day": 0.4553333333333333,
    "miss_drift_all": 0.3373333333333333,
    "auc_unknown_eval": 0.9808695833333333
  },
  "OracleGatePseudoAdapt": {
    "stable_acc": 0.9983333333333333,
    "drift_acc_rx": 0.6216666666666667,
    "drift_acc_day": 0.7806666666666666,
    "drift_acc_all": 0.7011666666666667,
    "FRR_stable": 0.10958333333333337,
    "FAR_unknown_accept": 0.01633333333333333,
    "miss_drift_rx": 0.207,
    "miss_drift_day": 0.46366666666666667,
    "miss_drift_all": 0.3353333333333333,
    "auc_unknown_eval": 0.9771742129629629
  },
  "OracleLabelAdapt": {
    "stable_acc": 0.9979166666666667,
    "drift_acc_rx": 0.807,
    "drift_acc_day": 0.9456666666666667,
    "drift_acc_all": 0.8763333333333333,
    "FRR_stable": 0.7629166666666667,
    "FAR_unknown_accept": 0.0,
    "miss_drift_rx": 0.056,
    "miss_drift_day": 0.08533333333333333,
    "miss_drift_all": 0.07066666666666667,
    "auc_unknown_eval": 0.693712361111111
  },
  "GatedAdapt": {
    "stable_acc": 0.9983333333333333,
    "drift_acc_rx": 0.6236666666666667,
    "drift_acc_day": 0.7823333333333333,
    "drift_acc_all": 0.703,
    "FRR_stable": 0.09291666666666665,
    "FAR_unknown_accept": 0.01988888888888889,
    "miss_drift_rx": 0.231,
    "miss_drift_day": 0.473,
    "miss_drift_all": 0.352,
    "auc_unknown_eval": 0.9774331944444444
  },
  "GatedConfAdapt": {
    "stable_acc": 0.9983333333333333,
    "drift_acc_rx": 0.6213333333333333,
    "drift_acc_day": 0.7826666666666666,
    "drift_acc_all": 0.702,
    "FRR_stable": 0.09291666666666665,
    "FAR_unknown_accept": 0.019777777777777776,
    "miss_drift_rx": 0.23066666666666666,
    "miss_drift_day": 0.4723333333333333,
    "miss_drift_all": 0.3515,
    "auc_unknown_eval": 0.9773746296296296
  }
}