{
  "split": 3,
  "fold": 4,
  "false_drift_target": 0.2,
  "tau_id": -1.0984257459640503,
  "tau_dom": 913.5282592773438,
  "tau_conf": 0.9999136924743652,
  "pseudo_acc_rx": 0.6309444444444444,
  "pseudo_acc_day": 0.7745,
  "pseudo_acc_all": 0.6668333333333333,
  "gate_precision": 0.7068595927116827,
  "gate_recall": 0.32975,
  "gate_keep_ratio": 0.1866,
  "conf_precision": 0.7993174061433447,
  "conf_recall": 0.29275,
  "conf_keep_ratio": 0.1465,
  "conf_keep_given_gate": 0.785101822079314,
  "adapt_stream_size": 10000,
  "gate_size": 1866,
  "conf_size": 1465,
  "oracle_size": 4000,
  "NoAdapt": {
    "stable_acc": 0.9979166666666667,
    "drift_acc_rx": 0.6173333333333333,
    "drift_acc_day": 0.781,
    "drift_acc_all": 0.6991666666666667,
    "FRR_stable": 0.24124999999999996,
    "FAR_unknown_accept": 0.001,
    "miss_drift_rx": 0.085,
    "miss_drift_day": 0.25866666666666666,
    "miss_drift_all": 0.17183333333333334,
    "auc_unknown_eval": 0.9765303703703704
  },
  "UngatedAdapt": {
    "stable_acc": 0.9975,
    "drift_acc_rx": 0.6193333333333333,
    "drift_acc_day": 0.783,
    "drift_acc_all": 0.7011666666666667,
    "FRR_stable": 0.26541666666666663,
    "FAR_unknown_accept": 0.0006666666666666666,
    "miss_drift_rx": 0.084,
    "miss_drift_day": 0.24733333333333332,
    "miss_drift_all": 0.16566666666666666,
    "auc_unknown_eval": 0.9808695833333333
  },
  "OracleGatePseudoAdapt": {
    "stable_acc": 0.9983333333333333,
    "drift_acc_rx": 0.6216666666666667,
    "drift_acc_day": 0.7806666666666666,
    "drift_acc_all": 0.7011666666666667,
    "FRR_stable": 0.255,
    "FAR_unknown_accept": 0.0006666666666666666,
    "miss_drift_rx": 0.085,
    "miss_drift_day": 0.25433333333333336,
    "miss_drift_all": 0.16966666666666666,
    "auc_unknown_eval": 0.9771742129629629
  },
  "OracleLabelAdapt": {
    "stable_acc": 0.9979166666666667,
    "drift_acc_rx": 0.807,
    "drift_acc_day": 0.9456666666666667,
    "drift_acc_all": 0.8763333333333333,
    "FRR_stable": 0.78625,
    "FAR_unknown_accept": 0.0,
    "miss_drift_rx": 0.030333333333333334,
    "miss_drift_day": 0.055,
    "miss_drift_all": 0.042666666666666665,
    "auc_unknown_eval": 0.693712361111111
  },
  "GatedAdapt": {
    "stable_acc": 0.9983333333333333,
    "drift_acc_rx": 0.623,
    "drift_acc_day": 0.7823333333333333,
    "drift_acc_all": 0.7026666666666667,
    "FRR_stable": 0.24083333333333334,
    "FAR_unknown_accept": 0.0011111111111111111,
    "miss_drift_rx": 0.08566666666666667,
    "miss_drift_day": 0.2623333333333333,
    "miss_drift_all": 0.174,
    "auc_unknown_eval": 0.9769818518518517
  },
  "GatedConfAdapt": {
    "stable_acc": 0.9983333333333333,
    "drift_acc_rx": 0.621,
    "drift_acc_day": 0.7823333333333333,
    "drift_acc_all": 0.7016666666666667,
    "FRR_stable": 0.24083333333333334,
    "FAR_unknown_accept": 0.0011111111111111111,
    "miss_drift_rx": 0.08566666666666667,
    "miss_drift_day": 0.261,
    "miss_drift_all": 0.17333333333333334,
    "auc_unknown_eval": 0.9766265277777777
  }
}