{
  "split": 3,
  "fold": 4,
  "false_drift_target": 0.1,
  "tau_id": -1.0984257459640503,
  "tau_dom": 1305.913818359375,
  "tau_conf": 0.9999136924743652,
  "pseudo_acc_rx": 0.6309444444444444,
  "pseudo_acc_day": 0.7745,
  "pseudo_acc_all": 0.6668333333333333,
  "gate_precision": 0.6513513513513514,
  "gate_recall": 0.241,
  "gate_keep_ratio": 0.148,
  "conf_precision": 0.7459312839059674,
  "conf_recall": 0.20625,
  "conf_keep_ratio": 0.1106,
  "conf_keep_given_gate": 0.7472972972972973,
  "adapt_stream_size": 10000,
  "gate_size": 1480,
  "conf_size": 1106,
  "oracle_size": 4000,
  "NoAdapt": {
    "stable_acc": 0.9979166666666667,
    "drift_acc_rx": 0.6173333333333333,
    "drift_acc_day": 0.781,
    "drift_acc_all": 0.6991666666666667,
    "FRR_stable": 0.1429166666666667,
    "FAR_unknown_accept": 0.007333333333333333,
    "miss_drift_rx": 0.146,
    "miss_drift_day": 0.37333333333333335,
    "miss_drift_all": 0.25966666666666666,
    "auc_unknown_eval": 0.9765303703703704
  },
  "UngatedAdapt": {
    "stable_acc": 0.9975,
    "drift_acc_rx": 0.6193333333333333,
    "drift_acc_day": 0.783,
    "drift_acc_all": 0.7011666666666667,
    "FRR_stable": 0.16833333333333333,
    "FAR_unknown_accept": 0.004222222222222222,
    "miss_drift_rx": 0.14333333333333334,
    "miss_drift_day": 0.35933333333333334,
    "miss_drift_all": 0.25133333333333335,
    "auc_unknown_eval": 0.9808695833333333
  },
  "OracleGatePseudoAdapt": {
    "stable_acc": 0.9983333333333333,
    "drift_acc_rx": 0.6216666666666667,
    "drift_acc_day": 0.7806666666666666,
    "drift_acc_all": 0.7011666666666667,
    "FRR_stable": 0.15749999999999997,
    "FAR_unknown_accept": 0.0044444444444444444,
    "miss_drift_rx": 0.14333333333333334,
    "miss_drift_day": 0.36733333333333335,
    "miss_drift_all": 0.25533333333333336,
    "auc_unknown_eval": 0.9771742129629629
  },
  "OracleLabelAdapt": {
    "stable_acc": 0.9979166666666667,
    "drift_acc_rx": 0.807,
    "drift_acc_day": 0.9456666666666667,
    "drift_acc_all": 0.8763333333333333,
    "FRR_stable": 0.7695833333333333,
    "FAR_unknown_accept": 0.0,
    "miss_drift_rx": 0.052,
    "miss_drift_day": 0.07,
    "miss_drift_all": 0.061,
    "auc_unknown_eval": 0.693712361111111
  },
  "GatedAdapt": {
    "stable_acc": 0.9983333333333333,
    "drift_acc_rx": 0.624,
    "drift_acc_day": 0.782,
    "drift_acc_all": 0.703,
    "FRR_stable": 0.14208333333333334,
    "FAR_unknown_accept": 0.007666666666666666,
    "miss_drift_rx": 0.147,
    "miss_drift_day": 0.377,
    "miss_drift_all": 0.262,
    "auc_unknown_eval": 0.9771362037037037
  },
  "GatedConfAdapt": {
    "stable_acc": 0.9983333333333333,
    "drift_acc_rx": 0.6236666666666667,
    "drift_acc_day": 0.7833333333333333,
    "drift_acc_all": 0.7035,
    "FRR_stable": 0.14208333333333334,
    "FAR_unknown_accept": 0.007666666666666666,
    "miss_drift_rx": 0.14733333333333334,
    "miss_drift_day": 0.377,
    "miss_drift_all": 0.26216666666666666,
    "auc_unknown_eval": 0.9774723148148148
  }
}