{
  "split": 3,
  "fold": 2,
  "tau_id": -1.6998236656188965,
  "tau_dom": 1962.7569091796868,
  "thr_precision": 0.8573264781491002,
  "thr_recall": 0.16675,
  "thr_keep_ratio": 0.0778,
  "topq_precision": 0.8507042253521127,
  "topq_recall": 0.151,
  "topq_keep_ratio": 0.071,
  "adapt_stream_size": 10000,
  "thr_size": 778,
  "topq_size": 710,
  "oracle_size": 4000,
  "NoAdapt": {
    "stable_acc": 0.9966666666666667,
    "drift_acc_rx": 0.6506666666666666,
    "drift_acc_day": 0.776,
    "drift_acc_all": 0.7133333333333334,
    "FRR_stable": 0.09333333333333338,
    "FAR_unknown_accept": 0.025111111111111112,
    "miss_drift_rx": 0.22566666666666665,
    "miss_drift_day": 0.47433333333333333,
    "miss_drift_all": 0.35,
    "auc_unknown_eval": 0.9872622222222222
  },
  "UngatedAdapt": {
    "stable_acc": 0.9966666666666667,
    "drift_acc_rx": 0.6516666666666666,
    "drift_acc_day": 0.7756666666666666,
    "drift_acc_all": 0.7136666666666667,
    "FRR_stable": 0.08666666666666667,
    "FAR_unknown_accept": 0.028888888888888888,
    "miss_drift_rx": 0.234,
    "miss_drift_day": 0.4846666666666667,
    "miss_drift_all": 0.35933333333333334,
    "auc_unknown_eval": 0.9880968518518518
  },
  "GatedAdapt": {
    "stable_acc": 0.9966666666666667,
    "drift_acc_rx": 0.655,
    "drift_acc_day": 0.7823333333333333,
    "drift_acc_all": 0.7186666666666667,
    "FRR_stable": 0.08916666666666662,
    "FAR_unknown_accept": 0.025333333333333333,
    "miss_drift_rx": 0.22633333333333333,
    "miss_drift_day": 0.477,
    "miss_drift_all": 0.3516666666666667,
    "auc_unknown_eval": 0.9875300925925924
  },
  "GatedTopQAdapt": {
    "stable_acc": 0.9966666666666667,
    "drift_acc_rx": 0.6543333333333333,
    "drift_acc_day": 0.7826666666666666,
    "drift_acc_all": 0.7185,
    "FRR_stable": 0.08833333333333337,
    "FAR_unknown_accept": 0.025777777777777778,
    "miss_drift_rx": 0.22633333333333333,
    "miss_drift_day": 0.47933333333333333,
    "miss_drift_all": 0.35283333333333333,
    "auc_unknown_eval": 0.9875449537037037
  },
  "OracleGateAdapt": {
    "stable_acc": 0.9966666666666667,
    "drift_acc_rx": 0.6526666666666666,
    "drift_acc_day": 0.7793333333333333,
    "drift_acc_all": 0.716,
    "FRR_stable": 0.08708333333333329,
    "FAR_unknown_accept": 0.025555555555555557,
    "miss_drift_rx": 0.22966666666666666,
    "miss_drift_day": 0.482,
    "miss_drift_all": 0.35583333333333333,
    "auc_unknown_eval": 0.9874765277777777
  }
}