{
  "split": 10,
  "fold": 2,
  "acc": 0.9925,
  "auc_drift_rx": 0.918000625,
  "auc_drift_day": 0.8347292534722222,
  "tau_dom": 2808.9274902343745,
  "sid_results": {
    "EmbMaha": {
      "tau_id": -1219.9514770507812,
      "auc_unknown": 0.9984155555555556,
      "FRR_stable": 0.08958333333333335,
      "false_drift_stable": 0.03958333333333333,
      "FAR_unknown_accept": 0.0,
      "miss_drift": 0.3371875,
      "confusion_matrix": [
        [
          2185,
          95,
          120
        ],
        [
          16185,
          6954,
          24861
        ],
        [
          0,
          181,
          29819
        ]
      ]
    },
    "Energy": {
      "tau_id": 7.164683508872986,
      "auc_unknown": 0.9794345833333333,
      "FRR_stable": 0.09083333333333332,
      "false_drift_stable": 0.04083333333333333,
      "FAR_unknown_accept": 0.0511,
      "miss_drift": 0.3529791666666667,
      "confusion_matrix": [
        [
          2182,
          98,
          120
        ],
        [
          16943,
          12345,
          18712
        ],
        [
          1533,
          4626,
          23841
        ]
      ]
    },
    "Fusion_lam0.25": {
      "tau_id": -0.8052546739578247,
      "auc_unknown": 0.9985432638888889,
      "FRR_stable": 0.08875,
      "false_drift_stable": 0.03875,
      "FAR_unknown_accept": 0.0,
      "miss_drift": 0.330125,
      "confusion_matrix": [
        [
          2187,
          93,
          120
        ],
        [
          15846,
          7202,
          24952
        ],
        [
          0,
          182,
          29818
        ]
      ]
    },
    "Fusion_lam0.5": {
      "tau_id": -1.0425751566886903,
      "auc_unknown": 0.9986313888888889,
      "FRR_stable": 0.08875,
      "false_drift_stable": 0.03875,
      "FAR_unknown_accept": 0.0,
      "miss_drift": 0.32795833333333335,
      "confusion_matrix": [
        [
          2187,
          93,
          120
        ],
        [
          15742,
          7574,
          24684
        ],
        [
          0,
          326,
          29674
        ]
      ]
    },
    "Fusion_lam1.0": {
      "tau_id": -1.6392773628234862,
      "auc_unknown": 0.9987568055555556,
      "FRR_stable": 0.08791666666666664,
      "false_drift_stable": 0.03791666666666667,
      "FAR_unknown_accept": 0.0,
      "miss_drift": 0.3304375,
      "confusion_matrix": [
        [
          2189,
          91,
          120
        ],
        [
          15861,
          8299,
          23840
        ],
        [
          0,
          663,
          29337
        ]
      ]
    },
    "Fusion_lam1.5": {
      "tau_id": -2.2953271865844727,
      "auc_unknown": 0.9988388888888888,
      "FRR_stable": 0.08791666666666664,
      "false_drift_stable": 0.03791666666666667,
      "FAR_unknown_accept": 0.0,
      "miss_drift": 0.33377083333333335,
      "confusion_matrix": [
        [
          2189,
          91,
          120
        ],
        [
          16021,
          8872,
          23107
        ],
        [
          0,
          834,
          29166
        ]
      ]
    },
    "Fusion_lam2.0": {
      "tau_id": -2.8121545910835266,
      "auc_unknown": 0.9988852777777777,
      "FRR_stable": 0.08791666666666664,
      "false_drift_stable": 0.03791666666666667,
      "FAR_unknown_accept": 0.0,
      "miss_drift": 0.33289583333333334,
      "confusion_matrix": [
        [
          2189,
          91,
          120
        ],
        [
          15979,
          9110,
          22911
        ],
        [
          0,
          895,
          29105
        ]
      ]
    }
  },
  "best_sid": "Fusion_lam2.0"
}