{
  "split": 2,
  "fold": 3,
  "tau_id": -1.7560355901718139,
  "tau_dom": 2485.8034179687497,
  "gate_precision": 0.8732612055641422,
  "gate_recall": 0.14125,
  "gate_keep_ratio": 0.0647,
  "adapt_stream_size": 10000,
  "gated_size": 647,
  "oracle_size": 4000,
  "NoAdapt": {
    "stable_acc": 0.99625,
    "drift_acc_rx": 0.602,
    "drift_acc_day": 0.6173333333333333,
    "drift_acc_all": 0.6096666666666667,
    "FRR_stable": 0.0954166666666667,
    "FAR_unknown_accept": 0.00011111111111111112,
    "miss_drift_rx": 0.214,
    "miss_drift_day": 0.3586666666666667,
    "miss_drift_all": 0.28633333333333333,
    "auc_unknown_eval": 0.9956356944444446
  },
  "UngatedAdapt": {
    "stable_acc": 0.9975,
    "drift_acc_rx": 0.594,
    "drift_acc_day": 0.616,
    "drift_acc_all": 0.605,
    "FRR_stable": 0.09499999999999997,
    "FAR_unknown_accept": 0.0,
    "miss_drift_rx": 0.21066666666666667,
    "miss_drift_day": 0.36133333333333334,
    "miss_drift_all": 0.286,
    "auc_unknown_eval": 0.9955100000000001
  },
  "GatedAdapt": {
    "stable_acc": 0.9966666666666667,
    "drift_acc_rx": 0.604,
    "drift_acc_day": 0.6293333333333333,
    "drift_acc_all": 0.6166666666666667,
    "FRR_stable": 0.09125000000000005,
    "FAR_unknown_accept": 0.00011111111111111112,
    "miss_drift_rx": 0.21633333333333332,
    "miss_drift_day": 0.365,
    "miss_drift_all": 0.2906666666666667,
    "auc_unknown_eval": 0.9961253240740741
  },
  "OracleGateAdapt": {
    "stable_acc": 0.9966666666666667,
    "drift_acc_rx": 0.5916666666666667,
    "drift_acc_day": 0.6116666666666667,
    "drift_acc_all": 0.6016666666666667,
    "FRR_stable": 0.0920833333333333,
    "FAR_unknown_accept": 0.00011111111111111112,
    "miss_drift_rx": 0.21433333333333332,
    "miss_drift_day": 0.367,
    "miss_drift_all": 0.2906666666666667,
    "auc_unknown_eval": 0.9948930092592592
  }
}