{
  "train_loss": [
    0.4056636877265977,
    0.12347882594223376,
    0.06906702814186796,
    0.04475814338175603,
    0.035390558354786515,
    0.028663800445810697,
    0.02540849776317676,
    0.022786306987666052,
    0.0190494076843247,
    0.016682607889891152,
    0.017105484563558374,
    0.014372289795457259,
    0.013545703895700475,
    0.011793869504429124,
    0.011902878391498953,
    0.010560031819306774,
    0.010824653569660668,
    0.008593639499151413,
    0.008026575691779546,
    0.0084032154268726,
    0.007876194587385536,
    0.0068276053464850755,
    0.00818237965792866,
    0.006259251476185005,
    0.007700575451815018,
    0.007729782817100554,
    0.006282255318329129,
    0.005540054658410588,
    0.006919050155448969,
    0.005909218598246275,
    0.006559759105216527,
    0.0064374354598256125,
    0.005221985898377305,
    0.006308983517293301,
    0.004675380049063537
  ],
  "train_acc": [
    0.8153935185185185,
    0.9521990740740741,
    0.9763888888888889,
    0.9848765432098765,
    0.9880787037037037,
    0.9898919753086419,
    0.9912808641975308,
    0.9922453703703704,
    0.9933256172839506,
    0.9943287037037037,
    0.9942515432098765,
    0.994945987654321,
    0.9955246913580247,
    0.995679012345679,
    0.995871913580247,
    0.9963348765432098,
    0.996141975308642,
    0.9967592592592592,
    0.9972993827160493,
    0.9975308641975309,
    0.9973765432098766,
    0.9975308641975309,
    0.9972608024691358,
    0.9979166666666667,
    0.997337962962963,
    0.997608024691358,
    0.9978395061728395,
    0.9981867283950617,
    0.9976466049382716,
    0.998070987654321,
    0.9979552469135803,
    0.998070987654321,
    0.9984567901234568,
    0.9978780864197531,
    0.9985725308641975
  ],
  "val_loss": [
    0.17245950880977842,
    0.1679698528514968,
    0.0574720264515943,
    0.03270657430920336,
    0.018293242130635514,
    0.023140624419061673,
    0.019174783904519346,
    0.018779490469023587,
    0.013430663164601557,
    0.016127027549211765,
    0.013851470610178593,
    0.012760929339047935,
    0.01604997053444903,
    0.015001829439360235,
    0.0065406685946881125,
    0.012039068482247077,
    0.009273407185456663,
    0.006425778705872492,
    0.005720065579710839,
    0.01186698147470856,
    0.006330152729868941,
    0.01003094593033893,
    0.007957799736403912,
    0.005390729069282922,
    0.0050696383849653005,
    0.010057516229183723,
    0.003990655541484658,
    0.005427176277670595,
    0.00443188034971374,
    0.005308403948422185,
    0.004720366016166129,
    0.004638351068084982,
    0.0057186094790166765,
    0.006854296593357705,
    0.004670272478284055
  ],
  "val_acc": [
    0.9329861111111111,
    0.9385416666666667,
    0.9833333333333333,
    0.9895833333333334,
    0.9934027777777777,
    0.9920138888888889,
    0.9930555555555556,
    0.9930555555555556,
    0.9958333333333333,
    0.9954861111111111,
    0.9951388888888889,
    0.9954861111111111,
    0.996875,
    0.9951388888888889,
    0.9972222222222222,
    0.9958333333333333,
    0.9975694444444444,
    0.9982638888888888,
    0.9975694444444444,
    0.9961805555555555,
    0.9975694444444444,
    0.996875,
    0.9975694444444444,
    0.9986111111111111,
    0.9975694444444444,
    0.9975694444444444,
    0.9989583333333333,
    0.9982638888888888,
    0.9979166666666667,
    0.9989583333333333,
    0.9989583333333333,
    0.9982638888888888,
    0.9982638888888888,
    0.9986111111111111,
    0.9982638888888888
  ]
}