{
  "split": 3,
  "fold": 5,
  "acc": 0.9968055555555555,
  "auc_unknown": 0.9339053549382715,
  "auc_drRX_V0": 0.6974263136574075,
  "auc_drRX_V1": 0.8630863483796297,
  "auc_drRX_V1k": 0.8107982291666667,
  "auc_drRX_V2": 0.47868344328703705,
  "auc_drRX_V3": 0.6145635474537037,
  "auc_drDAY_V0": 0.5266793653549383,
  "auc_drDAY_V1": 0.7399342939814815,
  "auc_drDAY_V1k": 0.7213585127314814,
  "auc_drDAY_V2": 0.48662765046296297,
  "auc_drDAY_V3": 0.4729419270833333
}