{
  "split": 7,
  "fold": 1,
  "acc": 0.9975,
  "auc_drift_rx": 0.9324903645833332,
  "auc_drift_day": 0.8604040277777778,
  "tau_dom": 2086.283227539062,
  "sid_results": {
    "EmbMaha": {
      "tau_id": -810.6991485595703,
      "auc_unknown": 0.8932090277777778,
      "FRR_stable": 0.09250000000000003,
      "false_drift_stable": 0.0425,
      "FAR_unknown_accept": 0.0144,
      "miss_drift": 0.2507083333333333,
      "confusion_matrix": [
        [
          2178,
          102,
          120
        ],
        [
          12034,
          6897,
          29069
        ],
        [
          432,
          6608,
          22960
        ]
      ]
    },
    "Energy": {
      "tau_id": 5.9188477277755736,
      "auc_unknown": 0.6777225,
      "FRR_stable": 0.09833333333333338,
      "false_drift_stable": 0.04833333333333333,
      "FAR_unknown_accept": 0.015333333333333332,
      "miss_drift": 0.30404166666666665,
      "confusion_matrix": [
        [
          2164,
          116,
          120
        ],
        [
          14594,
          18978,
          14428
        ],
        [
          460,
          17652,
          11888
        ]
      ]
    },
    "Fusion_lam0.25": {
      "tau_id": -0.7363272637128829,
      "auc_unknown": 0.8651989583333333,
      "FRR_stable": 0.09416666666666662,
      "false_drift_stable": 0.04416666666666667,
      "FAR_unknown_accept": 0.014666666666666666,
      "miss_drift": 0.23895833333333333,
      "confusion_matrix": [
        [
          2174,
          106,
          120
        ],
        [
          11470,
          7720,
          28810
        ],
        [
          440,
          7010,
          22550
        ]
      ]
    },
    "Fusion_lam0.5": {
      "tau_id": -1.0421398103237152,
      "auc_unknown": 0.862355625,
      "FRR_stable": 0.09458333333333335,
      "false_drift_stable": 0.044583333333333336,
      "FAR_unknown_accept": 0.014666666666666666,
      "miss_drift": 0.23870833333333333,
      "confusion_matrix": [
        [
          2173,
          107,
          120
        ],
        [
          11458,
          8764,
          27778
        ],
        [
          440,
          7338,
          22222
        ]
      ]
    },
    "Fusion_lam1.0": {
      "tau_id": -1.6943321645259857,
      "auc_unknown": 0.8592698958333334,
      "FRR_stable": 0.0954166666666667,
      "false_drift_stable": 0.04541666666666667,
      "FAR_unknown_accept": 0.014733333333333333,
      "miss_drift": 0.24414583333333334,
      "confusion_matrix": [
        [
          2171,
          109,
          120
        ],
        [
          11719,
          10088,
          26193
        ],
        [
          442,
          7731,
          21827
        ]
      ]
    },
    "Fusion_lam1.5": {
      "tau_id": -2.4050842046737673,
      "auc_unknown": 0.856009513888889,
      "FRR_stable": 0.09583333333333333,
      "false_drift_stable": 0.04583333333333333,
      "FAR_unknown_accept": 0.014733333333333333,
      "miss_drift": 0.2523125,
      "confusion_matrix": [
        [
          2170,
          110,
          120
        ],
        [
          12111,
          10922,
          24967
        ],
        [
          442,
          8123,
          21435
        ]
      ]
    },
    "Fusion_lam2.0": {
      "tau_id": -3.1307466864585876,
      "auc_unknown": 0.8523279166666666,
      "FRR_stable": 0.09583333333333333,
      "false_drift_stable": 0.04583333333333333,
      "FAR_unknown_accept": 0.014766666666666668,
      "miss_drift": 0.25914583333333335,
      "confusion_matrix": [
        [
          2170,
          110,
          120
        ],
        [
          12439,
          11550,
          24011
        ],
        [
          443,
          8511,
          21046
        ]
      ]
    }
  },
  "best_sid": "EmbMaha"
}