{
  "train_loss": [
    0.5045082494064613,
    0.1502134554915958,
    0.0574858048999751,
    0.02986842696727426,
    0.024409712830351458,
    0.021212155399499118,
    0.019128434446260886,
    0.014785823738202452,
    0.01404759780227862,
    0.010946781430565924,
    0.011689721354007445,
    0.007449855599379926,
    0.013284457252464361,
    0.007896887035005622,
    0.005865388674902971,
    0.00692088962705047,
    0.007028034815340544,
    0.006257321075234493,
    0.005510780378891569,
    0.006897507820933782,
    0.006070525773059301,
    0.004629313388485806,
    0.006079395322551675,
    0.004374089655983779,
    0.005046022731241667,
    0.005619328932974625,
    0.003969368144990532,
    0.004230046245006465,
    0.0060329258582054604,
    0.003837424826903131,
    0.0030281425619722102,
    0.0031612575431440577,
    0.003946510448737104,
    0.0028969035165910435,
    0.003918196822633035,
    0.0037228119935780006,
    0.0022209978749742733,
    0.0028417854380138495,
    0.005836186092993658,
    0.0018384344761553048,
    0.0017878049968405524,
    0.0055504955088340295,
    0.00298852859435741,
    0.002028234598455364,
    0.0038948713594840634
  ],
  "train_acc": [
    0.7663194444444444,
    0.9410879629629629,
    0.9807870370370371,
    0.9900462962962963,
    0.9925925925925926,
    0.9927083333333333,
    0.9935185185185185,
    0.9952546296296296,
    0.9952546296296296,
    0.9961805555555555,
    0.9959490740740741,
    0.997337962962963,
    0.9953703703703703,
    0.9974537037037037,
    0.9979166666666667,
    0.9967592592592592,
    0.9979166666666667,
    0.9979166666666667,
    0.9981481481481481,
    0.9980324074074074,
    0.9981481481481481,
    0.9988425925925926,
    0.9981481481481481,
    0.9987268518518518,
    0.9984953703703704,
    0.9981481481481481,
    0.9986111111111111,
    0.9983796296296297,
    0.9976851851851852,
    0.9984953703703704,
    0.9993055555555556,
    0.9991898148148148,
    0.9988425925925926,
    0.9991898148148148,
    0.9988425925925926,
    0.9989583333333333,
    0.9993055555555556,
    0.9990740740740741,
    0.9986111111111111,
    0.9993055555555556,
    0.9991898148148148,
    0.9983796296296297,
    0.9989583333333333,
    0.9993055555555556,
    0.9987268518518518
  ],
  "val_loss": [
    1.6820063273111978,
    0.8688712000846863,
    0.5994721213976543,
    0.34905680020650226,
    0.15913292268911997,
    0.18135748207569122,
    0.1517828643321991,
    0.12136842509110769,
    0.08256152446071306,
    0.07201698993643126,
    0.12871336738268535,
    0.088785212362806,
    0.06991817206144332,
    0.07272019572556018,
    0.07959931530058384,
    0.053362592868506906,
    0.056006124204335116,
    0.04764076829887927,
    0.05901251821778715,
    0.05407299240274976,
    0.057435701290766396,
    0.055394113061872,
    0.06281619435176253,
    0.05364048417347173,
    0.046208153464249335,
    0.04684462339306871,
    0.06776822176761925,
    0.04837365715454022,
    0.039420801907544954,
    0.05336559374506275,
    0.04474247010269513,
    0.06256071537112197,
    0.03466283368858664,
    0.04774388312944211,
    0.042544066548968355,
    0.05108701706243058,
    0.029564162453607424,
    0.028012802952556135,
    0.031221248473351202,
    0.03623388801158096,
    0.049847578461049126,
    0.034158201789250595,
    0.03372629506144828,
    0.04980786100544113,
    0.03455913225576902
  ],
  "val_acc": [
    0.5677083333333334,
    0.709375,
    0.775,
    0.8666666666666667,
    0.9604166666666667,
    0.9489583333333333,
    0.9677083333333333,
    0.9739583333333334,
    0.98125,
    0.98125,
    0.9645833333333333,
    0.9833333333333333,
    0.9833333333333333,
    0.9854166666666667,
    0.9833333333333333,
    0.9875,
    0.9885416666666667,
    0.9895833333333334,
    0.9885416666666667,
    0.9885416666666667,
    0.984375,
    0.9885416666666667,
    0.9864583333333333,
    0.9885416666666667,
    0.990625,
    0.990625,
    0.9885416666666667,
    0.9916666666666667,
    0.9916666666666667,
    0.9885416666666667,
    0.9927083333333333,
    0.9875,
    0.9927083333333333,
    0.9895833333333334,
    0.99375,
    0.99375,
    0.9958333333333333,
    0.9927083333333333,
    0.9927083333333333,
    0.99375,
    0.9916666666666667,
    0.9916666666666667,
    0.990625,
    0.9895833333333334,
    0.9927083333333333
  ]
}