{
  "split": 14,
  "fold": 2,
  "acc": 0.9979166666666667,
  "auc_unknown": 0.9902605555555556,
  "auc_drift_rx": 0.9302289062499999,
  "auc_drift_day": 0.8137979166666667,
  "tau_id": -1.0161819458007812,
  "tau_dom": 1884.7132568359375,
  "FRR_stable": 0.09458333333333335,
  "false_drift_stable": 0.044583333333333336,
  "FAR_unknown_accept": 0.029966666666666666,
  "miss_drift": 0.27125,
  "confusion_matrix": [
    [
      2173,
      107,
      120
    ],
    [
      13020,
      7543,
      27437
    ],
    [
      899,
      2083,
      27018
    ]
  ]
}