{
  "tau_id": -1.0161819458007812,
  "tau_dom": 1884.7132568359375
}