{
  "train_loss": [
    0.5682388029716633,
    0.18921128045077676,
    0.07565149521386182,
    0.038701769516423894,
    0.028177166778456282,
    0.025054012435591883,
    0.01929830890148878,
    0.014400448757051317,
    0.015068638647251107,
    0.012219425171820654,
    0.011834321978191535,
    0.012778890086337924,
    0.011121646944364464,
    0.007943970022326404,
    0.007344297477889254,
    0.007890349048776207,
    0.007027981880000206,
    0.0072013400408818765,
    0.007171556758651234,
    0.005793482192395324,
    0.006020677833886886,
    0.006839503144146874,
    0.007358315283070422,
    0.004707185461410079,
    0.005329297412687016,
    0.003997802159843828,
    0.005642504386034691,
    0.004677877368414084
  ],
  "train_acc": [
    0.7369212962962963,
    0.9212962962962963,
    0.9744212962962963,
    0.9880787037037037,
    0.9903935185185185,
    0.991550925925926,
    0.9934027777777777,
    0.9954861111111111,
    0.9947916666666666,
    0.9959490740740741,
    0.9959490740740741,
    0.9959490740740741,
    0.9958333333333333,
    0.9969907407407408,
    0.9974537037037037,
    0.9967592592592592,
    0.9975694444444444,
    0.9974537037037037,
    0.9975694444444444,
    0.9981481481481481,
    0.9974537037037037,
    0.9974537037037037,
    0.9979166666666667,
    0.9986111111111111,
    0.9982638888888888,
    0.9983796296296297,
    0.997800925925926,
    0.9982638888888888
  ],
  "val_loss": [
    1.960921311378479,
    0.7210909167925517,
    0.27575901548067727,
    0.15625165899594626,
    0.18045149346192677,
    0.04095815420150757,
    0.049309863895177844,
    0.028688044970234236,
    0.048874035974343616,
    0.019634290349980196,
    0.024179583539565404,
    0.014143876110514006,
    0.012533892660091321,
    0.011217311335106691,
    0.010397680817792814,
    0.010610098329683145,
    0.007968419805789988,
    0.005953186238184571,
    0.004164459300227463,
    0.0023156073002610356,
    0.0045507810117366414,
    0.0034027122504388294,
    0.0030464202010383207,
    0.0073722266068216415,
    0.002644464037681852,
    0.002390778778741757,
    0.0018971391681892177,
    0.0009811098910480116
  ],
  "val_acc": [
    0.5520833333333334,
    0.740625,
    0.884375,
    0.934375,
    0.9229166666666667,
    0.9885416666666667,
    0.9854166666666667,
    0.9958333333333333,
    0.984375,
    0.9947916666666666,
    0.996875,
    0.9947916666666666,
    0.9979166666666667,
    0.9958333333333333,
    0.9979166666666667,
    0.9979166666666667,
    0.996875,
    0.9979166666666667,
    0.9979166666666667,
    1.0,
    0.996875,
    0.9989583333333333,
    1.0,
    0.9958333333333333,
    1.0,
    1.0,
    0.9989583333333333,
    1.0
  ]
}