{
  "split": 8,
  "fold": 1,
  "acc": 0.9970833333333333,
  "auc_unknown": 0.9912420833333333,
  "auc_drift_rx": 0.9509281886574074,
  "auc_drift_day": 0.8530764583333333,
  "tau_id": -1.4825479984283447,
  "tau_dom": 2324.7998046875,
  "FRR_stable": 0.09499999999999997,
  "false_drift_stable": 0.045,
  "FAR_unknown_accept": 0.0008666666666666666,
  "miss_drift": 0.18870833333333334,
  "confusion_matrix": [
    [
      2172,
      108,
      120
    ],
    [
      9058,
      9880,
      29062
    ],
    [
      26,
      44,
      29930
    ]
  ]
}