{
  "tau_id": -1.4825479984283447,
  "tau_dom": 2324.7998046875
}