{
  "split": 5,
  "fold": 2,
  "tau_id": -0.9704263985157012,
  "tau_dom": 2591.587646484374,
  "gate_precision": 0.20506434205064342,
  "gate_recall": 0.1235,
  "gate_keep_ratio": 0.2409,
  "adapt_stream_size": 10000,
  "gated_size": 2409,
  "oracle_size": 4000,
  "NoAdapt": {
    "stable_acc": 0.9991666666666666,
    "drift_acc_rx": 0.5093333333333333,
    "drift_acc_day": 0.7393333333333333,
    "drift_acc_all": 0.6243333333333333,
    "FRR_stable": 0.09291666666666665,
    "FAR_unknown_accept": 0.5367777777777778,
    "miss_drift_rx": 0.12433333333333334,
    "miss_drift_day": 0.3396666666666667,
    "miss_drift_all": 0.232,
    "auc_unknown_eval": 0.6625951851851852
  },
  "UngatedAdapt": {
    "stable_acc": 0.9991666666666666,
    "drift_acc_rx": 0.511,
    "drift_acc_day": 0.7463333333333333,
    "drift_acc_all": 0.6286666666666667,
    "FRR_stable": 0.0854166666666667,
    "FAR_unknown_accept": 0.5386666666666666,
    "miss_drift_rx": 0.13433333333333333,
    "miss_drift_day": 0.35833333333333334,
    "miss_drift_all": 0.24633333333333332,
    "auc_unknown_eval": 0.672939861111111
  },
  "GatedAdapt": {
    "stable_acc": 0.9991666666666666,
    "drift_acc_rx": 0.5183333333333333,
    "drift_acc_day": 0.748,
    "drift_acc_all": 0.6331666666666667,
    "FRR_stable": 0.08999999999999997,
    "FAR_unknown_accept": 0.5371111111111111,
    "miss_drift_rx": 0.12866666666666668,
    "miss_drift_day": 0.3456666666666667,
    "miss_drift_all": 0.23716666666666666,
    "auc_unknown_eval": 0.6636953240740741
  },
  "OracleGateAdapt": {
    "stable_acc": 0.9991666666666666,
    "drift_acc_rx": 0.505,
    "drift_acc_day": 0.74,
    "drift_acc_all": 0.6225,
    "FRR_stable": 0.09375,
    "FAR_unknown_accept": 0.5392222222222223,
    "miss_drift_rx": 0.134,
    "miss_drift_day": 0.36133333333333334,
    "miss_drift_all": 0.24766666666666667,
    "auc_unknown_eval": 0.6593990277777778
  }
}