{
  "split": 3,
  "fold": 1,
  "tau_id": -1.3088190674781799,
  "tau_dom": 1937.7499938964795,
  "thr_precision": 0.48773006134969327,
  "thr_recall": 0.159,
  "thr_keep_ratio": 0.1304,
  "topq_precision": 0.31645569620253167,
  "topq_recall": 0.06875,
  "topq_keep_ratio": 0.0869,
  "adapt_stream_size": 10000,
  "thr_size": 1304,
  "topq_size": 869,
  "oracle_size": 4000,
  "NoAdapt": {
    "stable_acc": 0.9954166666666666,
    "drift_acc_rx": 0.636,
    "drift_acc_day": 0.869,
    "drift_acc_all": 0.7525,
    "FRR_stable": 0.09250000000000003,
    "FAR_unknown_accept": 0.03411111111111111,
    "miss_drift_rx": 0.21033333333333334,
    "miss_drift_day": 0.457,
    "miss_drift_all": 0.33366666666666667,
    "auc_unknown_eval": 0.9720028240740741
  },
  "UngatedAdapt": {
    "stable_acc": 0.9954166666666666,
    "drift_acc_rx": 0.643,
    "drift_acc_day": 0.879,
    "drift_acc_all": 0.761,
    "FRR_stable": 0.09791666666666665,
    "FAR_unknown_accept": 0.034444444444444444,
    "miss_drift_rx": 0.20933333333333334,
    "miss_drift_day": 0.46066666666666667,
    "miss_drift_all": 0.335,
    "auc_unknown_eval": 0.9687242592592593
  },
  "GatedAdapt": {
    "stable_acc": 0.9966666666666667,
    "drift_acc_rx": 0.66,
    "drift_acc_day": 0.8623333333333333,
    "drift_acc_all": 0.7611666666666667,
    "FRR_stable": 0.0904166666666667,
    "FAR_unknown_accept": 0.03255555555555555,
    "miss_drift_rx": 0.20933333333333334,
    "miss_drift_day": 0.45766666666666667,
    "miss_drift_all": 0.3335,
    "auc_unknown_eval": 0.9773975925925926
  },
  "GatedTopQAdapt": {
    "stable_acc": 0.9958333333333333,
    "drift_acc_rx": 0.6576666666666666,
    "drift_acc_day": 0.864,
    "drift_acc_all": 0.7608333333333334,
    "FRR_stable": 0.0904166666666667,
    "FAR_unknown_accept": 0.033,
    "miss_drift_rx": 0.21333333333333335,
    "miss_drift_day": 0.4583333333333333,
    "miss_drift_all": 0.3358333333333333,
    "auc_unknown_eval": 0.9756181944444445
  },
  "OracleGateAdapt": {
    "stable_acc": 0.9958333333333333,
    "drift_acc_rx": 0.6416666666666667,
    "drift_acc_day": 0.8896666666666667,
    "drift_acc_all": 0.7656666666666667,
    "FRR_stable": 0.08875,
    "FAR_unknown_accept": 0.03755555555555556,
    "miss_drift_rx": 0.21966666666666668,
    "miss_drift_day": 0.4643333333333333,
    "miss_drift_all": 0.342,
    "auc_unknown_eval": 0.9716387499999999
  }
}