{
  "split": 1,
  "fold": 1,
  "false_drift_target": 0.2,
  "tau_id": -1.583982229232788,
  "tau_dom": 1135.0426025390625,
  "tau_conf": 0.9998704195022583,
  "pseudo_acc_rx": 0.57025,
  "pseudo_acc_day": 0.66875,
  "pseudo_acc_all": 0.594875,
  "gate_precision": 0.22314890154597233,
  "gate_recall": 0.27425,
  "gate_keep_ratio": 0.4916,
  "conf_precision": 0.23256802721088435,
  "conf_recall": 0.2735,
  "conf_keep_ratio": 0.4704,
  "conf_keep_given_gate": 0.9568755085435313,
  "adapt_stream_size": 10000,
  "gate_size": 4916,
  "conf_size": 4704,
  "oracle_size": 4000,
  "NoAdapt": {
    "stable_acc": 0.9995833333333334,
    "drift_acc_rx": 0.564,
    "drift_acc_day": 0.685,
    "drift_acc_all": 0.6245,
    "FRR_stable": 0.24250000000000005,
    "FAR_unknown_accept": 0.05588888888888889,
    "miss_drift_rx": 0.001,
    "miss_drift_day": 0.14033333333333334,
    "miss_drift_all": 0.07066666666666667,
    "auc_unknown_eval": 0.8251238425925926
  },
  "UngatedAdapt": {
    "stable_acc": 0.9995833333333334,
    "drift_acc_rx": 0.5576666666666666,
    "drift_acc_day": 0.6773333333333333,
    "drift_acc_all": 0.6175,
    "FRR_stable": 0.2545833333333334,
    "FAR_unknown_accept": 0.05344444444444445,
    "miss_drift_rx": 0.001,
    "miss_drift_day": 0.13566666666666666,
    "miss_drift_all": 0.06833333333333333,
    "auc_unknown_eval": 0.8724958796296296
  },
  "OracleGatePseudoAdapt": {
    "stable_acc": 0.9995833333333334,
    "drift_acc_rx": 0.5633333333333334,
    "drift_acc_day": 0.686,
    "drift_acc_all": 0.6246666666666667,
    "FRR_stable": 0.2579166666666667,
    "FAR_unknown_accept": 0.05566666666666667,
    "miss_drift_rx": 0.001,
    "miss_drift_day": 0.15633333333333332,
    "miss_drift_all": 0.07866666666666666,
    "auc_unknown_eval": 0.8095174074074074
  },
  "OracleLabelAdapt": {
    "stable_acc": 0.99875,
    "drift_acc_rx": 0.9266666666666666,
    "drift_acc_day": 0.9906666666666667,
    "drift_acc_all": 0.9586666666666667,
    "FRR_stable": 0.41500000000000004,
    "FAR_unknown_accept": 0.02022222222222222,
    "miss_drift_rx": 0.001,
    "miss_drift_day": 0.08933333333333333,
    "miss_drift_all": 0.04516666666666667,
    "auc_unknown_eval": 0.7838567592592594
  },
  "GatedAdapt": {
    "stable_acc": 0.9991666666666666,
    "drift_acc_rx": 0.568,
    "drift_acc_day": 0.6876666666666666,
    "drift_acc_all": 0.6278333333333334,
    "FRR_stable": 0.2416666666666667,
    "FAR_unknown_accept": 0.05588888888888889,
    "miss_drift_rx": 0.001,
    "miss_drift_day": 0.14266666666666666,
    "miss_drift_all": 0.07183333333333333,
    "auc_unknown_eval": 0.8244746296296297
  },
  "GatedConfAdapt": {
    "stable_acc": 0.9991666666666666,
    "drift_acc_rx": 0.568,
    "drift_acc_day": 0.688,
    "drift_acc_all": 0.628,
    "FRR_stable": 0.24208333333333332,
    "FAR_unknown_accept": 0.05588888888888889,
    "miss_drift_rx": 0.001,
    "miss_drift_day": 0.14266666666666666,
    "miss_drift_all": 0.07183333333333333,
    "auc_unknown_eval": 0.8233122222222222
  }
}