{
  "split": 1,
  "fold": 1,
  "false_drift_target": 0.05,
  "tau_id": -1.583982229232788,
  "tau_dom": 2834.036376953125,
  "tau_conf": 0.9998704195022583,
  "pseudo_acc_rx": 0.57025,
  "pseudo_acc_day": 0.66875,
  "pseudo_acc_all": 0.594875,
  "gate_precision": 0.25812712275594374,
  "gate_recall": 0.133,
  "gate_keep_ratio": 0.2061,
  "conf_precision": 0.2753623188405797,
  "conf_recall": 0.133,
  "conf_keep_ratio": 0.1932,
  "conf_keep_given_gate": 0.9374090247452693,
  "adapt_stream_size": 10000,
  "gate_size": 2061,
  "conf_size": 1932,
  "oracle_size": 4000,
  "NoAdapt": {
    "stable_acc": 0.9995833333333334,
    "drift_acc_rx": 0.564,
    "drift_acc_day": 0.685,
    "drift_acc_all": 0.6245,
    "FRR_stable": 0.09624999999999995,
    "FAR_unknown_accept": 0.4401111111111111,
    "miss_drift_rx": 0.081,
    "miss_drift_day": 0.347,
    "miss_drift_all": 0.214,
    "auc_unknown_eval": 0.8251238425925926
  },
  "UngatedAdapt": {
    "stable_acc": 0.9995833333333334,
    "drift_acc_rx": 0.5576666666666666,
    "drift_acc_day": 0.6773333333333333,
    "drift_acc_all": 0.6175,
    "FRR_stable": 0.11083333333333334,
    "FAR_unknown_accept": 0.3264444444444444,
    "miss_drift_rx": 0.07966666666666666,
    "miss_drift_day": 0.3373333333333333,
    "miss_drift_all": 0.2085,
    "auc_unknown_eval": 0.8724958796296296
  },
  "OracleGatePseudoAdapt": {
    "stable_acc": 0.9995833333333334,
    "drift_acc_rx": 0.5633333333333334,
    "drift_acc_day": 0.686,
    "drift_acc_all": 0.6246666666666667,
    "FRR_stable": 0.11583333333333334,
    "FAR_unknown_accept": 0.3204444444444444,
    "miss_drift_rx": 0.08033333333333334,
    "miss_drift_day": 0.3546666666666667,
    "miss_drift_all": 0.2175,
    "auc_unknown_eval": 0.8095174074074074
  },
  "OracleLabelAdapt": {
    "stable_acc": 0.99875,
    "drift_acc_rx": 0.9266666666666666,
    "drift_acc_day": 0.9906666666666667,
    "drift_acc_all": 0.9586666666666667,
    "FRR_stable": 0.3141666666666667,
    "FAR_unknown_accept": 0.14455555555555555,
    "miss_drift_rx": 0.04466666666666667,
    "miss_drift_day": 0.19733333333333333,
    "miss_drift_all": 0.121,
    "auc_unknown_eval": 0.7838567592592594
  },
  "GatedAdapt": {
    "stable_acc": 0.99875,
    "drift_acc_rx": 0.5666666666666667,
    "drift_acc_day": 0.6873333333333334,
    "drift_acc_all": 0.627,
    "FRR_stable": 0.09583333333333333,
    "FAR_unknown_accept": 0.4628888888888889,
    "miss_drift_rx": 0.081,
    "miss_drift_day": 0.3496666666666667,
    "miss_drift_all": 0.21533333333333332,
    "auc_unknown_eval": 0.8215688888888888
  },
  "GatedConfAdapt": {
    "stable_acc": 0.99875,
    "drift_acc_rx": 0.567,
    "drift_acc_day": 0.688,
    "drift_acc_all": 0.6275,
    "FRR_stable": 0.09624999999999995,
    "FAR_unknown_accept": 0.47444444444444445,
    "miss_drift_rx": 0.08066666666666666,
    "miss_drift_day": 0.34933333333333333,
    "miss_drift_all": 0.215,
    "auc_unknown_eval": 0.8187097685185185
  }
}