{
  "split": 1,
  "fold": 1,
  "false_drift_target": 0.01,
  "tau_id": -1.583982229232788,
  "tau_dom": 5406.720703125,
  "tau_conf": 0.9998704195022583,
  "pseudo_acc_rx": 0.57025,
  "pseudo_acc_day": 0.66875,
  "pseudo_acc_all": 0.594875,
  "gate_precision": 0.24634146341463414,
  "gate_recall": 0.0505,
  "gate_keep_ratio": 0.082,
  "conf_precision": 0.25997425997426,
  "conf_recall": 0.0505,
  "conf_keep_ratio": 0.0777,
  "conf_keep_given_gate": 0.947560975609756,
  "adapt_stream_size": 10000,
  "gate_size": 820,
  "conf_size": 777,
  "oracle_size": 4000,
  "NoAdapt": {
    "stable_acc": 0.9995833333333334,
    "drift_acc_rx": 0.564,
    "drift_acc_day": 0.685,
    "drift_acc_all": 0.6245,
    "FRR_stable": 0.05958333333333332,
    "FAR_unknown_accept": 0.5924444444444444,
    "miss_drift_rx": 0.15,
    "miss_drift_day": 0.44266666666666665,
    "miss_drift_all": 0.29633333333333334,
    "auc_unknown_eval": 0.8251238425925926
  },
  "UngatedAdapt": {
    "stable_acc": 0.9995833333333334,
    "drift_acc_rx": 0.5576666666666666,
    "drift_acc_day": 0.6773333333333333,
    "drift_acc_all": 0.6175,
    "FRR_stable": 0.07499999999999996,
    "FAR_unknown_accept": 0.41733333333333333,
    "miss_drift_rx": 0.14766666666666667,
    "miss_drift_day": 0.43233333333333335,
    "miss_drift_all": 0.29,
    "auc_unknown_eval": 0.8724958796296296
  },
  "OracleGatePseudoAdapt": {
    "stable_acc": 0.9995833333333334,
    "drift_acc_rx": 0.5633333333333334,
    "drift_acc_day": 0.686,
    "drift_acc_all": 0.6246666666666667,
    "FRR_stable": 0.07999999999999996,
    "FAR_unknown_accept": 0.4341111111111111,
    "miss_drift_rx": 0.15033333333333335,
    "miss_drift_day": 0.449,
    "miss_drift_all": 0.2996666666666667,
    "auc_unknown_eval": 0.8095174074074074
  },
  "OracleLabelAdapt": {
    "stable_acc": 0.99875,
    "drift_acc_rx": 0.9266666666666666,
    "drift_acc_day": 0.9906666666666667,
    "drift_acc_all": 0.9586666666666667,
    "FRR_stable": 0.28374999999999995,
    "FAR_unknown_accept": 0.18166666666666667,
    "miss_drift_rx": 0.06766666666666667,
    "miss_drift_day": 0.2806666666666667,
    "miss_drift_all": 0.17416666666666666,
    "auc_unknown_eval": 0.7838567592592594
  },
  "GatedAdapt": {
    "stable_acc": 0.99875,
    "drift_acc_rx": 0.5663333333333334,
    "drift_acc_day": 0.6873333333333334,
    "drift_acc_all": 0.6268333333333334,
    "FRR_stable": 0.05874999999999997,
    "FAR_unknown_accept": 0.587,
    "miss_drift_rx": 0.14933333333333335,
    "miss_drift_day": 0.44433333333333336,
    "miss_drift_all": 0.29683333333333334,
    "auc_unknown_eval": 0.8300093981481482
  },
  "GatedConfAdapt": {
    "stable_acc": 0.99875,
    "drift_acc_rx": 0.5663333333333334,
    "drift_acc_day": 0.6873333333333334,
    "drift_acc_all": 0.6268333333333334,
    "FRR_stable": 0.05874999999999997,
    "FAR_unknown_accept": 0.6117777777777778,
    "miss_drift_rx": 0.14933333333333335,
    "miss_drift_day": 0.44733333333333336,
    "miss_drift_all": 0.29833333333333334,
    "auc_unknown_eval": 0.8251748148148148
  }
}