{
  "split": 1,
  "fold": 1,
  "false_drift_target": 0.1,
  "tau_id": -1.583982229232788,
  "tau_dom": 1941.224609375,
  "tau_conf": 0.9998704195022583,
  "pseudo_acc_rx": 0.57025,
  "pseudo_acc_day": 0.66875,
  "pseudo_acc_all": 0.594875,
  "gate_precision": 0.23816612086930633,
  "gate_recall": 0.2,
  "gate_keep_ratio": 0.3359,
  "conf_precision": 0.2513352183474709,
  "conf_recall": 0.2,
  "conf_keep_ratio": 0.3183,
  "conf_keep_given_gate": 0.9476034534087526,
  "adapt_stream_size": 10000,
  "gate_size": 3359,
  "conf_size": 3183,
  "oracle_size": 4000,
  "NoAdapt": {
    "stable_acc": 0.9995833333333334,
    "drift_acc_rx": 0.564,
    "drift_acc_day": 0.685,
    "drift_acc_all": 0.6245,
    "FRR_stable": 0.14500000000000002,
    "FAR_unknown_accept": 0.2683333333333333,
    "miss_drift_rx": 0.030333333333333334,
    "miss_drift_day": 0.2796666666666667,
    "miss_drift_all": 0.155,
    "auc_unknown_eval": 0.8251238425925926
  },
  "UngatedAdapt": {
    "stable_acc": 0.9995833333333334,
    "drift_acc_rx": 0.5576666666666666,
    "drift_acc_day": 0.6773333333333333,
    "drift_acc_all": 0.6175,
    "FRR_stable": 0.15916666666666668,
    "FAR_unknown_accept": 0.1978888888888889,
    "miss_drift_rx": 0.03,
    "miss_drift_day": 0.26866666666666666,
    "miss_drift_all": 0.14933333333333335,
    "auc_unknown_eval": 0.8724958796296296
  },
  "OracleGatePseudoAdapt": {
    "stable_acc": 0.9995833333333334,
    "drift_acc_rx": 0.5633333333333334,
    "drift_acc_day": 0.686,
    "drift_acc_all": 0.6246666666666667,
    "FRR_stable": 0.16333333333333333,
    "FAR_unknown_accept": 0.1952222222222222,
    "miss_drift_rx": 0.030666666666666665,
    "miss_drift_day": 0.29233333333333333,
    "miss_drift_all": 0.1615,
    "auc_unknown_eval": 0.8095174074074074
  },
  "OracleLabelAdapt": {
    "stable_acc": 0.99875,
    "drift_acc_rx": 0.9266666666666666,
    "drift_acc_day": 0.9906666666666667,
    "drift_acc_all": 0.9586666666666667,
    "FRR_stable": 0.34791666666666665,
    "FAR_unknown_accept": 0.08077777777777778,
    "miss_drift_rx": 0.024333333333333332,
    "miss_drift_day": 0.15533333333333332,
    "miss_drift_all": 0.08983333333333333,
    "auc_unknown_eval": 0.7838567592592594
  },
  "GatedAdapt": {
    "stable_acc": 0.9991666666666666,
    "drift_acc_rx": 0.5683333333333334,
    "drift_acc_day": 0.6886666666666666,
    "drift_acc_all": 0.6285,
    "FRR_stable": 0.14458333333333329,
    "FAR_unknown_accept": 0.2832222222222222,
    "miss_drift_rx": 0.03,
    "miss_drift_day": 0.2816666666666667,
    "miss_drift_all": 0.15583333333333332,
    "auc_unknown_eval": 0.8236713888888889
  },
  "GatedConfAdapt": {
    "stable_acc": 0.9991666666666666,
    "drift_acc_rx": 0.568,
    "drift_acc_day": 0.6883333333333334,
    "drift_acc_all": 0.6281666666666667,
    "FRR_stable": 0.14375000000000004,
    "FAR_unknown_accept": 0.27544444444444444,
    "miss_drift_rx": 0.030333333333333334,
    "miss_drift_day": 0.2823333333333333,
    "miss_drift_all": 0.15633333333333332,
    "auc_unknown_eval": 0.825849537037037
  }
}