{
  "split": 5,
  "fold": 1,
  "tau_id": -1.5111982345581054,
  "tau_dom": 2586.5956542968747,
  "thr_precision": 0.13400369382310692,
  "thr_recall": 0.16325,
  "thr_keep_ratio": 0.4873,
  "topq_precision": 0.18661588683351468,
  "topq_recall": 0.08575,
  "topq_keep_ratio": 0.1838,
  "adapt_stream_size": 10000,
  "thr_size": 4873,
  "topq_size": 1838,
  "oracle_size": 4000,
  "NoAdapt": {
    "stable_acc": 0.9979166666666667,
    "drift_acc_rx": 0.5423333333333333,
    "drift_acc_day": 0.7403333333333333,
    "drift_acc_all": 0.6413333333333333,
    "FRR_stable": 0.09333333333333338,
    "FAR_unknown_accept": 0.07988888888888888,
    "miss_drift_rx": 0.057666666666666665,
    "miss_drift_day": 0.33866666666666667,
    "miss_drift_all": 0.19816666666666666,
    "auc_unknown_eval": 0.5369451157407408
  },
  "UngatedAdapt": {
    "stable_acc": 0.9983333333333333,
    "drift_acc_rx": 0.5406666666666666,
    "drift_acc_day": 0.7463333333333333,
    "drift_acc_all": 0.6435,
    "FRR_stable": 0.08750000000000002,
    "FAR_unknown_accept": 0.07988888888888888,
    "miss_drift_rx": 0.058333333333333334,
    "miss_drift_day": 0.35633333333333334,
    "miss_drift_all": 0.20733333333333334,
    "auc_unknown_eval": 0.5547039814814815
  },
  "GatedAdapt": {
    "stable_acc": 0.9983333333333333,
    "drift_acc_rx": 0.5453333333333333,
    "drift_acc_day": 0.7406666666666667,
    "drift_acc_all": 0.643,
    "FRR_stable": 0.09125000000000005,
    "FAR_unknown_accept": 0.07988888888888888,
    "miss_drift_rx": 0.058,
    "miss_drift_day": 0.3426666666666667,
    "miss_drift_all": 0.20033333333333334,
    "auc_unknown_eval": 0.5443162037037037
  },
  "GatedTopQAdapt": {
    "stable_acc": 0.9983333333333333,
    "drift_acc_rx": 0.5456666666666666,
    "drift_acc_day": 0.7416666666666667,
    "drift_acc_all": 0.6436666666666667,
    "FRR_stable": 0.0920833333333333,
    "FAR_unknown_accept": 0.07988888888888888,
    "miss_drift_rx": 0.058333333333333334,
    "miss_drift_day": 0.3423333333333333,
    "miss_drift_all": 0.20033333333333334,
    "auc_unknown_eval": 0.5537887962962963
  },
  "OracleGateAdapt": {
    "stable_acc": 0.9983333333333333,
    "drift_acc_rx": 0.538,
    "drift_acc_day": 0.737,
    "drift_acc_all": 0.6375,
    "FRR_stable": 0.10083333333333333,
    "FAR_unknown_accept": 0.07955555555555556,
    "miss_drift_rx": 0.058333333333333334,
    "miss_drift_day": 0.334,
    "miss_drift_all": 0.19616666666666666,
    "auc_unknown_eval": 0.7555135879629631
  }
}