{
  "train_loss": [
    0.5391191053169745,
    0.15955405119392607,
    0.05740836124729227,
    0.0383128945922686,
    0.027171717663468035,
    0.021333357360627917,
    0.01951857426341761,
    0.01567545202388256,
    0.013668004419930555,
    0.012505053276954978,
    0.011968075188256249,
    0.010658414880055244,
    0.01015625576363635,
    0.009233319158320902,
    0.007114521402399987,
    0.006205539609719482,
    0.009904957722648289,
    0.007594062617755737,
    0.008111160539556295,
    0.004266455096485852,
    0.007500705586453141,
    0.0037404442100389,
    0.004571717311585046,
    0.0068793998625888315,
    0.005508950908444132,
    0.005775187985704246,
    0.002692451256249721,
    0.0017928696708555368,
    0.004186412294748826
  ],
  "train_acc": [
    0.7482638888888888,
    0.9371527777777777,
    0.982175925925926,
    0.9883101851851852,
    0.9922453703703704,
    0.9930555555555556,
    0.9930555555555556,
    0.9938657407407407,
    0.9953703703703703,
    0.9952546296296296,
    0.9951388888888889,
    0.996875,
    0.996875,
    0.9969907407407408,
    0.9975694444444444,
    0.997337962962963,
    0.9967592592592592,
    0.9972222222222222,
    0.996875,
    0.9984953703703704,
    0.9979166666666667,
    0.9990740740740741,
    0.9986111111111111,
    0.9976851851851852,
    0.9980324074074074,
    0.9979166666666667,
    0.9990740740740741,
    0.999537037037037,
    0.9984953703703704
  ],
  "val_loss": [
    1.4764548460642497,
    0.7353266596794128,
    0.4447779277960459,
    0.18003191153208414,
    0.13253976504007975,
    0.0948046455780665,
    0.11081943114598593,
    0.04780304146309693,
    0.06784791549046834,
    0.050460887451966606,
    0.04720379157612721,
    0.03462491190681855,
    0.035852475309123596,
    0.03348593972623348,
    0.04074030217404167,
    0.053767725080251697,
    0.048343543459971744,
    0.04150968734951069,
    0.03165707373991609,
    0.05743255664904912,
    0.039697700523538514,
    0.05194667329390844,
    0.046336789553364115,
    0.04237209119843707,
    0.056683880447720485,
    0.04504219635079305,
    0.037720974752058586,
    0.058884759852662685,
    0.027922646570853735
  ],
  "val_acc": [
    0.6,
    0.7677083333333333,
    0.8302083333333333,
    0.9354166666666667,
    0.9510416666666667,
    0.9625,
    0.9604166666666667,
    0.9875,
    0.96875,
    0.9864583333333333,
    0.9895833333333334,
    0.990625,
    0.9916666666666667,
    0.990625,
    0.9916666666666667,
    0.9885416666666667,
    0.9895833333333334,
    0.9927083333333333,
    0.9927083333333333,
    0.9833333333333333,
    0.99375,
    0.9885416666666667,
    0.9875,
    0.990625,
    0.99375,
    0.990625,
    0.9916666666666667,
    0.990625,
    0.99375
  ]
}