{
  "split": 15,
  "fold": 2,
  "acc": 0.9979166666666667,
  "auc_unknown": 0.9832509027777777,
  "auc_drift_rx": 0.9385906539351853,
  "auc_drift_day": 0.8455237847222223,
  "tau_id": -1.4240318536758423,
  "tau_dom": 2295.197509765625,
  "FRR_stable": 0.09375,
  "false_drift_stable": 0.04375,
  "FAR_unknown_accept": 0.04153333333333333,
  "miss_drift": 0.26975,
  "confusion_matrix": [
    [
      2175,
      105,
      120
    ],
    [
      12948,
      6850,
      28202
    ],
    [
      1246,
      1898,
      26856
    ]
  ]
}