{
  "tau_id": -1.4240318536758423,
  "tau_dom": 2295.197509765625
}