{
  "split": 9,
  "fold": 1,
  "acc": 0.9945833333333334,
  "auc_drift_rx": 0.930321232638889,
  "auc_drift_day": 0.8388800868055555,
  "tau_dom": 1783.6872680664048,
  "sid_results": {
    "EmbMaha": {
      "tau_id": -1182.6675598144532,
      "auc_unknown": 0.9863148611111111,
      "FRR_stable": 0.09333333333333338,
      "false_drift_stable": 0.043333333333333335,
      "FAR_unknown_accept": 0.017933333333333332,
      "miss_drift": 0.2856875,
      "confusion_matrix": [
        [
          2176,
          104,
          120
        ],
        [
          13713,
          9674,
          24613
        ],
        [
          538,
          3669,
          25793
        ]
      ]
    },
    "Energy": {
      "tau_id": 5.144821619987487,
      "auc_unknown": 0.6133586805555555,
      "FRR_stable": 0.09791666666666665,
      "false_drift_stable": 0.04791666666666667,
      "FAR_unknown_accept": 0.06783333333333333,
      "miss_drift": 0.3055,
      "confusion_matrix": [
        [
          2165,
          115,
          120
        ],
        [
          14664,
          19686,
          13650
        ],
        [
          2035,
          20911,
          7054
        ]
      ]
    },
    "Fusion_lam0.25": {
      "tau_id": -1.2797992050647735,
      "auc_unknown": 0.9874652777777777,
      "FRR_stable": 0.09375,
      "false_drift_stable": 0.04375,
      "FAR_unknown_accept": 0.012466666666666666,
      "miss_drift": 0.2823541666666667,
      "confusion_matrix": [
        [
          2175,
          105,
          120
        ],
        [
          13553,
          10129,
          24318
        ],
        [
          374,
          3719,
          25907
        ]
      ]
    },
    "Fusion_lam0.5": {
      "tau_id": -1.3486992120742798,
      "auc_unknown": 0.9878602777777777,
      "FRR_stable": 0.09333333333333338,
      "false_drift_stable": 0.043333333333333335,
      "FAR_unknown_accept": 0.008566666666666667,
      "miss_drift": 0.27291666666666664,
      "confusion_matrix": [
        [
          2176,
          104,
          120
        ],
        [
          13100,
          10286,
          24614
        ],
        [
          257,
          3669,
          26074
        ]
      ]
    },
    "Fusion_lam1.0": {
      "tau_id": -1.8900933146476746,
      "auc_unknown": 0.9860509722222222,
      "FRR_stable": 0.09333333333333338,
      "false_drift_stable": 0.043333333333333335,
      "FAR_unknown_accept": 0.010866666666666667,
      "miss_drift": 0.2699166666666667,
      "confusion_matrix": [
        [
          2176,
          104,
          120
        ],
        [
          12956,
          11100,
          23944
        ],
        [
          326,
          4156,
          25518
        ]
      ]
    },
    "Fusion_lam1.5": {
      "tau_id": -2.505290913581848,
      "auc_unknown": 0.9803727777777778,
      "FRR_stable": 0.09375,
      "false_drift_stable": 0.04375,
      "FAR_unknown_accept": 0.018833333333333334,
      "miss_drift": 0.2695416666666667,
      "confusion_matrix": [
        [
          2175,
          105,
          120
        ],
        [
          12938,
          11660,
          23402
        ],
        [
          565,
          4955,
          24480
        ]
      ]
    },
    "Fusion_lam2.0": {
      "tau_id": -3.1903865456581117,
      "auc_unknown": 0.9719581597222222,
      "FRR_stable": 0.09416666666666662,
      "false_drift_stable": 0.04416666666666667,
      "FAR_unknown_accept": 0.028533333333333334,
      "miss_drift": 0.2765,
      "confusion_matrix": [
        [
          2174,
          106,
          120
        ],
        [
          13272,
          12289,
          22439
        ],
        [
          856,
          5892,
          23252
        ]
      ]
    }
  },
  "best_sid": "Fusion_lam0.5"
}