{
  "train_loss": [
    0.630216090325956,
    0.17983400523662568,
    0.08232764488569012,
    0.05464022500371492,
    0.03735434986581957,
    0.034167362935841085,
    0.021925084599880157,
    0.022369118448760775,
    0.020230480523228095,
    0.015060166112595686,
    0.012366717662317334,
    0.01458157295430148,
    0.009582587238401174,
    0.009214581296503268,
    0.007542820818101367,
    0.00878064476246773,
    0.008795960879608712,
    0.0055726548941392035,
    0.006343830910649289,
    0.007225917061980538,
    0.006199757463979983,
    0.004214310668909025,
    0.004479663014946574,
    0.0026291823133188126,
    0.0033487478254957954,
    0.0034419311942420557,
    0.0025831583406586475,
    0.004346210122781081,
    0.002051128571447744,
    0.00320527578652319,
    0.003065646481829592,
    0.007110211216516931,
    0.002751676851659323,
    0.0018685135742459722
  ],
  "train_acc": [
    0.7202546296296296,
    0.9292824074074074,
    0.9739583333333334,
    0.9825231481481481,
    0.9884259259259259,
    0.9895833333333334,
    0.9930555555555556,
    0.99375,
    0.9931712962962963,
    0.9952546296296296,
    0.9957175925925926,
    0.9944444444444445,
    0.9971064814814815,
    0.9974537037037037,
    0.9981481481481481,
    0.996875,
    0.9969907407407408,
    0.9989583333333333,
    0.9976851851851852,
    0.997800925925926,
    0.9980324074074074,
    0.9993055555555556,
    0.9987268518518518,
    0.9994212962962963,
    0.9989583333333333,
    0.9989583333333333,
    0.9990740740740741,
    0.9986111111111111,
    0.999537037037037,
    0.9988425925925926,
    0.9990740740740741,
    0.9982638888888888,
    0.9993055555555556,
    0.9991898148148148
  ],
  "val_loss": [
    1.76884921391805,
    0.3171718994776408,
    0.26571240623792014,
    0.1651958386103312,
    0.08237001001834869,
    0.05669596940279007,
    0.051930809020996095,
    0.047753153120477995,
    0.022671330673620104,
    0.037713574866453804,
    0.026197068641583124,
    0.01889348540765544,
    0.010155499082369108,
    0.013148186235533406,
    0.022230169953157505,
    0.010990890999770879,
    0.03022421619389206,
    0.01656469380056175,
    0.019889531284570695,
    0.01482025566122805,
    0.011871439030316348,
    0.016864660925542316,
    0.012649662949843331,
    0.015706446941476316,
    0.015195702306421784,
    0.010514000599020317,
    0.013596600581513485,
    0.011236754824252179,
    0.011253240855876357,
    0.013288962167765324,
    0.011645630424754926,
    0.0228222992659236,
    0.010967400235434374,
    0.012763692644997111
  ],
  "val_acc": [
    0.5625,
    0.8739583333333333,
    0.9052083333333333,
    0.9427083333333334,
    0.971875,
    0.9895833333333334,
    0.9875,
    0.9854166666666667,
    0.9927083333333333,
    0.9854166666666667,
    0.990625,
    0.9927083333333333,
    0.9958333333333333,
    0.9958333333333333,
    0.990625,
    0.9958333333333333,
    0.990625,
    0.9947916666666666,
    0.9927083333333333,
    0.9947916666666666,
    0.996875,
    0.99375,
    0.996875,
    0.9979166666666667,
    0.9979166666666667,
    0.9989583333333333,
    0.996875,
    0.996875,
    0.9979166666666667,
    0.9979166666666667,
    0.9979166666666667,
    0.99375,
    0.9979166666666667,
    0.996875
  ]
}