{
  "fold": 2,
  "acc_in_domain": 0.99875,
  "auc_unknown": 0.933159201388889,
  "auc_drift_rx": 0.7804768171296297,
  "auc_drift_day": 0.6198388888888888,
  "tau_id": 0.9713442772626877,
  "tau_dom": 4895.386279296871
}