{
  "train_loss": [
    0.4165045702898944,
    0.05102750591381833,
    0.027954330771333642,
    0.019343493713272944,
    0.01437106527974484,
    0.013814965080193899,
    0.010734994236931757,
    0.011937608861329932,
    0.007920301797006417,
    0.0069778261525142524,
    0.005423731034345649,
    0.005121117277088126,
    0.004198463438337462,
    0.005082647423303031,
    0.005811523933274051,
    0.003529146957185326,
    0.0069114730658906475,
    0.003548974628534375,
    0.0019465289264055038,
    0.0018019602270753778,
    0.005604418631884511,
    0.0032224063112624678,
    0.0018620862109215792
  ],
  "train_acc": [
    0.8322916666666667,
    0.9871527777777778,
    0.9939814814814815,
    0.9954861111111111,
    0.9961805555555555,
    0.9969907407407408,
    0.9971064814814815,
    0.9971064814814815,
    0.9980324074074074,
    0.9980324074074074,
    0.9984953703703704,
    0.9983796296296297,
    0.9989583333333333,
    0.9983796296296297,
    0.9982638888888888,
    0.9989583333333333,
    0.9979166666666667,
    0.9990740740740741,
    0.999537037037037,
    0.9994212962962963,
    0.9987268518518518,
    0.9990740740740741,
    0.9994212962962963
  ],
  "val_loss": [
    1.1757347583770752,
    0.21107698331276575,
    0.0538325364391009,
    0.04210325914124648,
    0.017213540493200223,
    0.01082058628089726,
    0.00885261942166835,
    0.009045437133560577,
    0.007496900546054046,
    0.008507932062396624,
    0.0068084460392128674,
    0.00529746498602132,
    0.009258506031134555,
    0.007895880720267694,
    0.004432550378260203,
    0.003899580967845395,
    0.008248584119913478,
    0.004650814674096182,
    0.0045649822806202184,
    0.00426183963039269,
    0.007118764820431048,
    0.0077833648281133115,
    0.004832003480138762
  ],
  "val_acc": [
    0.6677083333333333,
    0.9177083333333333,
    0.9822916666666667,
    0.9875,
    0.996875,
    0.996875,
    0.9979166666666667,
    0.9958333333333333,
    0.996875,
    0.9979166666666667,
    0.9979166666666667,
    0.996875,
    0.9979166666666667,
    0.9979166666666667,
    0.9989583333333333,
    0.9979166666666667,
    0.9979166666666667,
    0.9979166666666667,
    0.996875,
    0.9989583333333333,
    0.9979166666666667,
    0.9979166666666667,
    0.9979166666666667
  ]
}