{
  "train_loss": [
    0.6032973558814437,
    0.21784349470226852,
    0.08214976982110077,
    0.04527287819871196,
    0.033965229332723,
    0.026135394811906198,
    0.02542901970791044,
    0.015443722137974368,
    0.01770169390882883,
    0.016561820238173285,
    0.01400115810058735,
    0.012339882047295019,
    0.012063775301255561,
    0.012299219815543404,
    0.006485662755935833,
    0.00787324522389099,
    0.005512154978458528,
    0.008792711513686097,
    0.005236642536086341,
    0.004735423776502204,
    0.006430193065682909,
    0.004474104539689573,
    0.004010811328232564
  ],
  "train_acc": [
    0.725462962962963,
    0.9076388888888889,
    0.9733796296296297,
    0.9863425925925926,
    0.9905092592592593,
    0.9908564814814815,
    0.9929398148148149,
    0.9953703703703703,
    0.9946759259259259,
    0.9951388888888889,
    0.9953703703703703,
    0.9964120370370371,
    0.9962962962962963,
    0.9960648148148148,
    0.9982638888888888,
    0.9975694444444444,
    0.9979166666666667,
    0.9974537037037037,
    0.997800925925926,
    0.9983796296296297,
    0.9974537037037037,
    0.9986111111111111,
    0.9988425925925926
  ],
  "val_loss": [
    2.0598007996877032,
    0.933856479326884,
    0.3306933561960856,
    0.20522035260995228,
    0.1275839070479075,
    0.1330915056169033,
    0.10674927408496539,
    0.06383248579998811,
    0.03457595892250538,
    0.022984095973273118,
    0.04066705300162236,
    0.028416756602625052,
    0.08026746126512686,
    0.02918805613492926,
    0.013201007945463061,
    0.024605603236705065,
    0.02471771727432497,
    0.012872583997280647,
    0.027340688478822508,
    0.024192986295868954,
    0.019823119634141524,
    0.02226748990942724,
    0.02574900835752487
  ],
  "val_acc": [
    0.5520833333333334,
    0.7177083333333333,
    0.8666666666666667,
    0.9239583333333333,
    0.9625,
    0.9697916666666667,
    0.971875,
    0.984375,
    0.9895833333333334,
    0.990625,
    0.9885416666666667,
    0.9885416666666667,
    0.9833333333333333,
    0.9895833333333334,
    0.9947916666666666,
    0.9927083333333333,
    0.9895833333333334,
    0.99375,
    0.9895833333333334,
    0.9895833333333334,
    0.99375,
    0.99375,
    0.9885416666666667
  ]
}