{
  "fold": 5,
  "acc": 0.9941666666666666,
  "AUC_u": 0.9563053819444445,
  "AUC_drRX": 0.684708275462963,
  "AUC_drDAY": 0.5828788194444445
}