{
  "split": 3,
  "fold": 1,
  "acc": 0.9975,
  "auc_drift_rx": 0.9317567650462963,
  "auc_drift_day": 0.8175855034722223,
  "tau_dom": 1934.4019348144525,
  "sid_results": {
    "EmbMaha": {
      "tau_id": -1192.583447265625,
      "auc_unknown": 0.9854097222222221,
      "FRR_stable": 0.09166666666666667,
      "false_drift_stable": 0.041666666666666664,
      "FAR_unknown_accept": 0.05216666666666667,
      "miss_drift": 0.31085416666666665,
      "confusion_matrix": [
        [
          2180,
          100,
          120
        ],
        [
          14921,
          8576,
          24503
        ],
        [
          1565,
          3739,
          24696
        ]
      ]
    },
    "Energy": {
      "tau_id": 6.695029020309448,
      "auc_unknown": 0.9119590972222222,
      "FRR_stable": 0.09291666666666665,
      "false_drift_stable": 0.042916666666666665,
      "FAR_unknown_accept": 0.05073333333333333,
      "miss_drift": 0.299875,
      "confusion_matrix": [
        [
          2177,
          103,
          120
        ],
        [
          14394,
          10881,
          22725
        ],
        [
          1522,
          9148,
          19330
        ]
      ]
    },
    "Fusion_lam0.25": {
      "tau_id": -1.1355770885944367,
      "auc_unknown": 0.9848145833333334,
      "FRR_stable": 0.0920833333333333,
      "false_drift_stable": 0.042083333333333334,
      "FAR_unknown_accept": 0.0444,
      "miss_drift": 0.30085416666666664,
      "confusion_matrix": [
        [
          2179,
          101,
          120
        ],
        [
          14441,
          8290,
          25269
        ],
        [
          1332,
          3395,
          25273
        ]
      ]
    },
    "Fusion_lam0.5": {
      "tau_id": -1.5137547850608826,
      "auc_unknown": 0.9819500694444444,
      "FRR_stable": 0.0920833333333333,
      "false_drift_stable": 0.042083333333333334,
      "FAR_unknown_accept": 0.0446,
      "miss_drift": 0.3011875,
      "confusion_matrix": [
        [
          2179,
          101,
          120
        ],
        [
          14457,
          8632,
          24911
        ],
        [
          1338,
          3414,
          25248
        ]
      ]
    },
    "Fusion_lam1.0": {
      "tau_id": -2.2308110117912294,
      "auc_unknown": 0.9736170833333333,
      "FRR_stable": 0.09291666666666665,
      "false_drift_stable": 0.042916666666666665,
      "FAR_unknown_accept": 0.04373333333333333,
      "miss_drift": 0.297375,
      "confusion_matrix": [
        [
          2177,
          103,
          120
        ],
        [
          14274,
          8947,
          24779
        ],
        [
          1312,
          3492,
          25196
        ]
      ]
    },
    "Fusion_lam1.5": {
      "tau_id": -3.0463457703590393,
      "auc_unknown": 0.9660418055555555,
      "FRR_stable": 0.09333333333333338,
      "false_drift_stable": 0.043333333333333335,
      "FAR_unknown_accept": 0.045066666666666665,
      "miss_drift": 0.29660416666666667,
      "confusion_matrix": [
        [
          2176,
          104,
          120
        ],
        [
          14237,
          9221,
          24542
        ],
        [
          1352,
          3738,
          24910
        ]
      ]
    },
    "Fusion_lam2.0": {
      "tau_id": -3.844150733947754,
      "auc_unknown": 0.9601436805555555,
      "FRR_stable": 0.09333333333333338,
      "false_drift_stable": 0.043333333333333335,
      "FAR_unknown_accept": 0.04516666666666667,
      "miss_drift": 0.2957916666666667,
      "confusion_matrix": [
        [
          2176,
          104,
          120
        ],
        [
          14198,
          9431,
          24371
        ],
        [
          1355,
          3944,
          24701
        ]
      ]
    }
  },
  "best_sid": "EmbMaha"
}