{
  "split": 2,
  "fold": 4,
  "acc": 0.9995833333333334,
  "auc_drift_rx": 0.924387673611111,
  "auc_drift_day": 0.8182796006944444,
  "tau_dom": 2036.0365661621051,
  "sid_results": {
    "EmbMaha": {
      "tau_id": -852.8166625976562,
      "auc_unknown": 0.9975311805555556,
      "FRR_stable": 0.09458333333333335,
      "false_drift_stable": 0.044583333333333336,
      "FAR_unknown_accept": 0.0,
      "miss_drift": 0.20195833333333332,
      "confusion_matrix": [
        [
          2173,
          107,
          120
        ],
        [
          9694,
          6096,
          32210
        ],
        [
          0,
          93,
          29907
        ]
      ]
    },
    "Energy": {
      "tau_id": 6.711108708381653,
      "auc_unknown": 0.755453125,
      "FRR_stable": 0.09958333333333336,
      "false_drift_stable": 0.04958333333333333,
      "FAR_unknown_accept": 0.013166666666666667,
      "miss_drift": 0.231875,
      "confusion_matrix": [
        [
          2161,
          119,
          120
        ],
        [
          11130,
          12099,
          24771
        ],
        [
          395,
          16699,
          12906
        ]
      ]
    },
    "Fusion_lam0.25": {
      "tau_id": -1.0672925591468811,
      "auc_unknown": 0.9967613888888888,
      "FRR_stable": 0.09583333333333333,
      "false_drift_stable": 0.04583333333333333,
      "FAR_unknown_accept": 0.0,
      "miss_drift": 0.20175,
      "confusion_matrix": [
        [
          2170,
          110,
          120
        ],
        [
          9684,
          6773,
          31543
        ],
        [
          0,
          163,
          29837
        ]
      ]
    },
    "Fusion_lam0.5": {
      "tau_id": -1.3829083621501923,
      "auc_unknown": 0.9954117361111111,
      "FRR_stable": 0.09624999999999995,
      "false_drift_stable": 0.04625,
      "FAR_unknown_accept": 0.0,
      "miss_drift": 0.2011875,
      "confusion_matrix": [
        [
          2169,
          111,
          120
        ],
        [
          9657,
          7261,
          31082
        ],
        [
          0,
          269,
          29731
        ]
      ]
    },
    "Fusion_lam1.0": {
      "tau_id": -2.0879830837249758,
      "auc_unknown": 0.9918594444444444,
      "FRR_stable": 0.09750000000000003,
      "false_drift_stable": 0.0475,
      "FAR_unknown_accept": 0.0,
      "miss_drift": 0.20160416666666667,
      "confusion_matrix": [
        [
          2166,
          114,
          120
        ],
        [
          9677,
          7936,
          30387
        ],
        [
          0,
          537,
          29463
        ]
      ]
    },
    "Fusion_lam1.5": {
      "tau_id": -2.8188522696495055,
      "auc_unknown": 0.9870630555555555,
      "FRR_stable": 0.09916666666666663,
      "false_drift_stable": 0.049166666666666664,
      "FAR_unknown_accept": 0.0,
      "miss_drift": 0.20302083333333334,
      "confusion_matrix": [
        [
          2162,
          118,
          120
        ],
        [
          9745,
          8374,
          29881
        ],
        [
          0,
          847,
          29153
        ]
      ]
    },
    "Fusion_lam2.0": {
      "tau_id": -3.637616753578186,
      "auc_unknown": 0.9817543055555555,
      "FRR_stable": 0.09916666666666663,
      "false_drift_stable": 0.049166666666666664,
      "FAR_unknown_accept": 6.666666666666667e-05,
      "miss_drift": 0.2065,
      "confusion_matrix": [
        [
          2162,
          118,
          120
        ],
        [
          9912,
          8707,
          29381
        ],
        [
          2,
          1184,
          28814
        ]
      ]
    }
  },
  "best_sid": "EmbMaha"
}