{
  "split": 3,
  "fold": 3,
  "tau_id": -1.4049511790275573,
  "tau_dom": 1849.9329772949218,
  "gate_precision": 0.555027711797308,
  "gate_recall": 0.17525,
  "gate_keep_ratio": 0.1263,
  "adapt_stream_size": 10000,
  "gated_size": 1263,
  "oracle_size": 4000,
  "NoAdapt": {
    "stable_acc": 0.995,
    "drift_acc_rx": 0.7023333333333334,
    "drift_acc_day": 0.764,
    "drift_acc_all": 0.7331666666666666,
    "FRR_stable": 0.09125000000000005,
    "FAR_unknown_accept": 0.0033333333333333335,
    "miss_drift_rx": 0.25566666666666665,
    "miss_drift_day": 0.4673333333333333,
    "miss_drift_all": 0.3615,
    "auc_unknown_eval": 0.9792555555555555
  },
  "UngatedAdapt": {
    "stable_acc": 0.995,
    "drift_acc_rx": 0.704,
    "drift_acc_day": 0.763,
    "drift_acc_all": 0.7335,
    "FRR_stable": 0.08333333333333337,
    "FAR_unknown_accept": 0.006666666666666667,
    "miss_drift_rx": 0.25933333333333336,
    "miss_drift_day": 0.47333333333333333,
    "miss_drift_all": 0.36633333333333334,
    "auc_unknown_eval": 0.979152037037037
  },
  "GatedAdapt": {
    "stable_acc": 0.9954166666666666,
    "drift_acc_rx": 0.7073333333333334,
    "drift_acc_day": 0.765,
    "drift_acc_all": 0.7361666666666666,
    "FRR_stable": 0.08875,
    "FAR_unknown_accept": 0.004888888888888889,
    "miss_drift_rx": 0.258,
    "miss_drift_day": 0.4693333333333333,
    "miss_drift_all": 0.3636666666666667,
    "auc_unknown_eval": 0.9796057407407407
  },
  "OracleGateAdapt": {
    "stable_acc": 0.995,
    "drift_acc_rx": 0.7043333333333334,
    "drift_acc_day": 0.762,
    "drift_acc_all": 0.7331666666666666,
    "FRR_stable": 0.08708333333333329,
    "FAR_unknown_accept": 0.004555555555555556,
    "miss_drift_rx": 0.25933333333333336,
    "miss_drift_day": 0.4723333333333333,
    "miss_drift_all": 0.36583333333333334,
    "auc_unknown_eval": 0.9795569444444445
  }
}