{
  "train_loss": [
    0.6147469767817745,
    0.17189071382637378,
    0.07256114919566446,
    0.04057826193532458,
    0.02773414693634819,
    0.019526430281500022,
    0.021319752122723946,
    0.01483709985666253,
    0.014926152033041472,
    0.014483970791722338,
    0.012612631768678073,
    0.010810264049925737,
    0.010789117846568977,
    0.007059607115850129,
    0.009968135371821485,
    0.008634008136060503,
    0.006887559952317841,
    0.005757481762621966,
    0.005202513161822464,
    0.006749903163182791,
    0.006466109824315128,
    0.0062017839518375695,
    0.004904539915474339,
    0.004909340210724622,
    0.004587842550352906,
    0.005449614441884612,
    0.0050787728829568045,
    0.004363404076624041,
    0.005721541750244796,
    0.004177144908829144,
    0.0038351610387002844,
    0.004470230878710195,
    0.002267935164423694,
    0.0023260922568927827,
    0.0022390363986940225,
    0.005213468496178932,
    0.0015332208562607844,
    0.004282367275596631,
    0.003214849181111074,
    0.0032008030922885088,
    0.005215946419587083
  ],
  "train_acc": [
    0.7334490740740741,
    0.9322916666666666,
    0.9755787037037037,
    0.9873842592592592,
    0.991550925925926,
    0.9935185185185185,
    0.993287037037037,
    0.9951388888888889,
    0.9956018518518519,
    0.9957175925925926,
    0.9952546296296296,
    0.9967592592592592,
    0.9959490740740741,
    0.9974537037037037,
    0.9972222222222222,
    0.9974537037037037,
    0.9976851851851852,
    0.9981481481481481,
    0.9981481481481481,
    0.9979166666666667,
    0.997800925925926,
    0.997800925925926,
    0.9986111111111111,
    0.9980324074074074,
    0.9990740740740741,
    0.9982638888888888,
    0.9983796296296297,
    0.9990740740740741,
    0.9982638888888888,
    0.9988425925925926,
    0.9991898148148148,
    0.9986111111111111,
    0.9993055555555556,
    0.9994212962962963,
    0.9993055555555556,
    0.9984953703703704,
    0.999537037037037,
    0.9986111111111111,
    0.9990740740740741,
    0.9989583333333333,
    0.9986111111111111
  ],
  "val_loss": [
    0.6844709118207296,
    0.618196056286494,
    0.18069398452838262,
    0.17592922846476236,
    0.13562673355142277,
    0.11031117426852385,
    0.04664496847738822,
    0.0194644888494319,
    0.033507442971070604,
    0.018590912284950415,
    0.020340428260775905,
    0.01051838702793854,
    0.01873616928545137,
    0.025285777077078818,
    0.019629398388012,
    0.014181932729358474,
    0.012827598466537892,
    0.01762846495451716,
    0.015100304072257131,
    0.015541114458756056,
    0.00844938633623921,
    0.010512712561467196,
    0.007835772511316463,
    0.01218230558054832,
    0.013859654761229951,
    0.004142546607423961,
    0.0115492770972196,
    0.010687708662590011,
    0.0055032647121455135,
    0.002534777725910923,
    0.004066674911518931,
    0.0013985426017825374,
    0.0003308249946712749,
    0.00035469227829404795,
    0.00882819113030564,
    0.016520264325663447,
    0.0009124218458358276,
    0.005675972165772691,
    0.002294518048681008,
    0.011714295067940838,
    0.0019291498942038744
  ],
  "val_acc": [
    0.7510416666666667,
    0.7604166666666666,
    0.934375,
    0.9458333333333333,
    0.9541666666666667,
    0.96875,
    0.9864583333333333,
    0.9947916666666666,
    0.9916666666666667,
    0.9947916666666666,
    0.9947916666666666,
    0.9947916666666666,
    0.9958333333333333,
    0.9958333333333333,
    0.99375,
    0.9958333333333333,
    0.9958333333333333,
    0.9947916666666666,
    0.9958333333333333,
    0.9947916666666666,
    0.9979166666666667,
    0.9958333333333333,
    0.996875,
    0.996875,
    0.996875,
    0.9989583333333333,
    0.9958333333333333,
    0.996875,
    0.9979166666666667,
    0.9989583333333333,
    0.9989583333333333,
    0.9989583333333333,
    1.0,
    1.0,
    0.9979166666666667,
    0.9947916666666666,
    1.0,
    0.9989583333333333,
    0.9989583333333333,
    0.996875,
    0.9989583333333333
  ]
}