{
  "split": 10,
  "fold": 5,
  "acc": 0.99875,
  "auc_unknown": 0.9972825694444445,
  "auc_drift_rx": 0.9329106018518518,
  "auc_drift_day": 0.8410659027777778,
  "tau_id": -1.112577199935913,
  "tau_dom": 2403.29931640625,
  "FRR_stable": 0.08791666666666664,
  "false_drift_stable": 0.03791666666666667,
  "FAR_unknown_accept": 6.666666666666667e-05,
  "miss_drift": 0.2710416666666667,
  "confusion_matrix": [
    [
      2189,
      91,
      120
    ],
    [
      13010,
      5675,
      29315
    ],
    [
      2,
      15,
      29983
    ]
  ]
}