{
  "tau_id": -1.112577199935913,
  "tau_dom": 2403.29931640625
}