{
  "train_loss": [
    0.3398742933516149,
    0.033442041995348754,
    0.018374873051005932,
    0.012990477241368757,
    0.009415769386450173,
    0.007268883122338189,
    0.00685298536490235,
    0.004572636841503145,
    0.003630838414257461,
    0.005330711105812548,
    0.003105583455827501,
    0.0031568012392165622,
    0.004367038513602758,
    0.0016018491753601227,
    0.0037698312998852798,
    0.003421197379551207,
    0.0024380162247258272,
    0.002240867729415186,
    0.0014817539521674108,
    0.0017280652898113691,
    0.001535436852201302,
    0.0027620294036481666,
    0.0007970952510799247,
    0.00249889675501941,
    0.0034481167311443844,
    0.0017156382699290084,
    0.002787299214375067,
    0.0023035739728516935,
    0.0019929434351743784,
    0.0028601704520513993,
    0.0036361757167873696,
    0.0005712655741027211,
    0.0016722010684100462,
    0.0015916592852186619,
    0.0008548863007389526,
    0.0002726275349333365
  ],
  "train_acc": [
    0.8736111111111111,
    0.9927083333333333,
    0.9949074074074075,
    0.9959490740740741,
    0.9976851851851852,
    0.997800925925926,
    0.9981481481481481,
    0.9989583333333333,
    0.9989583333333333,
    0.9982638888888888,
    0.9993055555555556,
    0.9991898148148148,
    0.9983796296296297,
    0.9994212962962963,
    0.9984953703703704,
    0.9989583333333333,
    0.9994212962962963,
    0.9993055555555556,
    0.9996527777777777,
    0.9996527777777777,
    0.9996527777777777,
    0.9991898148148148,
    1.0,
    0.9990740740740741,
    0.9991898148148148,
    0.9994212962962963,
    0.9991898148148148,
    0.999537037037037,
    0.9994212962962963,
    0.9994212962962963,
    0.9990740740740741,
    0.9998842592592593,
    0.999537037037037,
    0.999537037037037,
    0.9997685185185186,
    1.0
  ],
  "val_loss": [
    1.1412416458129884,
    0.9747145334879558,
    1.1351087808609008,
    0.4436751405398051,
    0.41374501784642537,
    0.31623628934224446,
    0.42251685857772825,
    0.27763755520184835,
    0.3132443686326345,
    0.1675084153811137,
    0.1503437658150991,
    0.1404701739549637,
    0.11125638584295909,
    0.12494948307673136,
    0.112179496884346,
    0.14818202555179597,
    0.048811320960521695,
    0.0724937915802002,
    0.2256840745608012,
    0.05124235178033511,
    0.0930030291279157,
    0.1828896979490916,
    0.0705496201912562,
    0.01784975261737903,
    0.1813272178173065,
    0.3997931957244873,
    0.023820508892337482,
    0.0005076431921528031,
    0.023062761904050908,
    0.10720297346512477,
    0.005821995281924804,
    0.000635829115829741,
    0.005145708937197924,
    0.004352676123380661,
    0.09496821910142898,
    0.004199502710253
  ],
  "val_acc": [
    0.74375,
    0.7697916666666667,
    0.7604166666666666,
    0.821875,
    0.8135416666666667,
    0.853125,
    0.81875,
    0.8677083333333333,
    0.85625,
    0.9145833333333333,
    0.93125,
    0.9395833333333333,
    0.9458333333333333,
    0.9385416666666667,
    0.9479166666666666,
    0.925,
    0.9822916666666667,
    0.96875,
    0.8854166666666666,
    0.9770833333333333,
    0.953125,
    0.903125,
    0.9677083333333333,
    0.99375,
    0.9197916666666667,
    0.8479166666666667,
    0.9885416666666667,
    1.0,
    0.9927083333333333,
    0.9520833333333333,
    1.0,
    1.0,
    1.0,
    1.0,
    0.9604166666666667,
    1.0
  ]
}