{
  "split": 7,
  "fold": 4,
  "acc": 0.9995833333333334,
  "auc_unknown": 0.9818584722222223,
  "auc_drift_rx": 0.9204010532407406,
  "auc_drift_day": 0.8271148090277778,
  "tau_id": -1.5776355266571045,
  "tau_dom": 2572.686767578125,
  "FRR_stable": 0.08999999999999997,
  "false_drift_stable": 0.04,
  "FAR_unknown_accept": 0.020566666666666667,
  "miss_drift": 0.260125,
  "confusion_matrix": [
    [
      2184,
      96,
      120
    ],
    [
      12486,
      5969,
      29545
    ],
    [
      617,
      3393,
      25990
    ]
  ]
}