{
  "tau_id": -1.5776355266571045,
  "tau_dom": 2572.686767578125
}