{
  "split": 2,
  "fold": 3,
  "tau_id": -1.797410786151886,
  "tau_dom": 2528.7405639648437,
  "thr_precision": 0.8454258675078864,
  "thr_recall": 0.134,
  "thr_keep_ratio": 0.0634,
  "topq_precision": 0.8181818181818182,
  "topq_recall": 0.11025,
  "topq_keep_ratio": 0.0539,
  "adapt_stream_size": 10000,
  "thr_size": 634,
  "topq_size": 539,
  "oracle_size": 4000,
  "NoAdapt": {
    "stable_acc": 0.9954166666666666,
    "drift_acc_rx": 0.6146666666666667,
    "drift_acc_day": 0.6086666666666667,
    "drift_acc_all": 0.6116666666666667,
    "FRR_stable": 0.09291666666666665,
    "FAR_unknown_accept": 0.00011111111111111112,
    "miss_drift_rx": 0.215,
    "miss_drift_day": 0.379,
    "miss_drift_all": 0.297,
    "auc_unknown_eval": 0.9947378703703703
  },
  "UngatedAdapt": {
    "stable_acc": 0.9970833333333333,
    "drift_acc_rx": 0.6123333333333333,
    "drift_acc_day": 0.6056666666666667,
    "drift_acc_all": 0.609,
    "FRR_stable": 0.08791666666666664,
    "FAR_unknown_accept": 0.00011111111111111112,
    "miss_drift_rx": 0.216,
    "miss_drift_day": 0.38266666666666665,
    "miss_drift_all": 0.29933333333333334,
    "auc_unknown_eval": 0.9945349537037038
  },
  "GatedAdapt": {
    "stable_acc": 0.9958333333333333,
    "drift_acc_rx": 0.619,
    "drift_acc_day": 0.617,
    "drift_acc_all": 0.618,
    "FRR_stable": 0.08625000000000005,
    "FAR_unknown_accept": 0.00011111111111111112,
    "miss_drift_rx": 0.21566666666666667,
    "miss_drift_day": 0.38,
    "miss_drift_all": 0.29783333333333334,
    "auc_unknown_eval": 0.9953350462962962
  },
  "GatedTopQAdapt": {
    "stable_acc": 0.9958333333333333,
    "drift_acc_rx": 0.619,
    "drift_acc_day": 0.6176666666666667,
    "drift_acc_all": 0.6183333333333333,
    "FRR_stable": 0.0854166666666667,
    "FAR_unknown_accept": 0.00011111111111111112,
    "miss_drift_rx": 0.217,
    "miss_drift_day": 0.38166666666666665,
    "miss_drift_all": 0.29933333333333334,
    "auc_unknown_eval": 0.9950430092592593
  },
  "OracleGateAdapt": {
    "stable_acc": 0.99625,
    "drift_acc_rx": 0.608,
    "drift_acc_day": 0.604,
    "drift_acc_all": 0.606,
    "FRR_stable": 0.09624999999999995,
    "FAR_unknown_accept": 0.00011111111111111112,
    "miss_drift_rx": 0.21133333333333335,
    "miss_drift_day": 0.383,
    "miss_drift_all": 0.2971666666666667,
    "auc_unknown_eval": 0.9948542129629631
  }
}