{
  "acc": {
    "mean": 0.9966944444444444,
    "std": 0.0029754655201713405
  },
  "auc_unknown": {
    "mean": 0.917437298611111,
    "std": 0.11233776245761745
  },
  "auc_drift_rx": {
    "mean": 0.9313521234567902,
    "std": 0.011886573473282216
  },
  "auc_drift_day": {
    "mean": 0.8328709733796295,
    "std": 0.01574901544115287
  },
  "FRR_stable": {
    "mean": 0.0935277777777778,
    "std": 0.0024001671752475486
  },
  "false_drift_stable": {
    "mean": 0.04352777777777777,
    "std": 0.0024001671752475495
  },
  "FAR_unknown_accept": {
    "mean": 0.1022288888888889,
    "std": 0.13255266954108896
  },
  "miss_drift": {
    "mean": 0.22826805555555557,
    "std": 0.05830992231940514
  },
  "tau_id": {
    "mean": -989.0972208658854,
    "std": 94.58096773587623
  },
  "tau_dom": {
    "mean": 2304.5610188802084,
    "std": 318.29354345128513
  },
  "confusion_matrix_sum": [
    [
      32633,
      1567,
      1800
    ],
    [
      164353,
      96439,
      459208
    ],
    [
      46003,
      49975,
      354022
    ]
  ]
}