{
  "train_loss": [
    0.4816313518418206,
    0.15294090034785093,
    0.048175747085500646,
    0.030569568083242134,
    0.024827290191832517,
    0.01864354984179415,
    0.015068531395108612,
    0.014664543594268185,
    0.012534443938380314,
    0.01075871203146461,
    0.011634273137207385,
    0.011465459566399524,
    0.010364395549900278,
    0.009097372483531083,
    0.008232985434329345,
    0.009278679159211201,
    0.008700590947194508,
    0.007054851228733444,
    0.007183496374421305,
    0.007478722715125143
  ],
  "train_acc": [
    0.7832175925925926,
    0.9383101851851852,
    0.9846064814814814,
    0.9902777777777778,
    0.9913194444444444,
    0.99375,
    0.9947916666666666,
    0.9952546296296296,
    0.9960648148148148,
    0.9964120370370371,
    0.9956018518518519,
    0.9959490740740741,
    0.9965277777777778,
    0.9966435185185185,
    0.997337962962963,
    0.9962962962962963,
    0.996875,
    0.9974537037037037,
    0.997337962962963,
    0.9972222222222222
  ],
  "val_loss": [
    2.017326291402181,
    0.4342941204706828,
    0.23438486059506733,
    0.16130873560905457,
    0.10457077572743098,
    0.052503288413087525,
    0.0579708664988478,
    0.04821831906835238,
    0.04379730150103569,
    0.03617810948441426,
    0.025748613476753234,
    0.015322406714161237,
    0.02649244215572253,
    0.03892707132423918,
    0.018078816592363486,
    0.019463821686804293,
    0.02183009385674571,
    0.02771184032705302,
    0.01859301404717068,
    0.01002259854770576
  ],
  "val_acc": [
    0.5239583333333333,
    0.8291666666666667,
    0.90625,
    0.9458333333333333,
    0.971875,
    0.9864583333333333,
    0.9875,
    0.984375,
    0.9895833333333334,
    0.9916666666666667,
    0.9947916666666666,
    0.9958333333333333,
    0.9947916666666666,
    0.9875,
    0.9947916666666666,
    0.9958333333333333,
    0.9916666666666667,
    0.990625,
    0.9958333333333333,
    0.9958333333333333
  ]
}