{
  "split": 9,
  "fold": 1,
  "acc": 0.9925,
  "auc_unknown": 0.9890911805555554,
  "auc_drift_rx": 0.9293546875,
  "auc_drift_day": 0.8412462500000001,
  "tau_id": -1.8013445138931274,
  "tau_dom": 1789.5235595703125,
  "FRR_stable": 0.09291666666666665,
  "false_drift_stable": 0.042916666666666665,
  "FAR_unknown_accept": 0.0372,
  "miss_drift": 0.28347916666666667,
  "confusion_matrix": [
    [
      2177,
      103,
      120
    ],
    [
      13607,
      10196,
      24197
    ],
    [
      1116,
      3432,
      25452
    ]
  ]
}