{
  "tau_id": -1.8013445138931274,
  "tau_dom": 1789.5235595703125
}