{
  "split": 5,
  "fold": 1,
  "tau_id": -1.6342171669006347,
  "tau_dom": 2586.5956542968747,
  "tau_conf": 0.9971317052841187,
  "pseudo_acc_rx": 0.5653333333333334,
  "pseudo_acc_day": 0.725,
  "pseudo_acc_all": 0.6451666666666667,
  "gate_precision": 0.1304698527929018,
  "gate_recall": 0.16175,
  "gate_keep_ratio": 0.4959,
  "conf_precision": 0.13049616780960063,
  "conf_recall": 0.16175,
  "conf_keep_ratio": 0.4958,
  "conf_keep_given_gate": 0.9997983464408147,
  "adapt_stream_size": 10000,
  "gate_size": 4959,
  "conf_size": 4958,
  "oracle_size": 4000,
  "NoAdapt": {
    "stable_acc": 0.9979166666666667,
    "drift_acc_rx": 0.5653333333333334,
    "drift_acc_day": 0.725,
    "drift_acc_all": 0.6451666666666667,
    "FRR_stable": 0.09166666666666667,
    "FAR_unknown_accept": 0.07988888888888888,
    "miss_drift_rx": 0.10033333333333333,
    "miss_drift_day": 0.333,
    "miss_drift_all": 0.21666666666666667,
    "auc_unknown_eval": 0.701954375
  },
  "UngatedAdapt": {
    "stable_acc": 0.9975,
    "drift_acc_rx": 0.5646666666666667,
    "drift_acc_day": 0.7303333333333333,
    "drift_acc_all": 0.6475,
    "FRR_stable": 0.0920833333333333,
    "FAR_unknown_accept": 0.07955555555555556,
    "miss_drift_rx": 0.10166666666666667,
    "miss_drift_day": 0.318,
    "miss_drift_all": 0.20983333333333334,
    "auc_unknown_eval": 0.726159212962963
  },
  "GatedAdapt": {
    "stable_acc": 0.9979166666666667,
    "drift_acc_rx": 0.584,
    "drift_acc_day": 0.7563333333333333,
    "drift_acc_all": 0.6701666666666667,
    "FRR_stable": 0.08458333333333334,
    "FAR_unknown_accept": 0.07977777777777778,
    "miss_drift_rx": 0.10066666666666667,
    "miss_drift_day": 0.33666666666666667,
    "miss_drift_all": 0.21866666666666668,
    "auc_unknown_eval": 0.708689212962963
  },
  "GatedConfAdapt": {
    "stable_acc": 0.9979166666666667,
    "drift_acc_rx": 0.5916666666666667,
    "drift_acc_day": 0.7586666666666667,
    "drift_acc_all": 0.6751666666666667,
    "FRR_stable": 0.08458333333333334,
    "FAR_unknown_accept": 0.0791111111111111,
    "miss_drift_rx": 0.10066666666666667,
    "miss_drift_day": 0.339,
    "miss_drift_all": 0.21983333333333333,
    "auc_unknown_eval": 0.7127383101851852
  },
  "OracleGatePseudoAdapt": {
    "stable_acc": 0.9979166666666667,
    "drift_acc_rx": 0.564,
    "drift_acc_day": 0.732,
    "drift_acc_all": 0.648,
    "FRR_stable": 0.11750000000000005,
    "FAR_unknown_accept": 0.07955555555555556,
    "miss_drift_rx": 0.08466666666666667,
    "miss_drift_day": 0.31633333333333336,
    "miss_drift_all": 0.2005,
    "auc_unknown_eval": 0.6079566203703703
  },
  "OracleLabelAdapt": {
    "stable_acc": 0.9979166666666667,
    "drift_acc_rx": 0.915,
    "drift_acc_day": 0.997,
    "drift_acc_all": 0.956,
    "FRR_stable": 0.3125,
    "FAR_unknown_accept": 0.03822222222222222,
    "miss_drift_rx": 0.065,
    "miss_drift_day": 0.23966666666666667,
    "miss_drift_all": 0.15233333333333332,
    "auc_unknown_eval": 0.767402175925926
  }
}