{
  "split": 2,
  "fold": 2,
  "tau_id": -0.8772642910480499,
  "tau_dom": 2509.081030273437,
  "tau_conf": 0.9999505281448364,
  "pseudo_acc_rx": 0.6983333333333334,
  "pseudo_acc_day": 0.851,
  "pseudo_acc_all": 0.7746666666666666,
  "gate_precision": 0.8384030418250951,
  "gate_recall": 0.11025,
  "gate_keep_ratio": 0.0526,
  "conf_precision": 0.8365384615384616,
  "conf_recall": 0.10875,
  "conf_keep_ratio": 0.052,
  "conf_keep_given_gate": 0.9885931558935361,
  "adapt_stream_size": 10000,
  "gate_size": 526,
  "conf_size": 520,
  "oracle_size": 4000,
  "NoAdapt": {
    "stable_acc": 0.99875,
    "drift_acc_rx": 0.6983333333333334,
    "drift_acc_day": 0.851,
    "drift_acc_all": 0.7746666666666666,
    "FRR_stable": 0.09833333333333338,
    "FAR_unknown_accept": 0.0,
    "miss_drift_rx": 0.193,
    "miss_drift_day": 0.406,
    "miss_drift_all": 0.2995,
    "auc_unknown_eval": 0.9939967129629629
  },
  "UngatedAdapt": {
    "stable_acc": 0.99875,
    "drift_acc_rx": 0.6946666666666667,
    "drift_acc_day": 0.8456666666666667,
    "drift_acc_all": 0.7701666666666667,
    "FRR_stable": 0.1316666666666667,
    "FAR_unknown_accept": 0.0,
    "miss_drift_rx": 0.186,
    "miss_drift_day": 0.38133333333333336,
    "miss_drift_all": 0.2836666666666667,
    "auc_unknown_eval": 0.9920307870370371
  },
  "GatedAdapt": {
    "stable_acc": 0.99875,
    "drift_acc_rx": 0.6986666666666667,
    "drift_acc_day": 0.851,
    "drift_acc_all": 0.7748333333333334,
    "FRR_stable": 0.09833333333333338,
    "FAR_unknown_accept": 0.0,
    "miss_drift_rx": 0.193,
    "miss_drift_day": 0.406,
    "miss_drift_all": 0.2995,
    "auc_unknown_eval": 0.9940091203703703
  },
  "GatedConfAdapt": {
    "stable_acc": 0.99875,
    "drift_acc_rx": 0.6986666666666667,
    "drift_acc_day": 0.8516666666666667,
    "drift_acc_all": 0.7751666666666667,
    "FRR_stable": 0.09833333333333338,
    "FAR_unknown_accept": 0.0,
    "miss_drift_rx": 0.193,
    "miss_drift_day": 0.406,
    "miss_drift_all": 0.2995,
    "auc_unknown_eval": 0.994012175925926
  },
  "OracleGatePseudoAdapt": {
    "stable_acc": 0.99875,
    "drift_acc_rx": 0.69,
    "drift_acc_day": 0.8523333333333334,
    "drift_acc_all": 0.7711666666666667,
    "FRR_stable": 0.15333333333333332,
    "FAR_unknown_accept": 0.0,
    "miss_drift_rx": 0.17966666666666667,
    "miss_drift_day": 0.36133333333333334,
    "miss_drift_all": 0.2705,
    "auc_unknown_eval": 0.9966902314814815
  },
  "OracleLabelAdapt": {
    "stable_acc": 0.9983333333333333,
    "drift_acc_rx": 0.9573333333333334,
    "drift_acc_day": 0.9953333333333333,
    "drift_acc_all": 0.9763333333333334,
    "FRR_stable": 0.6358333333333333,
    "FAR_unknown_accept": 0.0,
    "miss_drift_rx": 0.035,
    "miss_drift_day": 0.10366666666666667,
    "miss_drift_all": 0.06933333333333333,
    "auc_unknown_eval": 0.997703425925926
  }
}