{
  "split": 2,
  "fold": 4,
  "tau_id": -1.442586326599121,
  "tau_dom": 2036.0365661621051,
  "thr_precision": 0.8154838709677419,
  "thr_recall": 0.158,
  "thr_keep_ratio": 0.0775,
  "topq_precision": 0.7428057553956835,
  "topq_recall": 0.10325,
  "topq_keep_ratio": 0.0556,
  "adapt_stream_size": 10000,
  "thr_size": 775,
  "topq_size": 556,
  "oracle_size": 4000,
  "NoAdapt": {
    "stable_acc": 0.99875,
    "drift_acc_rx": 0.6643333333333333,
    "drift_acc_day": 0.8033333333333333,
    "drift_acc_all": 0.7338333333333333,
    "FRR_stable": 0.09624999999999995,
    "FAR_unknown_accept": 0.0,
    "miss_drift_rx": 0.171,
    "miss_drift_day": 0.34933333333333333,
    "miss_drift_all": 0.26016666666666666,
    "auc_unknown_eval": 0.9932481481481482
  },
  "UngatedAdapt": {
    "stable_acc": 0.99875,
    "drift_acc_rx": 0.6586666666666666,
    "drift_acc_day": 0.8106666666666666,
    "drift_acc_all": 0.7346666666666667,
    "FRR_stable": 0.09624999999999995,
    "FAR_unknown_accept": 0.0,
    "miss_drift_rx": 0.169,
    "miss_drift_day": 0.35,
    "miss_drift_all": 0.2595,
    "auc_unknown_eval": 0.9919869907407407
  },
  "GatedAdapt": {
    "stable_acc": 0.99875,
    "drift_acc_rx": 0.6663333333333333,
    "drift_acc_day": 0.8036666666666666,
    "drift_acc_all": 0.735,
    "FRR_stable": 0.09583333333333333,
    "FAR_unknown_accept": 0.0,
    "miss_drift_rx": 0.17066666666666666,
    "miss_drift_day": 0.34933333333333333,
    "miss_drift_all": 0.26,
    "auc_unknown_eval": 0.9931060648148148
  },
  "GatedTopQAdapt": {
    "stable_acc": 0.99875,
    "drift_acc_rx": 0.6656666666666666,
    "drift_acc_day": 0.8033333333333333,
    "drift_acc_all": 0.7345,
    "FRR_stable": 0.09583333333333333,
    "FAR_unknown_accept": 0.0,
    "miss_drift_rx": 0.171,
    "miss_drift_day": 0.3496666666666667,
    "miss_drift_all": 0.26033333333333336,
    "auc_unknown_eval": 0.9932724537037038
  },
  "OracleGateAdapt": {
    "stable_acc": 0.99875,
    "drift_acc_rx": 0.6603333333333333,
    "drift_acc_day": 0.8043333333333333,
    "drift_acc_all": 0.7323333333333333,
    "FRR_stable": 0.09583333333333333,
    "FAR_unknown_accept": 0.0,
    "miss_drift_rx": 0.172,
    "miss_drift_day": 0.35233333333333333,
    "miss_drift_all": 0.26216666666666666,
    "auc_unknown_eval": 0.9902904166666667
  }
}