{
  "split": 4,
  "fold": 4,
  "tau_id": -1.5407210826873778,
  "tau_dom": 2247.5460205078116,
  "tau_conf": 0.9990675210952759,
  "pseudo_acc_rx": 0.604,
  "pseudo_acc_day": 0.652,
  "pseudo_acc_all": 0.628,
  "gate_precision": 0.9193825042881647,
  "gate_recall": 0.134,
  "gate_keep_ratio": 0.0583,
  "conf_precision": 0.9193825042881647,
  "conf_recall": 0.134,
  "conf_keep_ratio": 0.0583,
  "conf_keep_given_gate": 1.0,
  "adapt_stream_size": 10000,
  "gate_size": 583,
  "conf_size": 583,
  "oracle_size": 4000,
  "NoAdapt": {
    "stable_acc": 0.9991666666666666,
    "drift_acc_rx": 0.604,
    "drift_acc_day": 0.652,
    "drift_acc_all": 0.628,
    "FRR_stable": 0.09750000000000003,
    "FAR_unknown_accept": 0.0,
    "miss_drift_rx": 0.16933333333333334,
    "miss_drift_day": 0.39066666666666666,
    "miss_drift_all": 0.28,
    "auc_unknown_eval": 0.997402962962963
  },
  "UngatedAdapt": {
    "stable_acc": 0.9991666666666666,
    "drift_acc_rx": 0.6053333333333333,
    "drift_acc_day": 0.6503333333333333,
    "drift_acc_all": 0.6278333333333334,
    "FRR_stable": 0.09875,
    "FAR_unknown_accept": 0.0,
    "miss_drift_rx": 0.16466666666666666,
    "miss_drift_day": 0.38466666666666666,
    "miss_drift_all": 0.27466666666666667,
    "auc_unknown_eval": 0.9979599537037036
  },
  "GatedAdapt": {
    "stable_acc": 0.9991666666666666,
    "drift_acc_rx": 0.6066666666666667,
    "drift_acc_day": 0.6583333333333333,
    "drift_acc_all": 0.6325,
    "FRR_stable": 0.09416666666666662,
    "FAR_unknown_accept": 0.0,
    "miss_drift_rx": 0.16966666666666666,
    "miss_drift_day": 0.3943333333333333,
    "miss_drift_all": 0.282,
    "auc_unknown_eval": 0.9975155555555557
  },
  "GatedConfAdapt": {
    "stable_acc": 0.9991666666666666,
    "drift_acc_rx": 0.6066666666666667,
    "drift_acc_day": 0.6566666666666666,
    "drift_acc_all": 0.6316666666666667,
    "FRR_stable": 0.09416666666666662,
    "FAR_unknown_accept": 0.0,
    "miss_drift_rx": 0.16966666666666666,
    "miss_drift_day": 0.39466666666666667,
    "miss_drift_all": 0.2821666666666667,
    "auc_unknown_eval": 0.9974834259259259
  },
  "OracleGatePseudoAdapt": {
    "stable_acc": 0.9991666666666666,
    "drift_acc_rx": 0.6066666666666667,
    "drift_acc_day": 0.6483333333333333,
    "drift_acc_all": 0.6275,
    "FRR_stable": 0.13375000000000004,
    "FAR_unknown_accept": 0.0,
    "miss_drift_rx": 0.15733333333333333,
    "miss_drift_day": 0.35833333333333334,
    "miss_drift_all": 0.25783333333333336,
    "auc_unknown_eval": 0.9951464351851852
  },
  "OracleLabelAdapt": {
    "stable_acc": 0.9991666666666666,
    "drift_acc_rx": 0.9643333333333334,
    "drift_acc_day": 0.998,
    "drift_acc_all": 0.9811666666666666,
    "FRR_stable": 0.33291666666666664,
    "FAR_unknown_accept": 0.0,
    "miss_drift_rx": 0.14333333333333334,
    "miss_drift_day": 0.2823333333333333,
    "miss_drift_all": 0.21283333333333335,
    "auc_unknown_eval": 0.9974343981481482
  }
}