{
  "split": 4,
  "fold": 1,
  "acc": 0.9970833333333333,
  "auc_drift_rx": 0.9204734837962962,
  "auc_drift_day": 0.8330931597222222,
  "tau_dom": 2267.6804077148427,
  "sid_results": {
    "EmbMaha": {
      "tau_id": -889.7335571289062,
      "auc_unknown": 0.9976521527777777,
      "FRR_stable": 0.09458333333333335,
      "false_drift_stable": 0.044583333333333336,
      "FAR_unknown_accept": 3.3333333333333335e-05,
      "miss_drift": 0.23164583333333333,
      "confusion_matrix": [
        [
          2173,
          107,
          120
        ],
        [
          11119,
          5547,
          31334
        ],
        [
          1,
          40,
          29959
        ]
      ]
    },
    "Energy": {
      "tau_id": 7.159038543701172,
      "auc_unknown": 0.8488244444444445,
      "FRR_stable": 0.09875,
      "false_drift_stable": 0.04875,
      "FAR_unknown_accept": 0.011266666666666666,
      "miss_drift": 0.2573125,
      "confusion_matrix": [
        [
          2163,
          117,
          120
        ],
        [
          12351,
          9327,
          26322
        ],
        [
          338,
          12078,
          17584
        ]
      ]
    },
    "Fusion_lam0.25": {
      "tau_id": -0.7312616348266602,
      "auc_unknown": 0.9970902777777777,
      "FRR_stable": 0.0954166666666667,
      "false_drift_stable": 0.04541666666666667,
      "FAR_unknown_accept": 6.666666666666667e-05,
      "miss_drift": 0.22429166666666667,
      "confusion_matrix": [
        [
          2171,
          109,
          120
        ],
        [
          10766,
          6258,
          30976
        ],
        [
          2,
          120,
          29878
        ]
      ]
    },
    "Fusion_lam0.5": {
      "tau_id": -1.0602003693580628,
      "auc_unknown": 0.9960475,
      "FRR_stable": 0.09624999999999995,
      "false_drift_stable": 0.04625,
      "FAR_unknown_accept": 6.666666666666667e-05,
      "miss_drift": 0.22452083333333334,
      "confusion_matrix": [
        [
          2169,
          111,
          120
        ],
        [
          10777,
          6727,
          30496
        ],
        [
          2,
          246,
          29752
        ]
      ]
    },
    "Fusion_lam1.0": {
      "tau_id": -1.8839149296283721,
      "auc_unknown": 0.9926281944444444,
      "FRR_stable": 0.09791666666666665,
      "false_drift_stable": 0.04791666666666667,
      "FAR_unknown_accept": 0.0004333333333333333,
      "miss_drift": 0.2338125,
      "confusion_matrix": [
        [
          2165,
          115,
          120
        ],
        [
          11223,
          7400,
          29377
        ],
        [
          13,
          632,
          29355
        ]
      ]
    },
    "Fusion_lam1.5": {
      "tau_id": -2.728252577781677,
      "auc_unknown": 0.988119375,
      "FRR_stable": 0.09791666666666665,
      "false_drift_stable": 0.04791666666666667,
      "FAR_unknown_accept": 0.0007666666666666667,
      "miss_drift": 0.23745833333333333,
      "confusion_matrix": [
        [
          2165,
          115,
          120
        ],
        [
          11398,
          7692,
          28910
        ],
        [
          23,
          1087,
          28890
        ]
      ]
    },
    "Fusion_lam2.0": {
      "tau_id": -3.5736241817474363,
      "auc_unknown": 0.9827775694444444,
      "FRR_stable": 0.09875,
      "false_drift_stable": 0.04875,
      "FAR_unknown_accept": 0.0012333333333333332,
      "miss_drift": 0.23914583333333334,
      "confusion_matrix": [
        [
          2163,
          117,
          120
        ],
        [
          11479,
          7868,
          28653
        ],
        [
          37,
          1552,
          28411
        ]
      ]
    }
  },
  "best_sid": "EmbMaha"
}