{
  "split": 1,
  "fold": 4,
  "false_drift_target": 0.1,
  "tau_id": -1.263373851776123,
  "tau_dom": 1910.8272705078125,
  "tau_conf": 0.989922046661377,
  "pseudo_acc_rx": 0.5467222222222222,
  "pseudo_acc_day": 0.7005833333333333,
  "pseudo_acc_all": 0.5851875,
  "gate_precision": 0.24188790560471976,
  "gate_recall": 0.205,
  "gate_keep_ratio": 0.339,
  "conf_precision": 0.24188790560471976,
  "conf_recall": 0.205,
  "conf_keep_ratio": 0.339,
  "conf_keep_given_gate": 1.0,
  "adapt_stream_size": 10000,
  "gate_size": 3390,
  "conf_size": 3390,
  "oracle_size": 4000,
  "NoAdapt": {
    "stable_acc": 0.9958333333333333,
    "drift_acc_rx": 0.553,
    "drift_acc_day": 0.703,
    "drift_acc_all": 0.628,
    "FRR_stable": 0.13875000000000004,
    "FAR_unknown_accept": 0.3358888888888889,
    "miss_drift_rx": 0.058,
    "miss_drift_day": 0.31133333333333335,
    "miss_drift_all": 0.18466666666666667,
    "auc_unknown_eval": 0.7964965972222222
  },
  "UngatedAdapt": {
    "stable_acc": 0.99625,
    "drift_acc_rx": 0.553,
    "drift_acc_day": 0.7023333333333334,
    "drift_acc_all": 0.6276666666666667,
    "FRR_stable": 0.14125,
    "FAR_unknown_accept": 0.16722222222222222,
    "miss_drift_rx": 0.046,
    "miss_drift_day": 0.289,
    "miss_drift_all": 0.1675,
    "auc_unknown_eval": 0.8283041203703704
  },
  "OracleGatePseudoAdapt": {
    "stable_acc": 0.9958333333333333,
    "drift_acc_rx": 0.5546666666666666,
    "drift_acc_day": 0.7063333333333334,
    "drift_acc_all": 0.6305,
    "FRR_stable": 0.15416666666666667,
    "FAR_unknown_accept": 0.28444444444444444,
    "miss_drift_rx": 0.04133333333333333,
    "miss_drift_day": 0.26,
    "miss_drift_all": 0.15066666666666667,
    "auc_unknown_eval": 0.818679537037037
  },
  "OracleLabelAdapt": {
    "stable_acc": 0.9954166666666666,
    "drift_acc_rx": 0.9313333333333333,
    "drift_acc_day": 0.9893333333333333,
    "drift_acc_all": 0.9603333333333334,
    "FRR_stable": 0.3866666666666667,
    "FAR_unknown_accept": 0.0024444444444444444,
    "miss_drift_rx": 0.014666666666666666,
    "miss_drift_day": 0.09766666666666667,
    "miss_drift_all": 0.05616666666666666,
    "auc_unknown_eval": 0.9077816898148148
  },
  "GatedAdapt": {
    "stable_acc": 0.9966666666666667,
    "drift_acc_rx": 0.5846666666666667,
    "drift_acc_day": 0.7643333333333333,
    "drift_acc_all": 0.6745,
    "FRR_stable": 0.12749999999999995,
    "FAR_unknown_accept": 0.3382222222222222,
    "miss_drift_rx": 0.065,
    "miss_drift_day": 0.31833333333333336,
    "miss_drift_all": 0.19166666666666668,
    "auc_unknown_eval": 0.8194783796296297
  },
  "GatedConfAdapt": {
    "stable_acc": 0.9966666666666667,
    "drift_acc_rx": 0.5836666666666667,
    "drift_acc_day": 0.7663333333333333,
    "drift_acc_all": 0.675,
    "FRR_stable": 0.12749999999999995,
    "FAR_unknown_accept": 0.3426666666666667,
    "miss_drift_rx": 0.064,
    "miss_drift_day": 0.31966666666666665,
    "miss_drift_all": 0.19183333333333333,
    "auc_unknown_eval": 0.8069023611111111
  }
}