{
  "split": 1,
  "fold": 4,
  "false_drift_target": 0.01,
  "tau_id": -1.263373851776123,
  "tau_dom": 5585.306640625,
  "tau_conf": 0.989922046661377,
  "pseudo_acc_rx": 0.5467222222222222,
  "pseudo_acc_day": 0.7005833333333333,
  "pseudo_acc_all": 0.5851875,
  "gate_precision": 0.2740560292326431,
  "gate_recall": 0.05625,
  "gate_keep_ratio": 0.0821,
  "conf_precision": 0.2740560292326431,
  "conf_recall": 0.05625,
  "conf_keep_ratio": 0.0821,
  "conf_keep_given_gate": 1.0,
  "adapt_stream_size": 10000,
  "gate_size": 821,
  "conf_size": 821,
  "oracle_size": 4000,
  "NoAdapt": {
    "stable_acc": 0.9958333333333333,
    "drift_acc_rx": 0.553,
    "drift_acc_day": 0.703,
    "drift_acc_all": 0.628,
    "FRR_stable": 0.05833333333333335,
    "FAR_unknown_accept": 0.6673333333333333,
    "miss_drift_rx": 0.20733333333333334,
    "miss_drift_day": 0.471,
    "miss_drift_all": 0.33916666666666667,
    "auc_unknown_eval": 0.7964965972222222
  },
  "UngatedAdapt": {
    "stable_acc": 0.99625,
    "drift_acc_rx": 0.553,
    "drift_acc_day": 0.7023333333333334,
    "drift_acc_all": 0.6276666666666667,
    "FRR_stable": 0.060833333333333295,
    "FAR_unknown_accept": 0.31166666666666665,
    "miss_drift_rx": 0.18733333333333332,
    "miss_drift_day": 0.45,
    "miss_drift_all": 0.31866666666666665,
    "auc_unknown_eval": 0.8283041203703704
  },
  "OracleGatePseudoAdapt": {
    "stable_acc": 0.9958333333333333,
    "drift_acc_rx": 0.5546666666666666,
    "drift_acc_day": 0.7063333333333334,
    "drift_acc_all": 0.6305,
    "FRR_stable": 0.07458333333333333,
    "FAR_unknown_accept": 0.5361111111111111,
    "miss_drift_rx": 0.17566666666666667,
    "miss_drift_day": 0.417,
    "miss_drift_all": 0.29633333333333334,
    "auc_unknown_eval": 0.818679537037037
  },
  "OracleLabelAdapt": {
    "stable_acc": 0.9954166666666666,
    "drift_acc_rx": 0.9313333333333333,
    "drift_acc_day": 0.9893333333333333,
    "drift_acc_all": 0.9603333333333334,
    "FRR_stable": 0.33125000000000004,
    "FAR_unknown_accept": 0.004555555555555556,
    "miss_drift_rx": 0.06833333333333333,
    "miss_drift_day": 0.23866666666666667,
    "miss_drift_all": 0.1535,
    "auc_unknown_eval": 0.9077816898148148
  },
  "GatedAdapt": {
    "stable_acc": 0.9970833333333333,
    "drift_acc_rx": 0.58,
    "drift_acc_day": 0.7523333333333333,
    "drift_acc_all": 0.6661666666666667,
    "FRR_stable": 0.04833333333333334,
    "FAR_unknown_accept": 0.629,
    "miss_drift_rx": 0.21,
    "miss_drift_day": 0.47433333333333333,
    "miss_drift_all": 0.3421666666666667,
    "auc_unknown_eval": 0.8154436574074075
  },
  "GatedConfAdapt": {
    "stable_acc": 0.9970833333333333,
    "drift_acc_rx": 0.5806666666666667,
    "drift_acc_day": 0.754,
    "drift_acc_all": 0.6673333333333333,
    "FRR_stable": 0.04791666666666672,
    "FAR_unknown_accept": 0.6174444444444445,
    "miss_drift_rx": 0.20666666666666667,
    "miss_drift_day": 0.4723333333333333,
    "miss_drift_all": 0.3395,
    "auc_unknown_eval": 0.8157625231481481
  }
}