{
  "split": 1,
  "fold": 4,
  "false_drift_target": 0.05,
  "tau_id": -1.263373851776123,
  "tau_dom": 2794.31298828125,
  "tau_conf": 0.989922046661377,
  "pseudo_acc_rx": 0.5467222222222222,
  "pseudo_acc_day": 0.7005833333333333,
  "pseudo_acc_all": 0.5851875,
  "gate_precision": 0.27692307692307694,
  "gate_recall": 0.1485,
  "gate_keep_ratio": 0.2145,
  "conf_precision": 0.27692307692307694,
  "conf_recall": 0.1485,
  "conf_keep_ratio": 0.2145,
  "conf_keep_given_gate": 1.0,
  "adapt_stream_size": 10000,
  "gate_size": 2145,
  "conf_size": 2145,
  "oracle_size": 4000,
  "NoAdapt": {
    "stable_acc": 0.9958333333333333,
    "drift_acc_rx": 0.553,
    "drift_acc_day": 0.703,
    "drift_acc_all": 0.628,
    "FRR_stable": 0.09333333333333338,
    "FAR_unknown_accept": 0.5077777777777778,
    "miss_drift_rx": 0.13,
    "miss_drift_day": 0.36566666666666664,
    "miss_drift_all": 0.24783333333333332,
    "auc_unknown_eval": 0.7964965972222222
  },
  "UngatedAdapt": {
    "stable_acc": 0.99625,
    "drift_acc_rx": 0.553,
    "drift_acc_day": 0.7023333333333334,
    "drift_acc_all": 0.6276666666666667,
    "FRR_stable": 0.09624999999999995,
    "FAR_unknown_accept": 0.23755555555555555,
    "miss_drift_rx": 0.11933333333333333,
    "miss_drift_day": 0.3433333333333333,
    "miss_drift_all": 0.23133333333333334,
    "auc_unknown_eval": 0.8283041203703704
  },
  "OracleGatePseudoAdapt": {
    "stable_acc": 0.9958333333333333,
    "drift_acc_rx": 0.5546666666666666,
    "drift_acc_day": 0.7063333333333334,
    "drift_acc_all": 0.6305,
    "FRR_stable": 0.10958333333333337,
    "FAR_unknown_accept": 0.43333333333333335,
    "miss_drift_rx": 0.11066666666666666,
    "miss_drift_day": 0.31233333333333335,
    "miss_drift_all": 0.2115,
    "auc_unknown_eval": 0.818679537037037
  },
  "OracleLabelAdapt": {
    "stable_acc": 0.9954166666666666,
    "drift_acc_rx": 0.9313333333333333,
    "drift_acc_day": 0.9893333333333333,
    "drift_acc_all": 0.9603333333333334,
    "FRR_stable": 0.35875,
    "FAR_unknown_accept": 0.0036666666666666666,
    "miss_drift_rx": 0.04133333333333333,
    "miss_drift_day": 0.143,
    "miss_drift_all": 0.09216666666666666,
    "auc_unknown_eval": 0.9077816898148148
  },
  "GatedAdapt": {
    "stable_acc": 0.9970833333333333,
    "drift_acc_rx": 0.5816666666666667,
    "drift_acc_day": 0.757,
    "drift_acc_all": 0.6693333333333333,
    "FRR_stable": 0.08166666666666667,
    "FAR_unknown_accept": 0.5166666666666667,
    "miss_drift_rx": 0.135,
    "miss_drift_day": 0.37166666666666665,
    "miss_drift_all": 0.25333333333333335,
    "auc_unknown_eval": 0.8060486574074073
  },
  "GatedConfAdapt": {
    "stable_acc": 0.9966666666666667,
    "drift_acc_rx": 0.5856666666666667,
    "drift_acc_day": 0.7653333333333333,
    "drift_acc_all": 0.6755,
    "FRR_stable": 0.08250000000000002,
    "FAR_unknown_accept": 0.5122222222222222,
    "miss_drift_rx": 0.13533333333333333,
    "miss_drift_day": 0.37066666666666664,
    "miss_drift_all": 0.253,
    "auc_unknown_eval": 0.8107961574074074
  }
}