{
  "split": 1,
  "fold": 4,
  "false_drift_target": 0.2,
  "tau_id": -1.263373851776123,
  "tau_dom": 1113.1707763671875,
  "tau_conf": 0.989922046661377,
  "pseudo_acc_rx": 0.5467222222222222,
  "pseudo_acc_day": 0.7005833333333333,
  "pseudo_acc_all": 0.5851875,
  "gate_precision": 0.2247739602169982,
  "gate_recall": 0.31075,
  "gate_keep_ratio": 0.553,
  "conf_precision": 0.22266545784224842,
  "conf_recall": 0.307,
  "conf_keep_ratio": 0.5515,
  "conf_keep_given_gate": 0.9972875226039783,
  "adapt_stream_size": 10000,
  "gate_size": 5530,
  "conf_size": 5515,
  "oracle_size": 4000,
  "NoAdapt": {
    "stable_acc": 0.9958333333333333,
    "drift_acc_rx": 0.553,
    "drift_acc_day": 0.703,
    "drift_acc_all": 0.628,
    "FRR_stable": 0.23541666666666672,
    "FAR_unknown_accept": 0.057666666666666665,
    "miss_drift_rx": 0.012333333333333333,
    "miss_drift_day": 0.15,
    "miss_drift_all": 0.08116666666666666,
    "auc_unknown_eval": 0.7964965972222222
  },
  "UngatedAdapt": {
    "stable_acc": 0.99625,
    "drift_acc_rx": 0.553,
    "drift_acc_day": 0.7023333333333334,
    "drift_acc_all": 0.6276666666666667,
    "FRR_stable": 0.23583333333333334,
    "FAR_unknown_accept": 0.05611111111111111,
    "miss_drift_rx": 0.004666666666666667,
    "miss_drift_day": 0.12833333333333333,
    "miss_drift_all": 0.0665,
    "auc_unknown_eval": 0.8283041203703704
  },
  "OracleGatePseudoAdapt": {
    "stable_acc": 0.9958333333333333,
    "drift_acc_rx": 0.5546666666666666,
    "drift_acc_day": 0.7063333333333334,
    "drift_acc_all": 0.6305,
    "FRR_stable": 0.24708333333333332,
    "FAR_unknown_accept": 0.05588888888888889,
    "miss_drift_rx": 0.0023333333333333335,
    "miss_drift_day": 0.10266666666666667,
    "miss_drift_all": 0.0525,
    "auc_unknown_eval": 0.818679537037037
  },
  "OracleLabelAdapt": {
    "stable_acc": 0.9954166666666666,
    "drift_acc_rx": 0.9313333333333333,
    "drift_acc_day": 0.9893333333333333,
    "drift_acc_all": 0.9603333333333334,
    "FRR_stable": 0.43875,
    "FAR_unknown_accept": 0.0008888888888888889,
    "miss_drift_rx": 0.0,
    "miss_drift_day": 0.027333333333333334,
    "miss_drift_all": 0.013666666666666667,
    "auc_unknown_eval": 0.9077816898148148
  },
  "GatedAdapt": {
    "stable_acc": 0.9966666666666667,
    "drift_acc_rx": 0.58,
    "drift_acc_day": 0.7606666666666667,
    "drift_acc_all": 0.6703333333333333,
    "FRR_stable": 0.22499999999999998,
    "FAR_unknown_accept": 0.05722222222222222,
    "miss_drift_rx": 0.017,
    "miss_drift_day": 0.15766666666666668,
    "miss_drift_all": 0.08733333333333333,
    "auc_unknown_eval": 0.826056388888889
  },
  "GatedConfAdapt": {
    "stable_acc": 0.9966666666666667,
    "drift_acc_rx": 0.5823333333333334,
    "drift_acc_day": 0.763,
    "drift_acc_all": 0.6726666666666666,
    "FRR_stable": 0.22458333333333336,
    "FAR_unknown_accept": 0.057666666666666665,
    "miss_drift_rx": 0.015666666666666666,
    "miss_drift_day": 0.15633333333333332,
    "miss_drift_all": 0.086,
    "auc_unknown_eval": 0.8110961111111112
  }
}