{
  "split": 4,
  "fold": 1,
  "tau_id": -1.4906711876392365,
  "tau_dom": 2279.456945800781,
  "thr_precision": 0.882051282051282,
  "thr_recall": 0.129,
  "thr_keep_ratio": 0.0585,
  "topq_precision": 0.8700564971751412,
  "topq_recall": 0.1155,
  "topq_keep_ratio": 0.0531,
  "adapt_stream_size": 10000,
  "thr_size": 585,
  "topq_size": 531,
  "oracle_size": 4000,
  "NoAdapt": {
    "stable_acc": 0.9958333333333333,
    "drift_acc_rx": 0.5796666666666667,
    "drift_acc_day": 0.6386666666666667,
    "drift_acc_all": 0.6091666666666666,
    "FRR_stable": 0.09416666666666662,
    "FAR_unknown_accept": 0.0,
    "miss_drift_rx": 0.19166666666666668,
    "miss_drift_day": 0.39066666666666666,
    "miss_drift_all": 0.2911666666666667,
    "auc_unknown_eval": 0.995553287037037
  },
  "UngatedAdapt": {
    "stable_acc": 0.9966666666666667,
    "drift_acc_rx": 0.5806666666666667,
    "drift_acc_day": 0.636,
    "drift_acc_all": 0.6083333333333333,
    "FRR_stable": 0.08666666666666667,
    "FAR_unknown_accept": 0.0,
    "miss_drift_rx": 0.19566666666666666,
    "miss_drift_day": 0.40066666666666667,
    "miss_drift_all": 0.2981666666666667,
    "auc_unknown_eval": 0.9939786574074074
  },
  "GatedAdapt": {
    "stable_acc": 0.9970833333333333,
    "drift_acc_rx": 0.5866666666666667,
    "drift_acc_day": 0.653,
    "drift_acc_all": 0.6198333333333333,
    "FRR_stable": 0.08833333333333337,
    "FAR_unknown_accept": 0.0,
    "miss_drift_rx": 0.193,
    "miss_drift_day": 0.3963333333333333,
    "miss_drift_all": 0.2946666666666667,
    "auc_unknown_eval": 0.9961442592592592
  },
  "GatedTopQAdapt": {
    "stable_acc": 0.9966666666666667,
    "drift_acc_rx": 0.5813333333333334,
    "drift_acc_day": 0.6466666666666666,
    "drift_acc_all": 0.614,
    "FRR_stable": 0.08958333333333335,
    "FAR_unknown_accept": 0.0,
    "miss_drift_rx": 0.194,
    "miss_drift_day": 0.3963333333333333,
    "miss_drift_all": 0.2951666666666667,
    "auc_unknown_eval": 0.995794537037037
  },
  "OracleGateAdapt": {
    "stable_acc": 0.9958333333333333,
    "drift_acc_rx": 0.581,
    "drift_acc_day": 0.6393333333333333,
    "drift_acc_all": 0.6101666666666666,
    "FRR_stable": 0.09291666666666665,
    "FAR_unknown_accept": 0.0,
    "miss_drift_rx": 0.199,
    "miss_drift_day": 0.4023333333333333,
    "miss_drift_all": 0.3006666666666667,
    "auc_unknown_eval": 0.9940958333333334
  }
}