{
  "split": 2,
  "fold": 5,
  "tau_id": -1.6807927429676055,
  "tau_dom": 2263.600903320312,
  "gate_precision": 0.8284106891701828,
  "gate_recall": 0.14725,
  "gate_keep_ratio": 0.0711,
  "adapt_stream_size": 10000,
  "gated_size": 711,
  "oracle_size": 4000,
  "NoAdapt": {
    "stable_acc": 0.9966666666666667,
    "drift_acc_rx": 0.6323333333333333,
    "drift_acc_day": 0.6836666666666666,
    "drift_acc_all": 0.658,
    "FRR_stable": 0.09416666666666662,
    "FAR_unknown_accept": 0.0,
    "miss_drift_rx": 0.19166666666666668,
    "miss_drift_day": 0.424,
    "miss_drift_all": 0.30783333333333335,
    "auc_unknown_eval": 0.9942426851851851
  },
  "UngatedAdapt": {
    "stable_acc": 0.9970833333333333,
    "drift_acc_rx": 0.6263333333333333,
    "drift_acc_day": 0.6833333333333333,
    "drift_acc_all": 0.6548333333333334,
    "FRR_stable": 0.0920833333333333,
    "FAR_unknown_accept": 0.0,
    "miss_drift_rx": 0.196,
    "miss_drift_day": 0.445,
    "miss_drift_all": 0.3205,
    "auc_unknown_eval": 0.9926572685185184
  },
  "GatedAdapt": {
    "stable_acc": 0.9979166666666667,
    "drift_acc_rx": 0.6416666666666667,
    "drift_acc_day": 0.6863333333333334,
    "drift_acc_all": 0.664,
    "FRR_stable": 0.0920833333333333,
    "FAR_unknown_accept": 0.0,
    "miss_drift_rx": 0.19366666666666665,
    "miss_drift_day": 0.43333333333333335,
    "miss_drift_all": 0.3135,
    "auc_unknown_eval": 0.9943793981481482
  },
  "OracleGateAdapt": {
    "stable_acc": 0.9970833333333333,
    "drift_acc_rx": 0.6266666666666667,
    "drift_acc_day": 0.6813333333333333,
    "drift_acc_all": 0.654,
    "FRR_stable": 0.09250000000000003,
    "FAR_unknown_accept": 0.0,
    "miss_drift_rx": 0.19566666666666666,
    "miss_drift_day": 0.44666666666666666,
    "miss_drift_all": 0.32116666666666666,
    "auc_unknown_eval": 0.9944820833333333
  }
}