{
  "split": 1,
  "fold": 2,
  "acc": 0.99625,
  "auc_unknown": 0.7342076736111112,
  "auc_drift_rx": 0.946443125,
  "auc_drift_day": 0.8644858854166667,
  "tau_id": -873.5767211914062,
  "tau_dom": 2438.496337890625,
  "FRR_stable": 0.0954166666666667,
  "false_drift_stable": 0.04541666666666667,
  "FAR_unknown_accept": 0.34963333333333335,
  "miss_drift": 0.15516666666666667,
  "confusion_matrix": [
    [
      2171,
      109,
      120
    ],
    [
      7448,
      6017,
      34535
    ],
    [
      10489,
      8210,
      11301
    ]
  ]
}