{
  "tau_id": -873.5767211914062,
  "tau_dom": 2438.496337890625
}