{
  "train_loss": [
    0.482377979821629,
    0.09397259080023677,
    0.04144997248702027,
    0.030981056985479816,
    0.018822062177652563,
    0.020705856044811233,
    0.01453836786871155,
    0.013979343694410529,
    0.011805037856619391,
    0.009476423786556417,
    0.009463029679048945,
    0.006952522867531688,
    0.011475726731845902,
    0.011262967907478688,
    0.006010200557324828,
    0.00407702080965801,
    0.006679897147868932,
    0.004798744639157559,
    0.0031989700633049427,
    0.0068356918619462735,
    0.0034117802078576964,
    0.007044411464421837,
    0.002529810356726456,
    0.004185779660474509,
    0.0040656271500564695,
    0.0035673001716430815
  ],
  "train_acc": [
    0.7912037037037037,
    0.9646990740740741,
    0.9869212962962963,
    0.990625,
    0.9945601851851852,
    0.9936342592592593,
    0.9956018518518519,
    0.9950231481481482,
    0.9960648148148148,
    0.9964120370370371,
    0.9972222222222222,
    0.9980324074074074,
    0.9960648148148148,
    0.996875,
    0.9981481481481481,
    0.9989583333333333,
    0.997800925925926,
    0.9983796296296297,
    0.9993055555555556,
    0.9979166666666667,
    0.9988425925925926,
    0.997800925925926,
    0.999537037037037,
    0.9986111111111111,
    0.9986111111111111,
    0.9990740740740741
  ],
  "val_loss": [
    1.6695192495981852,
    0.5207698464393615,
    0.2936988264322281,
    0.26133953084548317,
    0.2012522965669632,
    0.07889896656076113,
    0.04671683625007669,
    0.09364291888972123,
    0.08382903883854548,
    0.0594969547043244,
    0.03840173461164038,
    0.05175200750430425,
    0.07086533394952615,
    0.02420214858526985,
    0.024730989600842197,
    0.056031542768081026,
    0.022896704178613923,
    0.016205018556987246,
    0.03919003636886676,
    0.020510721307558318,
    0.030975254562993843,
    0.014944205284700729,
    0.01770439256603519,
    0.016937576521498462,
    0.016832599695771933,
    0.018690459694092474
  ],
  "val_acc": [
    0.6291666666666667,
    0.8020833333333334,
    0.8760416666666667,
    0.8885416666666667,
    0.9114583333333334,
    0.9729166666666667,
    0.9895833333333334,
    0.9666666666666667,
    0.9729166666666667,
    0.9822916666666667,
    0.99375,
    0.984375,
    0.9729166666666667,
    0.9958333333333333,
    0.9916666666666667,
    0.9822916666666667,
    0.9947916666666666,
    0.9979166666666667,
    0.9916666666666667,
    0.996875,
    0.9958333333333333,
    0.996875,
    0.9958333333333333,
    0.9979166666666667,
    0.9979166666666667,
    0.9958333333333333
  ]
}