{
  "split": 3,
  "fold": 5,
  "acc": 0.9983333333333333,
  "auc_unknown": {
    "cosine_proto": 0.9662904513888888,
    "MSP": 0.9249488888888888,
    "Energy": 0.8846846527777777,
    "NegEntropy": 0.9235804166666666,
    "Margin": 0.9270040625000001,
    "EmbMaha": 0.9917282638888889
  },
  "auc_drRX": {
    "V1_minDist": 0.9308942013888888,
    "V1_softminDist": 0.9308942766203705,
    "V1_mixNLL": 0.9319805266203703,
    "V1_weightedMixNLL": 0.9172146006944444,
    "V0_deviceDist": 0.7956483738425926,
    "V2_rxPooledMinDist": 0.7500341898148148,
    "VZ_pca_minDist": 0.8929246701388889
  },
  "auc_drDAY": {
    "V1_minDist": 0.8167542881944444,
    "V1_softminDist": 0.8167537673611112,
    "V1_mixNLL": 0.8184359548611111,
    "V1_weightedMixNLL": 0.7864636631944445,
    "V0_deviceDist": 0.6035483506944445,
    "V2_rxPooledMinDist": 0.45273281249999997,
    "VZ_pca_minDist": 0.7632168055555556
  }
}