{
  "train_loss": [
    0.857008175055186,
    0.33889362414677937,
    0.12956866903437508,
    0.03184363440506988,
    0.021387687159909144,
    0.016087560397055414,
    0.01758069855471452,
    0.013213522225204442,
    0.010176104948752457,
    0.009119047188303538,
    0.008684258525156313,
    0.0090295917664965,
    0.00795995435780949,
    0.008609966155038111,
    0.005877480761975877,
    0.005615337516388132,
    0.005162908204106821,
    0.005861666759786507,
    0.004875250685856574,
    0.0032574525335803627,
    0.004019802194347398,
    0.0031203967958895696,
    0.002291025324828095,
    0.0029519604635424913,
    0.003766548311493049,
    0.0026960616491528023,
    0.003284507581136293,
    0.0022212985773674317,
    0.0019544640232601928,
    0.0010848262204995586,
    0.0009396934959416589
  ],
  "train_acc": [
    0.6298611111111111,
    0.8864583333333333,
    0.9583333333333334,
    0.9916666666666667,
    0.9951388888888889,
    0.9965277777777778,
    0.9954861111111111,
    0.9954861111111111,
    0.9972222222222222,
    0.9982638888888888,
    0.9975694444444444,
    0.9975694444444444,
    0.9982638888888888,
    0.9972222222222222,
    0.9986111111111111,
    0.9982638888888888,
    0.9989583333333333,
    0.9982638888888888,
    0.9989583333333333,
    0.9993055555555556,
    0.9986111111111111,
    0.9989583333333333,
    0.9996527777777777,
    0.9996527777777777,
    0.9989583333333333,
    0.9993055555555556,
    0.9986111111111111,
    1.0,
    0.9993055555555556,
    1.0,
    1.0
  ],
  "val_loss": [
    3.396228790283203,
    2.6343194007873536,
    1.5332239627838136,
    1.2437302112579345,
    0.8621917486190795,
    0.7856234312057495,
    0.5588904023170471,
    0.6024459838867188,
    0.4312673151493073,
    0.28448026180267333,
    0.30086427330970766,
    0.20922350585460664,
    0.20145520567893982,
    0.11598944067955017,
    0.11546797007322311,
    0.09589006006717682,
    0.061639418452978136,
    0.048011484742164615,
    0.040118290856480596,
    0.02827927302569151,
    0.02954685389995575,
    0.010179472528398037,
    0.007529408764094114,
    0.018426734767854214,
    0.002201104292180389,
    0.0025589505676180124,
    0.008774834126234055,
    0.003693210636265576,
    0.0030291983392089607,
    0.005087323114275932,
    0.0021133216680027543
  ],
  "val_acc": [
    0.265625,
    0.503125,
    0.73125,
    0.740625,
    0.746875,
    0.75,
    0.79375,
    0.771875,
    0.846875,
    0.884375,
    0.875,
    0.946875,
    0.921875,
    0.9625,
    0.959375,
    0.959375,
    0.98125,
    0.984375,
    0.984375,
    0.990625,
    0.990625,
    0.996875,
    1.0,
    0.99375,
    1.0,
    1.0,
    0.996875,
    1.0,
    1.0,
    0.996875,
    1.0
  ]
}