{
  "fold": 3,
  "acc_in_domain": 0.99375,
  "auc_unknown": 0.9879862500000001,
  "auc_drift_rx": 0.9868759090909092,
  "auc_drift_day": 0.8729721875,
  "tau_id": 0.9732090830802917,
  "tau_dom": 7353.798828125
}