{
  "split": 3,
  "fold": 3,
  "tau_id": -1.487883186340332,
  "tau_dom": 1910.7228881835936,
  "thr_precision": 0.5617792421746294,
  "thr_recall": 0.1705,
  "thr_keep_ratio": 0.1214,
  "topq_precision": 0.39033942558746737,
  "topq_recall": 0.07475,
  "topq_keep_ratio": 0.0766,
  "adapt_stream_size": 10000,
  "thr_size": 1214,
  "topq_size": 766,
  "oracle_size": 4000,
  "NoAdapt": {
    "stable_acc": 0.9904166666666666,
    "drift_acc_rx": 0.6276666666666667,
    "drift_acc_day": 0.8113333333333334,
    "drift_acc_all": 0.7195,
    "FRR_stable": 0.08625000000000005,
    "FAR_unknown_accept": 0.012555555555555556,
    "miss_drift_rx": 0.19133333333333333,
    "miss_drift_day": 0.4706666666666667,
    "miss_drift_all": 0.331,
    "auc_unknown_eval": 0.9700933796296296
  },
  "UngatedAdapt": {
    "stable_acc": 0.9916666666666667,
    "drift_acc_rx": 0.6266666666666667,
    "drift_acc_day": 0.8076666666666666,
    "drift_acc_all": 0.7171666666666666,
    "FRR_stable": 0.07833333333333337,
    "FAR_unknown_accept": 0.015222222222222222,
    "miss_drift_rx": 0.19533333333333333,
    "miss_drift_day": 0.49466666666666664,
    "miss_drift_all": 0.345,
    "auc_unknown_eval": 0.9766246759259261
  },
  "GatedAdapt": {
    "stable_acc": 0.9954166666666666,
    "drift_acc_rx": 0.6286666666666667,
    "drift_acc_day": 0.814,
    "drift_acc_all": 0.7213333333333334,
    "FRR_stable": 0.08125000000000004,
    "FAR_unknown_accept": 0.014444444444444444,
    "miss_drift_rx": 0.19533333333333333,
    "miss_drift_day": 0.4846666666666667,
    "miss_drift_all": 0.34,
    "auc_unknown_eval": 0.971753449074074
  },
  "GatedTopQAdapt": {
    "stable_acc": 0.99375,
    "drift_acc_rx": 0.6283333333333333,
    "drift_acc_day": 0.812,
    "drift_acc_all": 0.7201666666666666,
    "FRR_stable": 0.08250000000000002,
    "FAR_unknown_accept": 0.013888888888888888,
    "miss_drift_rx": 0.19366666666666665,
    "miss_drift_day": 0.481,
    "miss_drift_all": 0.3373333333333333,
    "auc_unknown_eval": 0.970880324074074
  },
  "OracleGateAdapt": {
    "stable_acc": 0.9925,
    "drift_acc_rx": 0.6323333333333333,
    "drift_acc_day": 0.8066666666666666,
    "drift_acc_all": 0.7195,
    "FRR_stable": 0.08083333333333331,
    "FAR_unknown_accept": 0.013444444444444445,
    "miss_drift_rx": 0.19266666666666668,
    "miss_drift_day": 0.48533333333333334,
    "miss_drift_all": 0.339,
    "auc_unknown_eval": 0.9721062037037038
  }
}