{
  "train_loss": [
    0.6728704258247659,
    0.22044401323353802,
    0.08265396142723384,
    0.04358866173360083,
    0.03433537028591942,
    0.025296732948886024,
    0.020663676131516696,
    0.01893244176344187,
    0.015696056835629323,
    0.015098961470303712,
    0.012146358930126385,
    0.013982850225228402,
    0.010769148830634852,
    0.012510877073294034,
    0.007948098625746315,
    0.008064142374011377,
    0.007842455965604771,
    0.00861203762728514,
    0.005820577859412879,
    0.007214499570222364,
    0.007499830888291062,
    0.005967500782571733,
    0.003946118026592389,
    0.003982464396136088,
    0.005627352579634775,
    0.00800391691521293,
    0.0042607516895427746,
    0.005995177527613662,
    0.004167836789403938,
    0.0022968700886445326,
    0.0023288572502443224
  ],
  "train_acc": [
    0.6898148148148148,
    0.9127314814814815,
    0.9719907407407408,
    0.9875,
    0.9899305555555555,
    0.9922453703703704,
    0.9938657407407407,
    0.9939814814814815,
    0.9946759259259259,
    0.9951388888888889,
    0.9969907407407408,
    0.9952546296296296,
    0.9962962962962963,
    0.9964120370370371,
    0.9980324074074074,
    0.997337962962963,
    0.9967592592592592,
    0.9969907407407408,
    0.9982638888888888,
    0.9981481481481481,
    0.9972222222222222,
    0.9984953703703704,
    0.9987268518518518,
    0.9989583333333333,
    0.9983796296296297,
    0.9982638888888888,
    0.9986111111111111,
    0.9981481481481481,
    0.9986111111111111,
    0.9994212962962963,
    0.9991898148148148
  ],
  "val_loss": [
    1.5749379952748617,
    0.717772380510966,
    0.3605788032213847,
    0.2790334006150564,
    0.11448375980059305,
    0.13615816036860148,
    0.14061906933784485,
    0.07808474451303482,
    0.05191496014595032,
    0.04700615306695302,
    0.04058190174400807,
    0.03507917200525602,
    0.027481440144280594,
    0.023560661915689708,
    0.031715588519970576,
    0.04314416317890088,
    0.022463895582283535,
    0.023255160932118695,
    0.02839379111925761,
    0.019624604471027852,
    0.025956815659689405,
    0.027018410153687,
    0.024558712355792524,
    0.021631230468240878,
    0.023812081788976987,
    0.019944949510196843,
    0.019508611876517534,
    0.018537202632675567,
    0.01695721735789751,
    0.0197636157196636,
    0.03145947676772873
  ],
  "val_acc": [
    0.5364583333333334,
    0.771875,
    0.8677083333333333,
    0.8895833333333333,
    0.96875,
    0.9458333333333333,
    0.95,
    0.978125,
    0.984375,
    0.9885416666666667,
    0.9895833333333334,
    0.990625,
    0.9927083333333333,
    0.99375,
    0.9916666666666667,
    0.9875,
    0.9927083333333333,
    0.99375,
    0.9947916666666666,
    0.9947916666666666,
    0.9927083333333333,
    0.9947916666666666,
    0.9958333333333333,
    0.9958333333333333,
    0.9947916666666666,
    0.99375,
    0.9947916666666666,
    0.9947916666666666,
    0.9947916666666666,
    0.9947916666666666,
    0.9947916666666666
  ]
}