{
  "fold": 1,
  "acc": 0.9991666666666666,
  "AUC_u": 0.9445703819444444,
  "AUC_drRX": 0.6808821354166666,
  "AUC_drDAY": 0.5777311458333334
}