{
  "split": 1,
  "fold": 4,
  "acc": 0.9975,
  "auc_drift_rx": 0.9506515567129631,
  "auc_drift_day": 0.8461898958333334,
  "tau_dom": 2737.7121582031086,
  "sid_results": {
    "EmbMaha": {
      "tau_id": -933.9494445800781,
      "auc_unknown": 0.7501133333333334,
      "FRR_stable": 0.0920833333333333,
      "false_drift_stable": 0.042083333333333334,
      "FAR_unknown_accept": 0.33463333333333334,
      "miss_drift": 0.15975,
      "confusion_matrix": [
        [
          2179,
          101,
          120
        ],
        [
          7668,
          5812,
          34520
        ],
        [
          10039,
          6120,
          13841
        ]
      ]
    },
    "Energy": {
      "tau_id": 6.525878667831421,
      "auc_unknown": 0.7511354861111111,
      "FRR_stable": 0.09666666666666668,
      "false_drift_stable": 0.04666666666666667,
      "FAR_unknown_accept": 0.4441333333333333,
      "miss_drift": 0.18972916666666667,
      "confusion_matrix": [
        [
          2168,
          112,
          120
        ],
        [
          9107,
          11742,
          27151
        ],
        [
          13324,
          13307,
          3369
        ]
      ]
    },
    "Fusion_lam0.25": {
      "tau_id": -1.0616412699222564,
      "auc_unknown": 0.76888,
      "FRR_stable": 0.0920833333333333,
      "false_drift_stable": 0.042083333333333334,
      "FAR_unknown_accept": 0.34073333333333333,
      "miss_drift": 0.15133333333333332,
      "confusion_matrix": [
        [
          2179,
          101,
          120
        ],
        [
          7264,
          5825,
          34911
        ],
        [
          10222,
          6149,
          13629
        ]
      ]
    },
    "Fusion_lam0.5": {
      "tau_id": -1.449390387535095,
      "auc_unknown": 0.7811698611111111,
      "FRR_stable": 0.09250000000000003,
      "false_drift_stable": 0.0425,
      "FAR_unknown_accept": 0.3681,
      "miss_drift": 0.15295833333333334,
      "confusion_matrix": [
        [
          2178,
          102,
          120
        ],
        [
          7342,
          5973,
          34685
        ],
        [
          11043,
          6663,
          12294
        ]
      ]
    },
    "Fusion_lam1.0": {
      "tau_id": -2.472001814842224,
      "auc_unknown": 0.77867,
      "FRR_stable": 0.09333333333333338,
      "false_drift_stable": 0.043333333333333335,
      "FAR_unknown_accept": 0.42446666666666666,
      "miss_drift": 0.1596875,
      "confusion_matrix": [
        [
          2176,
          104,
          120
        ],
        [
          7665,
          6332,
          34003
        ],
        [
          12734,
          8962,
          8304
        ]
      ]
    },
    "Fusion_lam1.5": {
      "tau_id": -3.4627516627311707,
      "auc_unknown": 0.7728241319444444,
      "FRR_stable": 0.09499999999999997,
      "false_drift_stable": 0.045,
      "FAR_unknown_accept": 0.4366333333333333,
      "miss_drift": 0.162375,
      "confusion_matrix": [
        [
          2172,
          108,
          120
        ],
        [
          7794,
          6586,
          33620
        ],
        [
          13099,
          9923,
          6978
        ]
      ]
    },
    "Fusion_lam2.0": {
      "tau_id": -4.516684627532959,
      "auc_unknown": 0.7678085763888889,
      "FRR_stable": 0.09499999999999997,
      "false_drift_stable": 0.045,
      "FAR_unknown_accept": 0.43903333333333333,
      "miss_drift": 0.16575,
      "confusion_matrix": [
        [
          2172,
          108,
          120
        ],
        [
          7956,
          6830,
          33214
        ],
        [
          13171,
          10525,
          6304
        ]
      ]
    }
  },
  "best_sid": "Fusion_lam0.5"
}