{
  "train_loss": [
    0.5961667012285303,
    0.19997652173042296,
    0.06632685430899814,
    0.03592920809018391,
    0.024353681004571692,
    0.021497174279971255,
    0.01810620649959202,
    0.016414695395225727,
    0.013421679217437352,
    0.011733260770604291,
    0.011725302106114449,
    0.00880088872552194,
    0.009520722147836178,
    0.0066483662881957435,
    0.006909697972824452,
    0.006125707002529116,
    0.0061760592752964135,
    0.004353420207000993,
    0.004915631446271652,
    0.005244809092902061,
    0.005861291173345375,
    0.006063610546428848,
    0.004427957276520492,
    0.003912295996323573,
    0.001989449784418361,
    0.003483714850584942,
    0.0027859668911400215,
    0.005316884483909235,
    0.0017927135099415426,
    0.0019317721331457572,
    0.003887791788481452,
    0.00207008825339101,
    0.0028622885378017265
  ],
  "train_acc": [
    0.7246527777777778,
    0.914699074074074,
    0.9775462962962963,
    0.9886574074074074,
    0.9929398148148149,
    0.992824074074074,
    0.9945601851851852,
    0.9943287037037037,
    0.9961805555555555,
    0.9958333333333333,
    0.9958333333333333,
    0.9967592592592592,
    0.9962962962962963,
    0.9974537037037037,
    0.997800925925926,
    0.9980324074074074,
    0.9976851851851852,
    0.9988425925925926,
    0.9983796296296297,
    0.9982638888888888,
    0.9979166666666667,
    0.9981481481481481,
    0.9988425925925926,
    0.9987268518518518,
    0.999537037037037,
    0.9991898148148148,
    0.9993055555555556,
    0.9984953703703704,
    0.999537037037037,
    0.9994212962962963,
    0.9988425925925926,
    0.9991898148148148,
    0.9989583333333333
  ],
  "val_loss": [
    1.8161961873372396,
    0.6522955775260926,
    0.2849461446205775,
    0.20375572343667347,
    0.14136572728554408,
    0.13028618494669597,
    0.06777888238430023,
    0.050209513306617735,
    0.032125863184531527,
    0.022877955312530198,
    0.021520547941327094,
    0.01930378725131353,
    0.035347846398750944,
    0.015662433207035066,
    0.018035738077014685,
    0.015213643138607343,
    0.005144040232213835,
    0.015468981179098288,
    0.011767251634349425,
    0.018945934313038985,
    0.006271852273494005,
    0.02287898485859235,
    0.022963241022080184,
    0.014168634607146183,
    0.0037118722490655878,
    0.002742358092412663,
    0.0053792181618822115,
    0.00664285959986349,
    0.0043301765574142335,
    0.0016880775636915737,
    0.003161579868174158,
    0.002139945127419196,
    0.025876157606641453
  ],
  "val_acc": [
    0.5145833333333333,
    0.7385416666666667,
    0.8666666666666667,
    0.921875,
    0.946875,
    0.95,
    0.9802083333333333,
    0.9875,
    0.990625,
    0.99375,
    0.9927083333333333,
    0.9947916666666666,
    0.9885416666666667,
    0.99375,
    0.990625,
    0.9958333333333333,
    0.9979166666666667,
    0.9958333333333333,
    0.996875,
    0.99375,
    0.9989583333333333,
    0.9958333333333333,
    0.990625,
    0.9916666666666667,
    1.0,
    0.9989583333333333,
    0.9989583333333333,
    0.9979166666666667,
    0.9989583333333333,
    1.0,
    0.9989583333333333,
    1.0,
    0.99375
  ]
}