{
  "split": 8,
  "fold": 2,
  "acc": 0.9970833333333333,
  "auc_unknown": 0.9930526041666667,
  "auc_drift_rx": 0.9473134432870371,
  "auc_drift_day": 0.8437424652777779,
  "tau_id": -1.174033761024475,
  "tau_dom": 2434.455078125,
  "FRR_stable": 0.09166666666666667,
  "false_drift_stable": 0.041666666666666664,
  "FAR_unknown_accept": 0.002,
  "miss_drift": 0.17554166666666668,
  "confusion_matrix": [
    [
      2180,
      100,
      120
    ],
    [
      8426,
      7245,
      32329
    ],
    [
      60,
      135,
      29805
    ]
  ]
}