{
  "tau_id": -1.174033761024475,
  "tau_dom": 2434.455078125
}