{
  "split": 3,
  "fold": 5,
  "false_drift_target": 0.2,
  "tau_id": -1.2299550771713257,
  "tau_dom": 960.9478759765625,
  "tau_conf": 0.9993752241134644,
  "pseudo_acc_rx": 0.6184166666666666,
  "pseudo_acc_day": 0.82025,
  "pseudo_acc_all": 0.668875,
  "gate_precision": 0.7260495156081809,
  "gate_recall": 0.33725,
  "gate_keep_ratio": 0.1858,
  "conf_precision": 0.8074656188605108,
  "conf_recall": 0.30825,
  "conf_keep_ratio": 0.1527,
  "conf_keep_given_gate": 0.8218514531754575,
  "adapt_stream_size": 10000,
  "gate_size": 1858,
  "conf_size": 1527,
  "oracle_size": 4000,
  "NoAdapt": {
    "stable_acc": 0.9941666666666666,
    "drift_acc_rx": 0.611,
    "drift_acc_day": 0.823,
    "drift_acc_all": 0.717,
    "FRR_stable": 0.2370833333333333,
    "FAR_unknown_accept": 0.0,
    "miss_drift_rx": 0.09633333333333334,
    "miss_drift_day": 0.298,
    "miss_drift_all": 0.19716666666666666,
    "auc_unknown_eval": 0.9807292592592594
  },
  "UngatedAdapt": {
    "stable_acc": 0.9945833333333334,
    "drift_acc_rx": 0.6133333333333333,
    "drift_acc_day": 0.8166666666666667,
    "drift_acc_all": 0.715,
    "FRR_stable": 0.24750000000000005,
    "FAR_unknown_accept": 0.00011111111111111112,
    "miss_drift_rx": 0.10433333333333333,
    "miss_drift_day": 0.262,
    "miss_drift_all": 0.18316666666666667,
    "auc_unknown_eval": 0.97682375
  },
  "OracleGatePseudoAdapt": {
    "stable_acc": 0.9954166666666666,
    "drift_acc_rx": 0.6103333333333333,
    "drift_acc_day": 0.8263333333333334,
    "drift_acc_all": 0.7183333333333334,
    "FRR_stable": 0.23624999999999996,
    "FAR_unknown_accept": 0.00011111111111111112,
    "miss_drift_rx": 0.10266666666666667,
    "miss_drift_day": 0.31233333333333335,
    "miss_drift_all": 0.2075,
    "auc_unknown_eval": 0.9799806944444444
  },
  "OracleLabelAdapt": {
    "stable_acc": 0.9983333333333333,
    "drift_acc_rx": 0.838,
    "drift_acc_day": 0.9753333333333334,
    "drift_acc_all": 0.9066666666666666,
    "FRR_stable": 0.5858333333333333,
    "FAR_unknown_accept": 0.0,
    "miss_drift_rx": 0.07666666666666666,
    "miss_drift_day": 0.20266666666666666,
    "miss_drift_all": 0.13966666666666666,
    "auc_unknown_eval": 0.7680598148148148
  },
  "GatedAdapt": {
    "stable_acc": 0.9979166666666667,
    "drift_acc_rx": 0.62,
    "drift_acc_day": 0.8476666666666667,
    "drift_acc_all": 0.7338333333333333,
    "FRR_stable": 0.23124999999999996,
    "FAR_unknown_accept": 0.0003333333333333333,
    "miss_drift_rx": 0.09866666666666667,
    "miss_drift_day": 0.31333333333333335,
    "miss_drift_all": 0.206,
    "auc_unknown_eval": 0.9823674074074074
  },
  "GatedConfAdapt": {
    "stable_acc": 0.9979166666666667,
    "drift_acc_rx": 0.6183333333333333,
    "drift_acc_day": 0.847,
    "drift_acc_all": 0.7326666666666667,
    "FRR_stable": 0.23250000000000004,
    "FAR_unknown_accept": 0.0003333333333333333,
    "miss_drift_rx": 0.09866666666666667,
    "miss_drift_day": 0.311,
    "miss_drift_all": 0.20483333333333334,
    "auc_unknown_eval": 0.9829856944444445
  }
}