{
  "split": 3,
  "fold": 5,
  "false_drift_target": 0.1,
  "tau_id": -1.2299550771713257,
  "tau_dom": 1467.2989501953125,
  "tau_conf": 0.9993752241134644,
  "pseudo_acc_rx": 0.6184166666666666,
  "pseudo_acc_day": 0.82025,
  "pseudo_acc_all": 0.668875,
  "gate_precision": 0.6617100371747212,
  "gate_recall": 0.2225,
  "gate_keep_ratio": 0.1345,
  "conf_precision": 0.7687203791469195,
  "conf_recall": 0.20275,
  "conf_keep_ratio": 0.1055,
  "conf_keep_given_gate": 0.7843866171003717,
  "adapt_stream_size": 10000,
  "gate_size": 1345,
  "conf_size": 1055,
  "oracle_size": 4000,
  "NoAdapt": {
    "stable_acc": 0.9941666666666666,
    "drift_acc_rx": 0.611,
    "drift_acc_day": 0.823,
    "drift_acc_all": 0.717,
    "FRR_stable": 0.13916666666666666,
    "FAR_unknown_accept": 0.006333333333333333,
    "miss_drift_rx": 0.17066666666666666,
    "miss_drift_day": 0.43833333333333335,
    "miss_drift_all": 0.3045,
    "auc_unknown_eval": 0.9807292592592594
  },
  "UngatedAdapt": {
    "stable_acc": 0.9945833333333334,
    "drift_acc_rx": 0.6133333333333333,
    "drift_acc_day": 0.8166666666666667,
    "drift_acc_all": 0.715,
    "FRR_stable": 0.15583333333333338,
    "FAR_unknown_accept": 0.00811111111111111,
    "miss_drift_rx": 0.17966666666666667,
    "miss_drift_day": 0.38166666666666665,
    "miss_drift_all": 0.2806666666666667,
    "auc_unknown_eval": 0.97682375
  },
  "OracleGatePseudoAdapt": {
    "stable_acc": 0.9954166666666666,
    "drift_acc_rx": 0.6103333333333333,
    "drift_acc_day": 0.8263333333333334,
    "drift_acc_all": 0.7183333333333334,
    "FRR_stable": 0.13958333333333328,
    "FAR_unknown_accept": 0.0074444444444444445,
    "miss_drift_rx": 0.178,
    "miss_drift_day": 0.45166666666666666,
    "miss_drift_all": 0.31483333333333335,
    "auc_unknown_eval": 0.9799806944444444
  },
  "OracleLabelAdapt": {
    "stable_acc": 0.9983333333333333,
    "drift_acc_rx": 0.838,
    "drift_acc_day": 0.9753333333333334,
    "drift_acc_all": 0.9066666666666666,
    "FRR_stable": 0.55,
    "FAR_unknown_accept": 0.0007777777777777777,
    "miss_drift_rx": 0.13133333333333333,
    "miss_drift_day": 0.246,
    "miss_drift_all": 0.18866666666666668,
    "auc_unknown_eval": 0.7680598148148148
  },
  "GatedAdapt": {
    "stable_acc": 0.9975,
    "drift_acc_rx": 0.6176666666666667,
    "drift_acc_day": 0.848,
    "drift_acc_all": 0.7328333333333333,
    "FRR_stable": 0.13375000000000004,
    "FAR_unknown_accept": 0.006888888888888889,
    "miss_drift_rx": 0.173,
    "miss_drift_day": 0.45566666666666666,
    "miss_drift_all": 0.31433333333333335,
    "auc_unknown_eval": 0.9819758333333333
  },
  "GatedConfAdapt": {
    "stable_acc": 0.9979166666666667,
    "drift_acc_rx": 0.62,
    "drift_acc_day": 0.8466666666666667,
    "drift_acc_all": 0.7333333333333333,
    "FRR_stable": 0.1345833333333334,
    "FAR_unknown_accept": 0.0067777777777777775,
    "miss_drift_rx": 0.17266666666666666,
    "miss_drift_day": 0.456,
    "miss_drift_all": 0.31433333333333335,
    "auc_unknown_eval": 0.9830280555555556
  }
}