{
  "split": 3,
  "fold": 5,
  "false_drift_target": 0.01,
  "tau_id": -1.2299550771713257,
  "tau_dom": 4097.0888671875,
  "tau_conf": 0.9993752241134644,
  "pseudo_acc_rx": 0.6184166666666666,
  "pseudo_acc_day": 0.82025,
  "pseudo_acc_all": 0.668875,
  "gate_precision": 0.5386819484240688,
  "gate_recall": 0.047,
  "gate_keep_ratio": 0.0349,
  "conf_precision": 0.7183673469387755,
  "conf_recall": 0.044,
  "conf_keep_ratio": 0.0245,
  "conf_keep_given_gate": 0.7020057306590258,
  "adapt_stream_size": 10000,
  "gate_size": 349,
  "conf_size": 245,
  "oracle_size": 4000,
  "NoAdapt": {
    "stable_acc": 0.9941666666666666,
    "drift_acc_rx": 0.611,
    "drift_acc_day": 0.823,
    "drift_acc_all": 0.717,
    "FRR_stable": 0.05541666666666667,
    "FAR_unknown_accept": 0.049555555555555554,
    "miss_drift_rx": 0.3433333333333333,
    "miss_drift_day": 0.647,
    "miss_drift_all": 0.49516666666666664,
    "auc_unknown_eval": 0.9807292592592594
  },
  "UngatedAdapt": {
    "stable_acc": 0.9945833333333334,
    "drift_acc_rx": 0.6133333333333333,
    "drift_acc_day": 0.8166666666666667,
    "drift_acc_all": 0.715,
    "FRR_stable": 0.07416666666666671,
    "FAR_unknown_accept": 0.04488888888888889,
    "miss_drift_rx": 0.3006666666666667,
    "miss_drift_day": 0.5563333333333333,
    "miss_drift_all": 0.4285,
    "auc_unknown_eval": 0.97682375
  },
  "OracleGatePseudoAdapt": {
    "stable_acc": 0.9954166666666666,
    "drift_acc_rx": 0.6103333333333333,
    "drift_acc_day": 0.8263333333333334,
    "drift_acc_all": 0.7183333333333334,
    "FRR_stable": 0.05583333333333329,
    "FAR_unknown_accept": 0.05211111111111111,
    "miss_drift_rx": 0.342,
    "miss_drift_day": 0.6606666666666666,
    "miss_drift_all": 0.5013333333333333,
    "auc_unknown_eval": 0.9799806944444444
  },
  "OracleLabelAdapt": {
    "stable_acc": 0.9983333333333333,
    "drift_acc_rx": 0.838,
    "drift_acc_day": 0.9753333333333334,
    "drift_acc_all": 0.9066666666666666,
    "FRR_stable": 0.5395833333333333,
    "FAR_unknown_accept": 0.0064444444444444445,
    "miss_drift_rx": 0.14866666666666667,
    "miss_drift_day": 0.2713333333333333,
    "miss_drift_all": 0.21,
    "auc_unknown_eval": 0.7680598148148148
  },
  "GatedAdapt": {
    "stable_acc": 0.9979166666666667,
    "drift_acc_rx": 0.6193333333333333,
    "drift_acc_day": 0.842,
    "drift_acc_all": 0.7306666666666667,
    "FRR_stable": 0.053749999999999964,
    "FAR_unknown_accept": 0.04722222222222222,
    "miss_drift_rx": 0.3343333333333333,
    "miss_drift_day": 0.6416666666666667,
    "miss_drift_all": 0.488,
    "auc_unknown_eval": 0.9835735648148148
  },
  "GatedConfAdapt": {
    "stable_acc": 0.9966666666666667,
    "drift_acc_rx": 0.6173333333333333,
    "drift_acc_day": 0.8356666666666667,
    "drift_acc_all": 0.7265,
    "FRR_stable": 0.05166666666666664,
    "FAR_unknown_accept": 0.051,
    "miss_drift_rx": 0.3453333333333333,
    "miss_drift_day": 0.6546666666666666,
    "miss_drift_all": 0.5,
    "auc_unknown_eval": 0.9816595370370371
  }
}