{
  "split": 3,
  "fold": 5,
  "false_drift_target": 0.05,
  "tau_id": -1.2299550771713257,
  "tau_dom": 2064.293701171875,
  "tau_conf": 0.9993752241134644,
  "pseudo_acc_rx": 0.6184166666666666,
  "pseudo_acc_day": 0.82025,
  "pseudo_acc_all": 0.668875,
  "gate_precision": 0.704784130688448,
  "gate_recall": 0.151,
  "gate_keep_ratio": 0.0857,
  "conf_precision": 0.8172514619883041,
  "conf_recall": 0.13975,
  "conf_keep_ratio": 0.0684,
  "conf_keep_given_gate": 0.7981330221703618,
  "adapt_stream_size": 10000,
  "gate_size": 857,
  "conf_size": 684,
  "oracle_size": 4000,
  "NoAdapt": {
    "stable_acc": 0.9941666666666666,
    "drift_acc_rx": 0.611,
    "drift_acc_day": 0.823,
    "drift_acc_all": 0.717,
    "FRR_stable": 0.08999999999999997,
    "FAR_unknown_accept": 0.033,
    "miss_drift_rx": 0.24066666666666667,
    "miss_drift_day": 0.5146666666666667,
    "miss_drift_all": 0.37766666666666665,
    "auc_unknown_eval": 0.9807292592592594
  },
  "UngatedAdapt": {
    "stable_acc": 0.9945833333333334,
    "drift_acc_rx": 0.6133333333333333,
    "drift_acc_day": 0.8166666666666667,
    "drift_acc_all": 0.715,
    "FRR_stable": 0.10750000000000004,
    "FAR_unknown_accept": 0.03822222222222222,
    "miss_drift_rx": 0.24633333333333332,
    "miss_drift_day": 0.4533333333333333,
    "miss_drift_all": 0.34983333333333333,
    "auc_unknown_eval": 0.97682375
  },
  "OracleGatePseudoAdapt": {
    "stable_acc": 0.9954166666666666,
    "drift_acc_rx": 0.6103333333333333,
    "drift_acc_day": 0.8263333333333334,
    "drift_acc_all": 0.7183333333333334,
    "FRR_stable": 0.0904166666666667,
    "FAR_unknown_accept": 0.037333333333333336,
    "miss_drift_rx": 0.24633333333333332,
    "miss_drift_day": 0.5283333333333333,
    "miss_drift_all": 0.3873333333333333,
    "auc_unknown_eval": 0.9799806944444444
  },
  "OracleLabelAdapt": {
    "stable_acc": 0.9983333333333333,
    "drift_acc_rx": 0.838,
    "drift_acc_day": 0.9753333333333334,
    "drift_acc_all": 0.9066666666666666,
    "FRR_stable": 0.5404166666666667,
    "FAR_unknown_accept": 0.005,
    "miss_drift_rx": 0.144,
    "miss_drift_day": 0.27066666666666667,
    "miss_drift_all": 0.20733333333333334,
    "auc_unknown_eval": 0.7680598148148148
  },
  "GatedAdapt": {
    "stable_acc": 0.9970833333333333,
    "drift_acc_rx": 0.616,
    "drift_acc_day": 0.8433333333333334,
    "drift_acc_all": 0.7296666666666667,
    "FRR_stable": 0.08499999999999996,
    "FAR_unknown_accept": 0.035222222222222224,
    "miss_drift_rx": 0.244,
    "miss_drift_day": 0.53,
    "miss_drift_all": 0.387,
    "auc_unknown_eval": 0.9816783796296296
  },
  "GatedConfAdapt": {
    "stable_acc": 0.9975,
    "drift_acc_rx": 0.6166666666666667,
    "drift_acc_day": 0.844,
    "drift_acc_all": 0.7303333333333333,
    "FRR_stable": 0.08499999999999996,
    "FAR_unknown_accept": 0.035111111111111114,
    "miss_drift_rx": 0.24366666666666667,
    "miss_drift_day": 0.5283333333333333,
    "miss_drift_all": 0.386,
    "auc_unknown_eval": 0.9820062037037038
  }
}