{
  "split": 2,
  "fold": 2,
  "acc": 0.9979166666666667,
  "auc_unknown": 0.9923603472222222,
  "auc_drift_rx": 0.9248240046296297,
  "auc_drift_day": 0.838808125,
  "tau_id": -1015.3643188476562,
  "tau_dom": 2535.677001953125,
  "FRR_stable": 0.09583333333333333,
  "false_drift_stable": 0.04583333333333333,
  "FAR_unknown_accept": 0.0,
  "miss_drift": 0.24577083333333333,
  "confusion_matrix": [
    [
      2170,
      110,
      120
    ],
    [
      11797,
      6430,
      29773
    ],
    [
      0,
      420,
      29580
    ]
  ]
}