{
  "tau_id": -1015.3643188476562,
  "tau_dom": 2535.677001953125
}