{
  "pseudo_logit_rx": {
    "mean": 0.6089866666666667,
    "std": 0.05361728411208046
  },
  "pseudo_logit_day": {
    "mean": 0.7168933333333334,
    "std": 0.08337245588322321
  },
  "pseudo_logit_all": {
    "mean": 0.6629400000000001,
    "std": 0.05923722328251235
  },
  "pseudo_lp_rx": {
    "mean": 0.61368,
    "std": 0.05113819881241202
  },
  "pseudo_lp_day": {
    "mean": 0.7189733333333334,
    "std": 0.08087729636101015
  },
  "pseudo_lp_all": {
    "mean": 0.6663266666666666,
    "std": 0.05704455334794608
  },
  "pseudo_tri_rx": {
    "mean": 0.6293466666666666,
    "std": 0.045654594998142776
  },
  "pseudo_tri_day": {
    "mean": 0.74836,
    "std": 0.08066638677637393
  },
  "pseudo_tri_all": {
    "mean": 0.6888533333333333,
    "std": 0.05338978928596741
  },
  "tau_id": {
    "mean": -1.342300741672516,
    "std": 0.2407085952533602
  },
  "tau_dom": {
    "mean": 2378.6689501953124,
    "std": 290.7654524082184
  },
  "tau_conf": {
    "mean": 0.9959329962730408,
    "std": 0.004356588879737523
  },
  "variants": {
    "NoAdapt": {
      "stable_acc": {
        "mean": 0.9968666666666667,
        "std": 0.0017524585904126534
      },
      "drift_acc_rx": {
        "mean": 0.6089866666666667,
        "std": 0.05361728411208046
      },
      "drift_acc_day": {
        "mean": 0.7168933333333334,
        "std": 0.08337245588322321
      },
      "drift_acc_all": {
        "mean": 0.6629400000000001,
        "std": 0.05923722328251235
      },
      "FRR_stable": {
        "mean": 0.09465,
        "std": 0.002359025222417077
      },
      "FAR_unknown_accept": {
        "mean": 0.17411555555555555,
        "std": 0.22595925445001125
      },
      "miss_drift_rx": {
        "mean": 0.16304000000000002,
        "std": 0.050039390705945076
      },
      "miss_drift_day": {
        "mean": 0.38567999999999997,
        "std": 0.0712917935124529
      },
      "miss_drift_all": {
        "mean": 0.27436,
        "std": 0.05588246952309821
      },
      "auc_unknown_eval": {
        "mean": 0.8662795277777776,
        "std": 0.15977404883767216
      }
    },
    "UngatedAdapt": {
      "stable_acc": {
        "mean": 0.9972666666666666,
        "std": 0.0016119346554166946
      },
      "drift_acc_rx": {
        "mean": 0.6092799999999999,
        "std": 0.05380323658170265
      },
      "drift_acc_day": {
        "mean": 0.7160666666666667,
        "std": 0.08399846559445132
      },
      "drift_acc_all": {
        "mean": 0.6626733333333332,
        "std": 0.059980320476339936
      },
      "FRR_stable": {
        "mean": 0.12251666666666665,
        "std": 0.0640225090625685
      },
      "FAR_unknown_accept": {
        "mean": 0.1373911111111111,
        "std": 0.19924799392084597
      },
      "miss_drift_rx": {
        "mean": 0.14945333333333333,
        "std": 0.05552295861473282
      },
      "miss_drift_day": {
        "mean": 0.3637466666666667,
        "std": 0.0983694297590014
      },
      "miss_drift_all": {
        "mean": 0.2566,
        "std": 0.07429164750420392
      },
      "auc_unknown_eval": {
        "mean": 0.905070337962963,
        "std": 0.12371826634563624
      }
    },
    "GatedAdapt": {
      "stable_acc": {
        "mean": 0.9977833333333334,
        "std": 0.0013678856352455436
      },
      "drift_acc_rx": {
        "mean": 0.6263466666666667,
        "std": 0.04218019335080283
      },
      "drift_acc_day": {
        "mean": 0.7466400000000002,
        "std": 0.06760637182330606
      },
      "drift_acc_all": {
        "mean": 0.6864933333333333,
        "std": 0.04319180683622506
      },
      "FRR_stable": {
        "mean": 0.09015000000000001,
        "std": 0.003813135192987524
      },
      "FAR_unknown_accept": {
        "mean": 0.17418222222222224,
        "std": 0.22549579258619012
      },
      "miss_drift_rx": {
        "mean": 0.16624000000000003,
        "std": 0.05108716037866614
      },
      "miss_drift_day": {
        "mean": 0.39093333333333335,
        "std": 0.07120998681520888
      },
      "miss_drift_all": {
        "mean": 0.2785866666666667,
        "std": 0.056590382378790986
      },
      "auc_unknown_eval": {
        "mean": 0.8784450805555557,
        "std": 0.1456416012452194
      }
    },
    "GatedSelfSoft": {
      "stable_acc": {
        "mean": 0.9976666666666668,
        "std": 0.0013228756555322973
      },
      "drift_acc_rx": {
        "mean": 0.6308933333333333,
        "std": 0.0386870888597791
      },
      "drift_acc_day": {
        "mean": 0.7567066666666667,
        "std": 0.07210062844540414
      },
      "drift_acc_all": {
        "mean": 0.6938,
        "std": 0.04401219527964191
      },
      "FRR_stable": {
        "mean": 0.1598,
        "std": 0.06484983937271291
      },
      "FAR_unknown_accept": {
        "mean": 0.003431111111111111,
        "std": 0.011922437400978331
      },
      "miss_drift_rx": {
        "mean": 0.135,
        "std": 0.07349424769629555
      },
      "miss_drift_day": {
        "mean": 0.31156,
        "std": 0.10858502945720566
      },
      "miss_drift_all": {
        "mean": 0.22328000000000003,
        "std": 0.08959250613503093
      },
      "auc_unknown_eval": {
        "mean": 0.983143987037037,
        "std": 0.017653573097134258
      }
    },
    "GatedProtoAgree": {
      "stable_acc": {
        "mean": 0.9978333333333333,
        "std": 0.0012801909579780977
      },
      "drift_acc_rx": {
        "mean": 0.6269333333333333,
        "std": 0.04244630595103523
      },
      "drift_acc_day": {
        "mean": 0.7480533333333333,
        "std": 0.06724269014381994
      },
      "drift_acc_all": {
        "mean": 0.6874933333333333,
        "std": 0.04322248591750466
      },
      "FRR_stable": {
        "mean": 0.08990000000000002,
        "std": 0.004002221605280973
      },
      "FAR_unknown_accept": {
        "mean": 0.17410222222222224,
        "std": 0.22532109745433226
      },
      "miss_drift_rx": {
        "mean": 0.16633333333333333,
        "std": 0.05116934846392146
      },
      "miss_drift_day": {
        "mean": 0.39090666666666674,
        "std": 0.07148261762290342
      },
      "miss_drift_all": {
        "mean": 0.27862,
        "std": 0.05691696720272045
      },
      "auc_unknown_eval": {
        "mean": 0.8779566222222224,
        "std": 0.14725253615348952
      }
    },
    "GatedProtoFusionSoft": {
      "stable_acc": {
        "mean": 0.9978666666666668,
        "std": 0.0012094535037684463
      },
      "drift_acc_rx": {
        "mean": 0.6325066666666666,
        "std": 0.037561341829066744
      },
      "drift_acc_day": {
        "mean": 0.7555066666666665,
        "std": 0.07045901062162155
      },
      "drift_acc_all": {
        "mean": 0.6940066666666667,
        "std": 0.0436189683509365
      },
      "FRR_stable": {
        "mean": 0.15868333333333334,
        "std": 0.07278198800374841
      },
      "FAR_unknown_accept": {
        "mean": 0.008022222222222222,
        "std": 0.014648439852880469
      },
      "miss_drift_rx": {
        "mean": 0.13990666666666665,
        "std": 0.0766008714774911
      },
      "miss_drift_day": {
        "mean": 0.33275999999999994,
        "std": 0.10323149906884042
      },
      "miss_drift_all": {
        "mean": 0.23633333333333337,
        "std": 0.08760998167383034
      },
      "auc_unknown_eval": {
        "mean": 0.9679178111111111,
        "std": 0.0572814969460521
      }
    },
    "GatedTriAgree": {
      "stable_acc": {
        "mean": 0.9978333333333335,
        "std": 0.0012527746981977417
      },
      "drift_acc_rx": {
        "mean": 0.6264266666666667,
        "std": 0.04165621415560681
      },
      "drift_acc_day": {
        "mean": 0.7462266666666667,
        "std": 0.06706035225410349
      },
      "drift_acc_all": {
        "mean": 0.6863266666666666,
        "std": 0.04257833251784294
      },
      "FRR_stable": {
        "mean": 0.08993333333333332,