{
  "train_loss": [
    0.2768315502476913,
    0.021880103437298976,
    0.010211117334525894,
    0.008287969242815893,
    0.006957698296065684,
    0.004649841268891813,
    0.004534207019713465,
    0.003745943930698559,
    0.00277045481381248,
    0.0035042390818017777,
    0.003113140322966501,
    0.0022138137553594315,
    0.003203914466710692
  ],
  "train_acc": [
    0.9049768518518518,
    0.996875,
    0.9980324074074074,
    0.997800925925926,
    0.9982638888888888,
    0.9986111111111111,
    0.9986111111111111,
    0.9988425925925926,
    0.9990740740740741,
    0.9984953703703704,
    0.9990740740740741,
    0.9991898148148148,
    0.9991898148148148
  ],
  "val_loss": [
    0.4843017299969991,
    0.10403945147991181,
    0.036848048617442446,
    0.021724811817208926,
    0.004303878902768095,
    0.0044810029367605845,
    0.0023867564528093983,
    0.0033867915083343786,
    0.0021604581580807764,
    0.0022885541829358166,
    0.0019076301008074854,
    0.0025772232410721093,
    0.0015064763406068475
  ],
  "val_acc": [
    0.7989583333333333,
    0.9572916666666667,
    0.990625,
    0.9958333333333333,
    1.0,
    0.9989583333333333,
    0.9989583333333333,
    0.9989583333333333,
    1.0,
    0.9989583333333333,
    0.9989583333333333,
    0.9989583333333333,
    0.9989583333333333
  ]
}