{
  "train_loss": [
    1.4753556788738482,
    1.300563776803693,
    1.22990007584124,
    1.1895529862192002,
    1.1631570869466785,
    1.1400173458347125,
    1.1202421818040003,
    1.1066100439908444,
    1.0915020818393724,
    1.0801418927088136,
    1.0674496048183841,
    1.0550156940573594,
    1.0476962047846385,
    1.0297313375676422,
    1.026524544176368,
    1.0148244894326275,
    1.005564230361792,
    0.9917706043672847,
    0.9837524458791869,
    0.9766668337326992,
    0.9654405593135784,
    0.9545368916508407,
    0.9453923500497653
  ],
  "train_acc": [
    0.4,
    0.483922022775526,
    0.5151129125651419,
    0.5310171781509361,
    0.5428295695811619,
    0.5517853696197645,
    0.5550279868751207,
    0.5611271955221,
    0.5683458791739047,
    0.5734028179888052,
    0.5753329473074696,
    0.5818567844045551,
    0.5800038602586374,
    0.5900019301293187,
    0.5899633275429453,
    0.5954062922215788,
    0.5958695232580583,
    0.6015827060413048,
    0.6059834008878595,
    0.6093804284887088,
    0.6143601621308628,
    0.6151708164447018,
    0.6234703725149585
  ],
  "val_loss": [
    1.3074659930905839,
    1.2171916882970253,
    1.1686815031706417,
    1.1500692410631426,
    1.1298503803660092,
    1.1047525680090007,
    1.0978983668008557,
    1.0923522354580613,
    1.0819929641845576,
    1.0824905888250589,
    1.0777529516180329,
    1.071252651642063,
    1.0654824961383282,
    1.0638419038475677,
    1.0576676102957019,
    1.0761081654632811,
    1.0519170287253543,
    1.0737213954236293,
    1.0622708095785145,
    1.0746740676861326,
    1.0670831073399134,
    1.060816602627381,
    1.071480477245588
  ],
  "val_acc": [
    0.48610145934676857,
    0.5250173731758165,
    0.54864489228631,
    0.5542043085476025,
    0.5576789437109103,
    0.5715774843641418,
    0.5726198749131342,
    0.5757470465601112,
    0.5833912439193885,
    0.5865184155663655,
    0.5778318276580959,
    0.5851285615010424,
    0.5868658790826963,
    0.5854760250173732,
    0.5952050034746351,
    0.5840861709520501,
    0.5931202223766504,
    0.5872133425990271,
    0.5899930507296733,
    0.588950660180681,
    0.5844336344683808,
    0.5945100764419736,
    0.5899930507296733
  ]
}