{
  "fold": 2,
  "acc_in_domain": 0.5353871773522065,
  "auc_unknown_by_Sid": 0.5174087233136059,
  "auc_drift_by_Sdom": 0.566991970315037,
  "tau_id": 0.7530016899108887,
  "tau_dom": 120.25425720214844
}