{
  "tau_id_p05_stable": 0.7530016899108887,
  "tau_dom_p95_stable": 120.25425720214844
}