{
  "split": 3,
  "fold": 5,
  "acc": 0.9983333333333333,
  "auc_drift_rx": 0.9253971006944445,
  "auc_drift_day": 0.8100752083333334,
  "tau_dom": 2035.2969787597654,
  "sid_results": {
    "EmbMaha": {
      "tau_id": -1009.0117950439453,
      "auc_unknown": 0.9920939583333334,
      "FRR_stable": 0.09333333333333338,
      "false_drift_stable": 0.043333333333333335,
      "FAR_unknown_accept": 0.0225,
      "miss_drift": 0.2959791666666667,
      "confusion_matrix": [
        [
          2176,
          104,
          120
        ],
        [
          14207,
          5184,
          28609
        ],
        [
          675,
          1473,
          27852
        ]
      ]
    },
    "Energy": {
      "tau_id": 7.21203646659851,
      "auc_unknown": 0.8863522916666666,
      "FRR_stable": 0.09750000000000003,
      "false_drift_stable": 0.0475,
      "FAR_unknown_accept": 0.060533333333333335,
      "miss_drift": 0.3298125,
      "confusion_matrix": [
        [
          2166,
          114,
          120
        ],
        [
          15831,
          10536,
          21633
        ],
        [
          1816,
          10379,
          17805
        ]
      ]
    },
    "Fusion_lam0.25": {
      "tau_id": -0.9949830949306487,
      "auc_unknown": 0.9944737499999999,
      "FRR_stable": 0.09375,
      "false_drift_stable": 0.04375,
      "FAR_unknown_accept": 0.011966666666666667,
      "miss_drift": 0.2830625,
      "confusion_matrix": [
        [
          2175,
          105,
          120
        ],
        [
          13587,
          4809,
          29604
        ],
        [
          359,
          1416,
          28225
        ]
      ]
    },
    "Fusion_lam0.5": {
      "tau_id": -1.2627895295619964,
      "auc_unknown": 0.9951170138888888,
      "FRR_stable": 0.09416666666666662,
      "false_drift_stable": 0.04416666666666667,
      "FAR_unknown_accept": 0.0115,
      "miss_drift": 0.2855416666666667,
      "confusion_matrix": [
        [
          2174,
          106,
          120
        ],
        [
          13706,
          5023,
          29271
        ],
        [
          345,
          1512,
          28143
        ]
      ]
    },
    "Fusion_lam1.0": {
      "tau_id": -1.9051709353923798,
      "auc_unknown": 0.9954426388888888,
      "FRR_stable": 0.09458333333333335,
      "false_drift_stable": 0.044583333333333336,
      "FAR_unknown_accept": 0.0125,
      "miss_drift": 0.2921666666666667,
      "confusion_matrix": [
        [
          2173,
          107,
          120
        ],
        [
          14024,
          5456,
          28520
        ],
        [
          375,
          2143,
          27482
        ]
      ]
    },
    "Fusion_lam1.5": {
      "tau_id": -2.6570604920387266,
      "auc_unknown": 0.9953505555555555,
      "FRR_stable": 0.09499999999999997,
      "false_drift_stable": 0.045,
      "FAR_unknown_accept": 0.0135,
      "miss_drift": 0.2996875,
      "confusion_matrix": [
        [
          2172,
          108,
          120
        ],
        [
          14385,
          5858,
          27757
        ],
        [
          405,
          2939,
          26656
        ]
      ]
    },
    "Fusion_lam2.0": {
      "tau_id": -3.436247432231903,
      "auc_unknown": 0.994891388888889,
      "FRR_stable": 0.09499999999999997,
      "false_drift_stable": 0.045,
      "FAR_unknown_accept": 0.014166666666666666,
      "miss_drift": 0.3037708333333333,
      "confusion_matrix": [
        [
          2172,
          108,
          120
        ],
        [
          14581,
          6188,
          27231
        ],
        [
          425,
          3184,
          26391
        ]
      ]
    }
  },
  "best_sid": "Fusion_lam1.0"
}