{
  "train_loss": [
    0.49825145918645974,
    0.16743004068180367,
    0.09089527900940106,
    0.06340120454077368,
    0.05124140952564316,
    0.040260345928003025,
    0.03508819264969156,
    0.029565069351897195,
    0.026394976651365008,
    0.02378314776622035,
    0.020817118765855278,
    0.019923779010531252,
    0.019555388411713972,
    0.018832864432400207,
    0.016768298658433108,
    0.014199739831706717,
    0.014544532368287306,
    0.014197669185146138,
    0.01299631380415694,
    0.012192404121850376,
    0.012174715194419991,
    0.01137465694286849,
    0.010156562046239865,
    0.011590037109433777,
    0.009477586025245672,
    0.009989809948537084,
    0.009038188131411135,
    0.009918179487907271
  ],
  "train_acc": [
    0.7926697530864197,
    0.9356867283950617,
    0.9679398148148148,
    0.9779320987654321,
    0.9823302469135803,
    0.9864197530864197,
    0.9877314814814815,
    0.9896604938271605,
    0.9903549382716049,
    0.9920524691358025,
    0.9929783950617284,
    0.9927469135802469,
    0.9928626543209876,
    0.9935185185185185,
    0.9940972222222222,
    0.9948688271604939,
    0.9947145061728395,
    0.9951003086419753,
    0.995679012345679,
    0.9957175925925926,
    0.9959104938271605,
    0.9959104938271605,
    0.9962191358024691,
    0.9957947530864197,
    0.9969907407407408,
    0.996875,
    0.9965663580246914,
    0.9967592592592592
  ],
  "val_loss": [
    0.46546227004792956,
    0.08954680876599418,
    0.1327045285039478,
    0.04939929896758662,
    0.07129478702942531,
    0.06857935330933995,
    0.04063119894514481,
    0.027788289059470925,
    0.029932945472602217,
    0.027262634732243086,
    0.0159558532132198,
    0.021464659400387772,
    0.014033922316998036,
    0.012658294442937605,
    0.015696271875640377,
    0.01218084832912104,
    0.011815656778506108,
    0.013292341588142638,
    0.009471326833914242,
    0.007888123156670998,
    0.008367046497813944,
    0.006574495147085852,
    0.016716416181427322,
    0.010180120038623702,
    0.01628256723116566,
    0.007709230520736633,
    0.007796681779695468,
    0.008185736651891299
  ],
  "val_acc": [
    0.8375,
    0.971875,
    0.9479166666666666,
    0.9857638888888889,
    0.9788194444444445,
    0.978125,
    0.9881944444444445,
    0.9902777777777778,
    0.9916666666666667,
    0.9913194444444444,
    0.9951388888888889,
    0.9913194444444444,
    0.99375,
    0.9958333333333333,
    0.9947916666666666,
    0.9951388888888889,
    0.9958333333333333,
    0.9958333333333333,
    0.9965277777777778,
    0.9972222222222222,
    0.9965277777777778,
    0.996875,
    0.9961805555555555,
    0.9961805555555555,
    0.9961805555555555,
    0.9972222222222222,
    0.996875,
    0.9972222222222222
  ]
}