{
  "fold": 5,
  "acc_in_domain": 0.9959722222222223,
  "auc_unknown": 0.9197625192901234,
  "auc_drift_rx": 0.7046644733796297,
  "auc_drift_day": 0.5567907503858025,
  "tau_id": 0.9304723113775253,
  "tau_dom": 1653.8771606445262
}