{
  "split": 5,
  "fold": 5,
  "tau_id": -1.0639023661613465,
  "tau_dom": 2640.6572631835897,
  "gate_precision": 0.24734982332155478,
  "gate_recall": 0.1925,
  "gate_keep_ratio": 0.3113,
  "adapt_stream_size": 10000,
  "gated_size": 3113,
  "oracle_size": 4000,
  "NoAdapt": {
    "stable_acc": 0.9966666666666667,
    "drift_acc_rx": 0.593,
    "drift_acc_day": 0.6493333333333333,
    "drift_acc_all": 0.6211666666666666,
    "FRR_stable": 0.0920833333333333,
    "FAR_unknown_accept": 0.4478888888888889,
    "miss_drift_rx": 0.10633333333333334,
    "miss_drift_day": 0.336,
    "miss_drift_all": 0.22116666666666668,
    "auc_unknown_eval": 0.54075875
  },
  "UngatedAdapt": {
    "stable_acc": 0.9970833333333333,
    "drift_acc_rx": 0.589,
    "drift_acc_day": 0.6496666666666666,
    "drift_acc_all": 0.6193333333333333,
    "FRR_stable": 0.08625000000000005,
    "FAR_unknown_accept": 0.4494444444444444,
    "miss_drift_rx": 0.10433333333333333,
    "miss_drift_day": 0.3446666666666667,
    "miss_drift_all": 0.2245,
    "auc_unknown_eval": 0.5427732407407407
  },
  "GatedAdapt": {
    "stable_acc": 0.9975,
    "drift_acc_rx": 0.6666666666666666,
    "drift_acc_day": 0.7883333333333333,
    "drift_acc_all": 0.7275,
    "FRR_stable": 0.0854166666666667,
    "FAR_unknown_accept": 0.44733333333333336,
    "miss_drift_rx": 0.10666666666666667,
    "miss_drift_day": 0.346,
    "miss_drift_all": 0.22633333333333333,
    "auc_unknown_eval": 0.5618810416666666
  },
  "OracleGateAdapt": {
    "stable_acc": 0.9966666666666667,
    "drift_acc_rx": 0.586,
    "drift_acc_day": 0.6476666666666666,
    "drift_acc_all": 0.6168333333333333,
    "FRR_stable": 0.09083333333333332,
    "FAR_unknown_accept": 0.44722222222222224,
    "miss_drift_rx": 0.10433333333333333,
    "miss_drift_day": 0.33666666666666667,
    "miss_drift_all": 0.2205,
    "auc_unknown_eval": 0.5438593981481481
  }
}