{
  "split": 3,
  "fold": 2,
  "acc": 0.9958333333333333,
  "auc_drift_rx": 0.9354302719907407,
  "auc_drift_day": 0.8233696180555555,
  "tau_dom": 1958.395928955077,
  "sid_results": {
    "EmbMaha": {
      "tau_id": -1095.5988830566407,
      "auc_unknown": 0.990246736111111,
      "FRR_stable": 0.09125000000000005,
      "false_drift_stable": 0.04125,
      "FAR_unknown_accept": 0.0032333333333333333,
      "miss_drift": 0.29039583333333335,
      "confusion_matrix": [
        [
          2181,
          99,
          120
        ],
        [
          13939,
          7559,
          26502
        ],
        [
          97,
          1432,
          28471
        ]
      ]
    },
    "Energy": {
      "tau_id": 5.672301650047302,
      "auc_unknown": 0.8712707638888888,
      "FRR_stable": 0.0970833333333333,
      "false_drift_stable": 0.04708333333333333,
      "FAR_unknown_accept": 0.04073333333333334,
      "miss_drift": 0.31777083333333334,
      "confusion_matrix": [
        [
          2167,
          113,
          120
        ],
        [
          15253,
          14381,
          18366
        ],
        [
          1222,
          14421,
          14357
        ]
      ]
    },
    "Fusion_lam0.25": {
      "tau_id": -1.2185977935791015,
      "auc_unknown": 0.9906829166666666,
      "FRR_stable": 0.09166666666666667,
      "false_drift_stable": 0.041666666666666664,
      "FAR_unknown_accept": 0.0014,
      "miss_drift": 0.2745,
      "confusion_matrix": [
        [
          2180,
          100,
          120
        ],
        [
          13176,
          7522,
          27302
        ],
        [
          42,
          1324,
          28634
        ]
      ]
    },
    "Fusion_lam0.5": {
      "tau_id": -1.4721425473690033,
      "auc_unknown": 0.9904588194444445,
      "FRR_stable": 0.09250000000000003,
      "false_drift_stable": 0.0425,
      "FAR_unknown_accept": 0.0012666666666666666,
      "miss_drift": 0.27229166666666665,
      "confusion_matrix": [
        [
          2178,
          102,
          120
        ],
        [
          13070,
          7764,
          27166
        ],
        [
          38,
          1490,
          28472
        ]
      ]
    },
    "Fusion_lam1.0": {
      "tau_id": -2.1578700661659242,
      "auc_unknown": 0.989341875,
      "FRR_stable": 0.09333333333333338,
      "false_drift_stable": 0.043333333333333335,
      "FAR_unknown_accept": 0.0013,
      "miss_drift": 0.27670833333333333,
      "confusion_matrix": [
        [
          2176,
          104,
          120
        ],
        [
          13282,
          8278,
          26440
        ],
        [
          39,
          2007,
          27954
        ]
      ]
    },
    "Fusion_lam1.5": {
      "tau_id": -2.941029906272888,
      "auc_unknown": 0.9878401388888889,
      "FRR_stable": 0.09375,
      "false_drift_stable": 0.04375,
      "FAR_unknown_accept": 0.0023666666666666667,
      "miss_drift": 0.2819375,
      "confusion_matrix": [
        [
          2175,
          105,
          120
        ],
        [
          13533,
          8646,
          25821
        ],
        [
          71,
          2545,
          27384
        ]
      ]
    },
    "Fusion_lam2.0": {
      "tau_id": -3.767173099517822,
      "auc_unknown": 0.9861131944444446,
      "FRR_stable": 0.09375,
      "false_drift_stable": 0.04375,
      "FAR_unknown_accept": 0.004033333333333333,
      "miss_drift": 0.2856666666666667,
      "confusion_matrix": [
        [
          2175,
          105,
          120
        ],
        [
          13712,
          8972,
          25316
        ],
        [
          121,
          3022,
          26857
        ]
      ]
    }
  },
  "best_sid": "Fusion_lam0.25"
}