{
  "train_loss": [
    0.5561846318068328,
    0.17593155884080464,
    0.05944975951203593,
    0.040485044679156056,
    0.024579990586196934,
    0.0189736297905997,
    0.017034204292145593,
    0.014221085249273865,
    0.015480661944106773,
    0.012255691254028568,
    0.01126994660158676,
    0.008728267374896893,
    0.009176739414774433,
    0.007350900913028185,
    0.006693210360956275,
    0.005176703930461641,
    0.005218472635735654,
    0.009201764292083681,
    0.005469807416752533,
    0.00654553762956143,
    0.005051219109790744,
    0.0034517373627750204,
    0.005290814631842767
  ],
  "train_acc": [
    0.742824074074074,
    0.9299768518518519,
    0.9814814814814815,
    0.9875,
    0.9920138888888889,
    0.99375,
    0.9952546296296296,
    0.9957175925925926,
    0.9943287037037037,
    0.9961805555555555,
    0.9961805555555555,
    0.997337962962963,
    0.996875,
    0.9982638888888888,
    0.997800925925926,
    0.9982638888888888,
    0.9984953703703704,
    0.9967592592592592,
    0.9975694444444444,
    0.9981481481481481,
    0.9982638888888888,
    0.9987268518518518,
    0.9982638888888888
  ],
  "val_loss": [
    2.4036471207936603,
    0.7758687694867452,
    0.45214982827504474,
    0.14259813725948334,
    0.17362549205621083,
    0.12937409281730652,
    0.09126304189364115,
    0.07949453443288804,
    0.05900999680161476,
    0.04861812541882197,
    0.08302552451690039,
    0.02590511677165826,
    0.036186486234267554,
    0.022113636042922734,
    0.01587222342689832,
    0.02445745375007391,
    0.12310941616694132,
    0.057526413599650064,
    0.050413761784633,
    0.017007361507664125,
    0.03690986645718416,
    0.03317708255102237,
    0.03639544018854698
  ],
  "val_acc": [
    0.4791666666666667,
    0.7270833333333333,
    0.7895833333333333,
    0.9479166666666666,
    0.9291666666666667,
    0.9489583333333333,
    0.9604166666666667,
    0.9802083333333333,
    0.9864583333333333,
    0.9885416666666667,
    0.9645833333333333,
    0.9927083333333333,
    0.99375,
    0.9958333333333333,
    0.996875,
    0.99375,
    0.94375,
    0.9854166666666667,
    0.9864583333333333,
    0.996875,
    0.9916666666666667,
    0.99375,
    0.9927083333333333
  ]
}