{
  "split": 12,
  "fold": 5,
  "acc": 0.99625,
  "auc_unknown": 0.9953975,
  "auc_drift_rx": 0.9451902604166666,
  "auc_drift_day": 0.8435157638888889,
  "tau_id": -1.3231629133224487,
  "tau_dom": 2463.15478515625,
  "FRR_stable": 0.09291666666666665,
  "false_drift_stable": 0.042916666666666665,
  "FAR_unknown_accept": 0.021833333333333333,
  "miss_drift": 0.22941666666666666,
  "confusion_matrix": [
    [
      2177,
      103,
      120
    ],
    [
      11012,
      10751,
      26237
    ],
    [
      655,
      408,
      28937
    ]
  ]
}