{
  "tau_id": -1.3231629133224487,
  "tau_dom": 2463.15478515625
}