{
  "train_loss": [
    0.514264628622267,
    0.14998224162393145,
    0.0609187167275835,
    0.03741740587477883,
    0.028168516161127224,
    0.023857950850355403,
    0.01609695106399832,
    0.017390539466092984,
    0.015067389795418691,
    0.014029778453038523,
    0.01308563317913838,
    0.010959348060984026,
    0.0107849687329252,
    0.010848257945057142,
    0.0088514526590222,
    0.00813329943145315,
    0.007578724550074656,
    0.005632989250847863,
    0.007385451497544569,
    0.004670384547379972,
    0.00570984976840447,
    0.007394703451319839,
    0.003745976703983076,
    0.003612809502778368,
    0.0071309128329933935,
    0.004574453416582266,
    0.0024303024190616,
    0.003482876580717318,
    0.0053664649972536916,
    0.004863252552092524,
    0.0027625433776174084,
    0.0035992107175169858,
    0.0031287020568184004,
    0.002261474788085454,
    0.0019048620296719795,
    0.00584193048201053,
    0.001978508287370291,
    0.004861947251764057,
    0.001631650875788182
  ],
  "train_acc": [
    0.7802083333333333,
    0.9410879629629629,
    0.9792824074074075,
    0.9879629629629629,
    0.9902777777777778,
    0.991550925925926,
    0.9952546296296296,
    0.9934027777777777,
    0.9950231481481482,
    0.9943287037037037,
    0.9956018518518519,
    0.9961805555555555,
    0.9960648148148148,
    0.9956018518518519,
    0.9971064814814815,
    0.9964120370370371,
    0.9980324074074074,
    0.997800925925926,
    0.9972222222222222,
    0.9986111111111111,
    0.9980324074074074,
    0.9967592592592592,
    0.9986111111111111,
    0.9989583333333333,
    0.997800925925926,
    0.9982638888888888,
    0.9991898148148148,
    0.9991898148148148,
    0.9980324074074074,
    0.9983796296296297,
    0.9991898148148148,
    0.9988425925925926,
    0.9990740740740741,
    0.9994212962962963,
    0.9994212962962963,
    0.9980324074074074,
    0.999537037037037,
    0.9982638888888888,
    0.9996527777777777
  ],
  "val_loss": [
    1.6069281419118246,
    0.3742942810058594,
    0.2564291149377823,
    0.08071964681148529,
    0.0649916160851717,
    0.04962817579507828,
    0.037382118341823416,
    0.0470327099164327,
    0.02998743156592051,
    0.04336816156283021,
    0.02620567842386663,
    0.030705521861091257,
    0.03477429275711377,
    0.036322132032364604,
    0.02175367115996778,
    0.018793497393683842,
    0.01777779095864389,
    0.04366332550222675,
    0.007873676915187389,
    0.04016941115260124,
    0.026283963369981695,
    0.008606492930751605,
    0.01645282964843015,
    0.006523562533160051,
    0.010408972285222261,
    0.02164163505464482,
    0.002968869143781679,
    0.010997262608725578,
    0.009480732698769619,
    0.004361164111954471,
    0.0028551003507648904,
    0.004233122562679151,
    0.001050460904176968,
    0.001845105986770553,
    0.00681871328354949,
    0.007324686021032297,
    0.009193284983787938,
    0.0018359621740576888,
    0.0040943041366214555
  ],
  "val_acc": [
    0.5958333333333333,
    0.8791666666666667,
    0.928125,
    0.975,
    0.9802083333333333,
    0.9854166666666667,
    0.9875,
    0.9875,
    0.990625,
    0.9875,
    0.9927083333333333,
    0.9916666666666667,
    0.990625,
    0.9895833333333334,
    0.99375,
    0.99375,
    0.99375,
    0.9885416666666667,
    0.996875,
    0.9895833333333334,
    0.9947916666666666,
    0.996875,
    0.9958333333333333,
    0.996875,
    0.9958333333333333,
    0.9958333333333333,
    0.9979166666666667,
    0.9989583333333333,
    0.9989583333333333,
    0.9979166666666667,
    1.0,
    0.9979166666666667,
    1.0,
    1.0,
    0.9979166666666667,
    0.9989583333333333,
    0.996875,
    0.9989583333333333,
    1.0
  ]
}