{
  "split": 15,
  "fold": 3,
  "acc": 0.9970833333333333,
  "auc_unknown": 0.9920004166666666,
  "auc_drift_rx": 0.9329691435185185,
  "auc_drift_day": 0.848500451388889,
  "tau_id": -0.8451480865478516,
  "tau_dom": 2404.60888671875,
  "FRR_stable": 0.09166666666666667,
  "false_drift_stable": 0.041666666666666664,
  "FAR_unknown_accept": 0.0021,
  "miss_drift": 0.24391666666666667,
  "confusion_matrix": [
    [
      2180,
      100,
      120
    ],
    [
      11708,
      5876,
      30416
    ],
    [
      63,
      996,
      28941
    ]
  ]
}