{
  "tau_id": -0.8451480865478516,
  "tau_dom": 2404.60888671875
}