{
  "split": 1,
  "fold": 2,
  "tau_id": -1.0961707949638366,
  "tau_dom": 2441.9249877929656,
  "tau_conf": 0.9965806722640991,
  "pseudo_acc_rx": 0.57,
  "pseudo_acc_day": 0.711,
  "pseudo_acc_all": 0.6405,
  "gate_precision": 0.24969249692496925,
  "gate_recall": 0.15225,
  "gate_keep_ratio": 0.2439,
  "conf_precision": 0.2497949138638228,
  "conf_recall": 0.15225,
  "conf_keep_ratio": 0.2438,
  "conf_keep_given_gate": 0.999589995899959,
  "adapt_stream_size": 10000,
  "gate_size": 2439,
  "conf_size": 2438,
  "oracle_size": 4000,
  "NoAdapt": {
    "stable_acc": 0.9966666666666667,
    "drift_acc_rx": 0.57,
    "drift_acc_day": 0.711,
    "drift_acc_all": 0.6405,
    "FRR_stable": 0.09624999999999995,
    "FAR_unknown_accept": 0.4855555555555556,
    "miss_drift_rx": 0.09233333333333334,
    "miss_drift_day": 0.332,
    "miss_drift_all": 0.21216666666666667,
    "auc_unknown_eval": 0.6812519907407407
  },
  "UngatedAdapt": {
    "stable_acc": 0.9966666666666667,
    "drift_acc_rx": 0.571,
    "drift_acc_day": 0.7053333333333334,
    "drift_acc_all": 0.6381666666666667,
    "FRR_stable": 0.17374999999999996,
    "FAR_unknown_accept": 0.473,
    "miss_drift_rx": 0.08933333333333333,
    "miss_drift_day": 0.314,
    "miss_drift_all": 0.20166666666666666,
    "auc_unknown_eval": 0.6724234259259259
  },
  "GatedAdapt": {
    "stable_acc": 0.9958333333333333,
    "drift_acc_rx": 0.6346666666666667,
    "drift_acc_day": 0.864,
    "drift_acc_all": 0.7493333333333333,
    "FRR_stable": 0.09333333333333338,
    "FAR_unknown_accept": 0.48377777777777775,
    "miss_drift_rx": 0.09566666666666666,
    "miss_drift_day": 0.356,
    "miss_drift_all": 0.22583333333333333,
    "auc_unknown_eval": 0.6880358564814816
  },
  "GatedConfAdapt": {
    "stable_acc": 0.9958333333333333,
    "drift_acc_rx": 0.6356666666666667,
    "drift_acc_day": 0.8583333333333333,
    "drift_acc_all": 0.747,
    "FRR_stable": 0.09250000000000003,
    "FAR_unknown_accept": 0.48477777777777775,
    "miss_drift_rx": 0.096,
    "miss_drift_day": 0.35833333333333334,
    "miss_drift_all": 0.22716666666666666,
    "auc_unknown_eval": 0.6959337499999999
  },
  "OracleGatePseudoAdapt": {
    "stable_acc": 0.9966666666666667,
    "drift_acc_rx": 0.573,
    "drift_acc_day": 0.7143333333333334,
    "drift_acc_all": 0.6436666666666667,
    "FRR_stable": 0.12250000000000005,
    "FAR_unknown_accept": 0.48155555555555557,
    "miss_drift_rx": 0.09033333333333333,
    "miss_drift_day": 0.3283333333333333,
    "miss_drift_all": 0.20933333333333334,
    "auc_unknown_eval": 0.6892891203703703
  },
  "OracleLabelAdapt": {
    "stable_acc": 0.9975,
    "drift_acc_rx": 0.9156666666666666,
    "drift_acc_day": 0.9893333333333333,
    "drift_acc_all": 0.9525,
    "FRR_stable": 0.2816666666666666,
    "FAR_unknown_accept": 0.093,
    "miss_drift_rx": 0.04733333333333333,
    "miss_drift_day": 0.22233333333333333,
    "miss_drift_all": 0.13483333333333333,
    "auc_unknown_eval": 0.8696358564814816
  }
}