{
  "split": 8,
  "fold": 5,
  "acc": 0.9970833333333333,
  "auc_drift_rx": 0.943059201388889,
  "auc_drift_day": 0.8643902777777777,
  "tau_dom": 2392.88399658203,
  "sid_results": {
    "EmbMaha": {
      "tau_id": -1296.0443725585938,
      "auc_unknown": 0.9895058333333333,
      "FRR_stable": 0.09291666666666665,
      "false_drift_stable": 0.042916666666666665,
      "FAR_unknown_accept": 0.0345,
      "miss_drift": 0.2309375,
      "confusion_matrix": [
        [
          2177,
          103,
          120
        ],
        [
          11085,
          8814,
          28101
        ],
        [
          1035,
          1419,
          27546
        ]
      ]
    },
    "Energy": {
      "tau_id": 5.7735401630401615,
      "auc_unknown": 0.9701493055555557,
      "FRR_stable": 0.0954166666666667,
      "false_drift_stable": 0.04541666666666667,
      "FAR_unknown_accept": 0.040433333333333335,
      "miss_drift": 0.2245625,
      "confusion_matrix": [
        [
          2171,
          109,
          120
        ],
        [
          10779,
          17191,
          20030
        ],
        [
          1213,
          8605,
          20182
        ]
      ]
    },
    "Fusion_lam0.25": {
      "tau_id": -1.0179831624031066,
      "auc_unknown": 0.9919869444444445,
      "FRR_stable": 0.09375,
      "false_drift_stable": 0.04375,
      "FAR_unknown_accept": 0.023666666666666666,
      "miss_drift": 0.2040625,
      "confusion_matrix": [
        [
          2175,
          105,
          120
        ],
        [
          9795,
          8312,
          29893
        ],
        [
          710,
          554,
          28736
        ]
      ]
    },
    "Fusion_lam0.5": {
      "tau_id": -1.1716612160205842,
      "auc_unknown": 0.9929550694444444,
      "FRR_stable": 0.09375,
      "false_drift_stable": 0.04375,
      "FAR_unknown_accept": 0.02033333333333333,
      "miss_drift": 0.18616666666666667,
      "confusion_matrix": [
        [
          2175,
          105,
          120
        ],
        [
          8936,
          8214,
          30850
        ],
        [
          610,
          302,
          29088
        ]
      ]
    },
    "Fusion_lam1.0": {
      "tau_id": -1.7450950741767883,
      "auc_unknown": 0.993827361111111,
      "FRR_stable": 0.09375,
      "false_drift_stable": 0.04375,
      "FAR_unknown_accept": 0.02036666666666667,
      "miss_drift": 0.17929166666666665,
      "confusion_matrix": [
        [
          2175,
          105,
          120
        ],
        [
          8606,
          8753,
          30641
        ],
        [
          611,
          287,
          29102
        ]
      ]
    },
    "Fusion_lam1.5": {
      "tau_id": -2.450899767875671,
      "auc_unknown": 0.9944999999999999,
      "FRR_stable": 0.09375,
      "false_drift_stable": 0.04375,
      "FAR_unknown_accept": 0.021566666666666668,
      "miss_drift": 0.182875,
      "confusion_matrix": [
        [
          2175,
          105,
          120
        ],
        [
          8778,
          9212,
          30010
        ],
        [
          647,
          484,
          28869
        ]
      ]
    },
    "Fusion_lam2.0": {
      "tau_id": -3.2319084286689757,
      "auc_unknown": 0.9948567361111111,
      "FRR_stable": 0.09333333333333338,
      "false_drift_stable": 0.043333333333333335,
      "FAR_unknown_accept": 0.022933333333333333,
      "miss_drift": 0.19077083333333333,
      "confusion_matrix": [
        [
          2176,
          104,
          120
        ],
        [
          9157,
          9646,
          29197
        ],
        [
          688,
          876,
          28436
        ]
      ]
    }
  },
  "best_sid": "Fusion_lam2.0"
}