{
  "train_loss": [
    0.6516161062099316,
    0.2514589679461938,
    0.09399147324815944,
    0.043963657761061634,
    0.029249624673415114,
    0.02739849434475656,
    0.023505054159020936,
    0.01772365515396275,
    0.01486744909995684,
    0.01376250598717619,
    0.011711276051829811,
    0.015339331635860381,
    0.012063247714778064,
    0.011532047549607577,
    0.008520524960045737,
    0.007836644878369515,
    0.00633140092594894,
    0.005512036563811341,
    0.006108140140875346,
    0.006429459325348338,
    0.006089962188896068,
    0.0058455024776911295,
    0.0034974538764260986,
    0.005789975497302495,
    0.004835461986389149,
    0.0048994905265755265,
    0.005026628410754104,
    0.003106246900279075,
    0.0034141551244020875,
    0.0022919234149244233,
    0.0033791966208136055,
    0.007310845929896459,
    0.0041368236355656,
    0.004437129298242292,
    0.005779514972258497
  ],
  "train_acc": [
    0.7085648148148148,
    0.892824074074074,
    0.9679398148148148,
    0.987037037037037,
    0.9896990740740741,
    0.9907407407407407,
    0.9920138888888889,
    0.9944444444444445,
    0.9953703703703703,
    0.9947916666666666,
    0.9961805555555555,
    0.9945601851851852,
    0.9957175925925926,
    0.9960648148148148,
    0.9971064814814815,
    0.9967592592592592,
    0.9979166666666667,
    0.9980324074074074,
    0.9980324074074074,
    0.9975694444444444,
    0.9980324074074074,
    0.9983796296296297,
    0.9991898148148148,
    0.9982638888888888,
    0.9984953703703704,
    0.9983796296296297,
    0.9982638888888888,
    0.9991898148148148,
    0.9987268518518518,
    0.9994212962962963,
    0.9988425925925926,
    0.9975694444444444,
    0.9984953703703704,
    0.9987268518518518,
    0.9981481481481481
  ],
  "val_loss": [
    0.8546969095865885,
    0.6258961280186971,
    0.11151756594578426,
    0.08782285551230112,
    0.14519870976607005,
    0.07113164737820625,
    0.0415125069518884,
    0.03192521476497253,
    0.048456674069166185,
    0.07898037980000178,
    0.04896389606098334,
    0.02198626914372047,
    0.046987984453638394,
    0.04433962733795246,
    0.019827474964161713,
    0.037569051670531435,
    0.026277204044163227,
    0.023754449499150117,
    0.011479506952067215,
    0.017383566374580064,
    0.028423710695157447,
    0.018936867740315697,
    0.011925671136123129,
    0.017744766051570573,
    0.013193164373903225,
    0.010951349028619006,
    0.010317600986066584,
    0.012776214734185488,
    0.03831093764553468,
    0.008215477249662703,
    0.037541267058501644,
    0.014859530170603345,
    0.02857410558499396,
    0.015196884764979284,
    0.022085300507023932
  ],
  "val_acc": [
    0.6552083333333333,
    0.7875,
    0.965625,
    0.9729166666666667,
    0.95625,
    0.9802083333333333,
    0.9854166666666667,
    0.9895833333333334,
    0.9885416666666667,
    0.9791666666666666,
    0.9864583333333333,
    0.9916666666666667,
    0.9885416666666667,
    0.9895833333333334,
    0.9947916666666666,
    0.9916666666666667,
    0.9927083333333333,
    0.990625,
    0.9979166666666667,
    0.9947916666666666,
    0.99375,
    0.9927083333333333,
    0.9979166666666667,
    0.9958333333333333,
    0.996875,
    0.9979166666666667,
    0.9989583333333333,
    0.996875,
    0.990625,
    0.9979166666666667,
    0.9927083333333333,
    0.9979166666666667,
    0.9958333333333333,
    0.9979166666666667,
    0.9916666666666667
  ]
}