{
  "split": 13,
  "fold": 5,
  "acc": 0.9983333333333333,
  "auc_unknown": 0.9993974305555555,
  "auc_drift_rx": 0.9312025925925925,
  "auc_drift_day": 0.8374462847222223,
  "tau_id": -1.352232813835144,
  "tau_dom": 2560.679443359375,
  "FRR_stable": 0.09333333333333338,
  "false_drift_stable": 0.043333333333333335,
  "FAR_unknown_accept": 6.666666666666667e-05,
  "miss_drift": 0.2665208333333333,
  "confusion_matrix": [
    [
      2176,
      104,
      120
    ],
    [
      12793,
      6414,
      28793
    ],
    [
      2,
      5,
      29993
    ]
  ]
}