{
  "tau_id": -1.352232813835144,
  "tau_dom": 2560.679443359375
}