{
  "split": 1,
  "fold": 3,
  "acc": 0.9983333333333333,
  "auc_unknown": 0.8056055555555555,
  "auc_drift_rx": 0.9538233564814814,
  "auc_drift_day": 0.8418842708333333,
  "tau_id": -954.674560546875,
  "tau_dom": 2609.775146484375,
  "FRR_stable": 0.09125000000000005,
  "false_drift_stable": 0.04125,
  "FAR_unknown_accept": 0.08793333333333334,
  "miss_drift": 0.157875,
  "confusion_matrix": [
    [
      2181,
      99,
      120
    ],
    [
      7578,
      6748,
      33674
    ],
    [
      2638,
      9326,
      18036
    ]
  ]
}