{
  "tau_id": -954.674560546875,
  "tau_dom": 2609.775146484375
}