{
  "split": 4,
  "fold": 3,
  "tau_id": -1.5571390628814696,
  "tau_dom": 2432.8787109374985,
  "thr_precision": 0.9281767955801105,
  "thr_recall": 0.126,
  "thr_keep_ratio": 0.0543,
  "topq_precision": 0.9214876033057852,
  "topq_recall": 0.1115,
  "topq_keep_ratio": 0.0484,
  "adapt_stream_size": 10000,
  "thr_size": 543,
  "topq_size": 484,
  "oracle_size": 4000,
  "NoAdapt": {
    "stable_acc": 0.9979166666666667,
    "drift_acc_rx": 0.6133333333333333,
    "drift_acc_day": 0.719,
    "drift_acc_all": 0.6661666666666667,
    "FRR_stable": 0.09583333333333333,
    "FAR_unknown_accept": 0.0005555555555555556,
    "miss_drift_rx": 0.16933333333333334,
    "miss_drift_day": 0.37766666666666665,
    "miss_drift_all": 0.2735,
    "auc_unknown_eval": 0.9975143055555554
  },
  "UngatedAdapt": {
    "stable_acc": 0.9970833333333333,
    "drift_acc_rx": 0.611,
    "drift_acc_day": 0.7193333333333334,
    "drift_acc_all": 0.6651666666666667,
    "FRR_stable": 0.0904166666666667,
    "FAR_unknown_accept": 0.00011111111111111112,
    "miss_drift_rx": 0.16866666666666666,
    "miss_drift_day": 0.38166666666666665,
    "miss_drift_all": 0.27516666666666667,
    "auc_unknown_eval": 0.9961950925925925
  },
  "GatedAdapt": {
    "stable_acc": 0.9979166666666667,
    "drift_acc_rx": 0.6133333333333333,
    "drift_acc_day": 0.7196666666666667,
    "drift_acc_all": 0.6665,
    "FRR_stable": 0.0954166666666667,
    "FAR_unknown_accept": 0.0005555555555555556,
    "miss_drift_rx": 0.16933333333333334,
    "miss_drift_day": 0.37766666666666665,
    "miss_drift_all": 0.2735,
    "auc_unknown_eval": 0.997519074074074
  },
  "GatedTopQAdapt": {
    "stable_acc": 0.9983333333333333,
    "drift_acc_rx": 0.6133333333333333,
    "drift_acc_day": 0.72,
    "drift_acc_all": 0.6666666666666666,
    "FRR_stable": 0.0954166666666667,
    "FAR_unknown_accept": 0.0005555555555555556,
    "miss_drift_rx": 0.16933333333333334,
    "miss_drift_day": 0.37766666666666665,
    "miss_drift_all": 0.2735,
    "auc_unknown_eval": 0.9975223611111111
  },
  "OracleGateAdapt": {
    "stable_acc": 0.9979166666666667,
    "drift_acc_rx": 0.6116666666666667,
    "drift_acc_day": 0.7236666666666667,
    "drift_acc_all": 0.6676666666666666,
    "FRR_stable": 0.0970833333333333,
    "FAR_unknown_accept": 0.0,
    "miss_drift_rx": 0.16666666666666666,
    "miss_drift_day": 0.38066666666666665,
    "miss_drift_all": 0.27366666666666667,
    "auc_unknown_eval": 0.9968347685185185
  }
}