{
  "train_loss": [
    0.7019864820569011,
    0.2244879704619211,
    0.08538022641084092,
    0.05123800104842975,
    0.0380083635871778,
    0.026341549650282344,
    0.023314063669585723,
    0.0193812063880383,
    0.017923544597750755,
    0.013657105367212576,
    0.014697329609606272,
    0.010353364141514344,
    0.01146964113779214,
    0.011511605254072452,
    0.009720426760012044,
    0.009428188859436517,
    0.008264141418926773,
    0.009083388431542584,
    0.007112556845034196,
    0.006027636024361802,
    0.00522370888770277,
    0.006841084695592218,
    0.006827379544761852,
    0.0037653243438976387,
    0.004906628192180679,
    0.0045700070978292266,
    0.00592845983377208,
    0.0035976065065111973,
    0.003674331642243834,
    0.004312836337341482,
    0.0038531628646148695,
    0.003307854180074299
  ],
  "train_acc": [
    0.6753968253968254,
    0.909750566893424,
    0.9726757369614513,
    0.9844671201814059,
    0.9874149659863946,
    0.991156462585034,
    0.9917233560090702,
    0.9926303854875284,
    0.9936507936507937,
    0.9958049886621315,
    0.9937641723356009,
    0.9963718820861678,
    0.9952380952380953,
    0.9954648526077098,
    0.9968253968253968,
    0.9963718820861678,
    0.9967120181405895,
    0.9968253968253968,
    0.9976190476190476,
    0.9985260770975056,
    0.9980725623582767,
    0.9980725623582767,
    0.9977324263038548,
    0.9989795918367347,
    0.9982993197278912,
    0.9985260770975056,
    0.9980725623582767,
    0.9992063492063492,
    0.9989795918367347,
    0.9982993197278912,
    0.9987528344671202,
    0.9989795918367347
  ],
  "val_loss": [
    2.313734307581065,
    1.152243855048199,
    0.46600573622450536,
    0.21039700806140899,
    0.13157147138702627,
    0.10386442040302316,
    0.06726590407137968,
    0.05294819997281444,
    0.04140596423222094,
    0.03850964173978689,
    0.04090126988535025,
    0.031713565492204256,
    0.02085786962843671,
    0.015091374752168752,
    0.012529112562081035,
    0.015903184836616322,
    0.0114435166310595,
    0.012333198708995264,
    0.02313544221070348,
    0.014462115874095838,
    0.014850397841358672,
    0.01599832838591264,
    0.009801654677305902,
    0.008456019444239078,
    0.01290292014576951,
    0.003958640677132168,
    0.008669622922411227,
    0.004172635816123185,
    0.0056827523173023095,
    0.00537239062998976,
    0.01343152859837425,
    0.009375046316192162
  ],
  "val_acc": [
    0.45102040816326533,
    0.613265306122449,
    0.7979591836734694,
    0.9204081632653062,
    0.9510204081632653,
    0.9540816326530612,
    0.9785714285714285,
    0.9775510204081632,
    0.9887755102040816,
    0.9877551020408163,
    0.9918367346938776,
    0.9938775510204082,
    0.9938775510204082,
    0.9928571428571429,
    0.9948979591836735,
    0.9948979591836735,
    0.9959183673469387,
    0.9979591836734694,
    0.9948979591836735,
    0.9948979591836735,
    0.9979591836734694,
    0.9938775510204082,
    0.9979591836734694,
    0.9989795918367347,
    0.9948979591836735,
    0.9989795918367347,
    0.9979591836734694,
    0.9979591836734694,
    0.996938775510204,
    0.9989795918367347,
    0.9959183673469387,
    0.9989795918367347
  ]
}