{
  "fold": 4,
  "acc_in_domain": 0.985,
  "auc_unknown": 0.9548272348484848,
  "auc_drift_rx": 0.6035591540404041,
  "auc_drift_day": 0.5097932575757576,
  "tau_id": 0.9385161936283112,
  "tau_dom_rx": 5669.556665039062,
  "tau_dom_day": 774.0411499023434
}