{
  "tau_id_p05_stable": 0.9385161936283112,
  "tau_dom_rx_p95_stable": 5669.556665039062,
  "tau_dom_day_p95_stable": 774.0411499023434
}