{
  "split": 4,
  "fold": 3,
  "tau_id": -1.4116524755954742,
  "tau_dom": 2432.8787109374985,
  "tau_conf": 0.9990475893020629,
  "pseudo_acc_rx": 0.6003333333333334,
  "pseudo_acc_day": 0.728,
  "pseudo_acc_all": 0.6641666666666667,
  "gate_precision": 0.9316888045540797,
  "gate_recall": 0.12275,
  "gate_keep_ratio": 0.0527,
  "conf_precision": 0.9316888045540797,
  "conf_recall": 0.12275,
  "conf_keep_ratio": 0.0527,
  "conf_keep_given_gate": 1.0,
  "adapt_stream_size": 10000,
  "gate_size": 527,
  "conf_size": 527,
  "oracle_size": 4000,
  "NoAdapt": {
    "stable_acc": 0.9979166666666667,
    "drift_acc_rx": 0.6003333333333334,
    "drift_acc_day": 0.728,
    "drift_acc_all": 0.6641666666666667,
    "FRR_stable": 0.09666666666666668,
    "FAR_unknown_accept": 0.0,
    "miss_drift_rx": 0.17566666666666667,
    "miss_drift_day": 0.37066666666666664,
    "miss_drift_all": 0.27316666666666667,
    "auc_unknown_eval": 0.9971394444444445
  },
  "UngatedAdapt": {
    "stable_acc": 0.9970833333333333,
    "drift_acc_rx": 0.5953333333333334,
    "drift_acc_day": 0.7263333333333334,
    "drift_acc_all": 0.6608333333333334,
    "FRR_stable": 0.14458333333333329,
    "FAR_unknown_accept": 0.0,
    "miss_drift_rx": 0.16833333333333333,
    "miss_drift_day": 0.363,
    "miss_drift_all": 0.26566666666666666,
    "auc_unknown_eval": 0.9952763888888889
  },
  "GatedAdapt": {
    "stable_acc": 0.9979166666666667,
    "drift_acc_rx": 0.6093333333333333,
    "drift_acc_day": 0.7343333333333333,
    "drift_acc_all": 0.6718333333333333,
    "FRR_stable": 0.09166666666666667,
    "FAR_unknown_accept": 0.0,
    "miss_drift_rx": 0.178,
    "miss_drift_day": 0.37633333333333335,
    "miss_drift_all": 0.2771666666666667,
    "auc_unknown_eval": 0.9972353703703702
  },
  "GatedConfAdapt": {
    "stable_acc": 0.9979166666666667,
    "drift_acc_rx": 0.608,
    "drift_acc_day": 0.734,
    "drift_acc_all": 0.671,
    "FRR_stable": 0.09333333333333338,
    "FAR_unknown_accept": 0.0,
    "miss_drift_rx": 0.17866666666666667,
    "miss_drift_day": 0.37633333333333335,
    "miss_drift_all": 0.2775,
    "auc_unknown_eval": 0.9971983796296298
  },
  "OracleGatePseudoAdapt": {
    "stable_acc": 0.9975,
    "drift_acc_rx": 0.6013333333333334,
    "drift_acc_day": 0.7276666666666667,
    "drift_acc_all": 0.6645,
    "FRR_stable": 0.11208333333333331,
    "FAR_unknown_accept": 0.0,
    "miss_drift_rx": 0.15866666666666668,
    "miss_drift_day": 0.3413333333333333,
    "miss_drift_all": 0.25,
    "auc_unknown_eval": 0.9960934722222222
  },
  "OracleLabelAdapt": {
    "stable_acc": 0.99875,
    "drift_acc_rx": 0.9476666666666667,
    "drift_acc_day": 0.9976666666666667,
    "drift_acc_all": 0.9726666666666667,
    "FRR_stable": 0.3208333333333333,
    "FAR_unknown_accept": 0.0,
    "miss_drift_rx": 0.082,
    "miss_drift_day": 0.2,
    "miss_drift_all": 0.141,
    "auc_unknown_eval": 0.9971510648148149
  }
}