{
  "split": 1,
  "fold": 3,
  "tau_id": -1.1246365129947662,
  "tau_dom": 2648.8073364257807,
  "gate_precision": 0.2880583409298086,
  "gate_recall": 0.158,
  "gate_keep_ratio": 0.2194,
  "adapt_stream_size": 10000,
  "gated_size": 2194,
  "oracle_size": 4000,
  "NoAdapt": {
    "stable_acc": 0.9975,
    "drift_acc_rx": 0.6043333333333333,
    "drift_acc_day": 0.693,
    "drift_acc_all": 0.6486666666666666,
    "FRR_stable": 0.09291666666666665,
    "FAR_unknown_accept": 0.1,
    "miss_drift_rx": 0.09833333333333333,
    "miss_drift_day": 0.3566666666666667,
    "miss_drift_all": 0.2275,
    "auc_unknown_eval": 0.8456427314814814
  },
  "UngatedAdapt": {
    "stable_acc": 0.9983333333333333,
    "drift_acc_rx": 0.5976666666666667,
    "drift_acc_day": 0.704,
    "drift_acc_all": 0.6508333333333334,
    "FRR_stable": 0.08750000000000002,
    "FAR_unknown_accept": 0.09455555555555556,
    "miss_drift_rx": 0.102,
    "miss_drift_day": 0.36733333333333335,
    "miss_drift_all": 0.23466666666666666,
    "auc_unknown_eval": 0.8489522453703703
  },
  "GatedAdapt": {
    "stable_acc": 0.99875,
    "drift_acc_rx": 0.613,
    "drift_acc_day": 0.721,
    "drift_acc_all": 0.667,
    "FRR_stable": 0.0904166666666667,
    "FAR_unknown_accept": 0.10066666666666667,
    "miss_drift_rx": 0.09866666666666667,
    "miss_drift_day": 0.358,
    "miss_drift_all": 0.22833333333333333,
    "auc_unknown_eval": 0.8463399537037037
  },
  "OracleGateAdapt": {
    "stable_acc": 0.9979166666666667,
    "drift_acc_rx": 0.6016666666666667,
    "drift_acc_day": 0.7113333333333334,
    "drift_acc_all": 0.6565,
    "FRR_stable": 0.08625000000000005,
    "FAR_unknown_accept": 0.101,
    "miss_drift_rx": 0.10133333333333333,
    "miss_drift_day": 0.37033333333333335,
    "miss_drift_all": 0.23583333333333334,
    "auc_unknown_eval": 0.8531403703703704
  }
}