{
  "split": 3,
  "fold": 2,
  "false_drift_target": 0.2,
  "tau_id": -1.2174711227416992,
  "tau_dom": 946.195068359375,
  "tau_conf": 0.9996248483657837,
  "pseudo_acc_rx": 0.58525,
  "pseudo_acc_day": 0.7636666666666667,
  "pseudo_acc_all": 0.6298541666666667,
  "gate_precision": 0.763086886130599,
  "gate_recall": 0.3535,
  "gate_keep_ratio": 0.1853,
  "conf_precision": 0.8063380281690141,
  "conf_recall": 0.3435,
  "conf_keep_ratio": 0.1704,
  "conf_keep_given_gate": 0.91958985429034,
  "adapt_stream_size": 10000,
  "gate_size": 1853,
  "conf_size": 1704,
  "oracle_size": 4000,
  "NoAdapt": {
    "stable_acc": 0.9954166666666666,
    "drift_acc_rx": 0.5946666666666667,
    "drift_acc_day": 0.7703333333333333,
    "drift_acc_all": 0.6825,
    "FRR_stable": 0.23916666666666664,
    "FAR_unknown_accept": 0.0,
    "miss_drift_rx": 0.06433333333333334,
    "miss_drift_day": 0.20033333333333334,
    "miss_drift_all": 0.13233333333333333,
    "auc_unknown_eval": 0.9790129629629629
  },
  "UngatedAdapt": {
    "stable_acc": 0.995,
    "drift_acc_rx": 0.595,
    "drift_acc_day": 0.7713333333333333,
    "drift_acc_all": 0.6831666666666667,
    "FRR_stable": 0.2466666666666667,
    "FAR_unknown_accept": 0.0,
    "miss_drift_rx": 0.06366666666666666,
    "miss_drift_day": 0.216,
    "miss_drift_all": 0.13983333333333334,
    "auc_unknown_eval": 0.9814267592592592
  },
  "OracleGatePseudoAdapt": {
    "stable_acc": 0.995,
    "drift_acc_rx": 0.5926666666666667,
    "drift_acc_day": 0.7713333333333333,
    "drift_acc_all": 0.682,
    "FRR_stable": 0.27208333333333334,
    "FAR_unknown_accept": 0.00011111111111111112,
    "miss_drift_rx": 0.06166666666666667,
    "miss_drift_day": 0.191,
    "miss_drift_all": 0.12633333333333333,
    "auc_unknown_eval": 0.967291574074074
  },
  "OracleLabelAdapt": {
    "stable_acc": 0.995,
    "drift_acc_rx": 0.832,
    "drift_acc_day": 0.938,
    "drift_acc_all": 0.885,
    "FRR_stable": 0.6083333333333334,
    "FAR_unknown_accept": 0.0,
    "miss_drift_rx": 0.011333333333333334,
    "miss_drift_day": 0.09433333333333334,
    "miss_drift_all": 0.052833333333333336,
    "auc_unknown_eval": 0.7241046296296296
  },
  "GatedAdapt": {
    "stable_acc": 0.9958333333333333,
    "drift_acc_rx": 0.606,
    "drift_acc_day": 0.7826666666666666,
    "drift_acc_all": 0.6943333333333334,
    "FRR_stable": 0.23416666666666663,
    "FAR_unknown_accept": 0.0003333333333333333,
    "miss_drift_rx": 0.065,
    "miss_drift_day": 0.20933333333333334,
    "miss_drift_all": 0.13716666666666666,
    "auc_unknown_eval": 0.9790050462962964
  },
  "GatedConfAdapt": {
    "stable_acc": 0.9958333333333333,
    "drift_acc_rx": 0.6053333333333333,
    "drift_acc_day": 0.783,
    "drift_acc_all": 0.6941666666666667,
    "FRR_stable": 0.2366666666666667,
    "FAR_unknown_accept": 0.00011111111111111112,
    "miss_drift_rx": 0.065,
    "miss_drift_day": 0.207,
    "miss_drift_all": 0.136,
    "auc_unknown_eval": 0.9788832638888888
  }
}