{
  "split": 3,
  "fold": 2,
  "false_drift_target": 0.01,
  "tau_id": -1.2174711227416992,
  "tau_dom": 3942.762939453125,
  "tau_conf": 0.9996248483657837,
  "pseudo_acc_rx": 0.58525,
  "pseudo_acc_day": 0.7636666666666667,
  "pseudo_acc_all": 0.6298541666666667,
  "gate_precision": 0.36363636363636365,
  "gate_recall": 0.043,
  "gate_keep_ratio": 0.0473,
  "conf_precision": 0.434010152284264,
  "conf_recall": 0.04275,
  "conf_keep_ratio": 0.0394,
  "conf_keep_given_gate": 0.8329809725158562,
  "adapt_stream_size": 10000,
  "gate_size": 473,
  "conf_size": 394,
  "oracle_size": 4000,
  "NoAdapt": {
    "stable_acc": 0.9954166666666666,
    "drift_acc_rx": 0.5946666666666667,
    "drift_acc_day": 0.7703333333333333,
    "drift_acc_all": 0.6825,
    "FRR_stable": 0.05500000000000005,
    "FAR_unknown_accept": 0.02288888888888889,
    "miss_drift_rx": 0.2986666666666667,
    "miss_drift_day": 0.5876666666666667,
    "miss_drift_all": 0.44316666666666665,
    "auc_unknown_eval": 0.9790129629629629
  },
  "UngatedAdapt": {
    "stable_acc": 0.995,
    "drift_acc_rx": 0.595,
    "drift_acc_day": 0.7713333333333333,
    "drift_acc_all": 0.6831666666666667,
    "FRR_stable": 0.06708333333333338,
    "FAR_unknown_accept": 0.013444444444444445,
    "miss_drift_rx": 0.2803333333333333,
    "miss_drift_day": 0.6003333333333334,
    "miss_drift_all": 0.44033333333333335,
    "auc_unknown_eval": 0.9814267592592592
  },
  "OracleGatePseudoAdapt": {
    "stable_acc": 0.995,
    "drift_acc_rx": 0.5926666666666667,
    "drift_acc_day": 0.7713333333333333,
    "drift_acc_all": 0.682,
    "FRR_stable": 0.09999999999999998,
    "FAR_unknown_accept": 0.020444444444444446,
    "miss_drift_rx": 0.25233333333333335,
    "miss_drift_day": 0.56,
    "miss_drift_all": 0.4061666666666667,
    "auc_unknown_eval": 0.967291574074074
  },
  "OracleLabelAdapt": {
    "stable_acc": 0.995,
    "drift_acc_rx": 0.832,
    "drift_acc_day": 0.938,
    "drift_acc_all": 0.885,
    "FRR_stable": 0.5233333333333333,
    "FAR_unknown_accept": 0.0071111111111111115,
    "miss_drift_rx": 0.07066666666666667,
    "miss_drift_day": 0.26966666666666667,
    "miss_drift_all": 0.17016666666666666,
    "auc_unknown_eval": 0.7241046296296296
  },
  "GatedAdapt": {
    "stable_acc": 0.9958333333333333,
    "drift_acc_rx": 0.605,
    "drift_acc_day": 0.7756666666666666,
    "drift_acc_all": 0.6903333333333334,
    "FRR_stable": 0.05166666666666664,
    "FAR_unknown_accept": 0.023444444444444445,
    "miss_drift_rx": 0.2996666666666667,
    "miss_drift_day": 0.5933333333333334,
    "miss_drift_all": 0.4465,
    "auc_unknown_eval": 0.9789205555555555
  },
  "GatedConfAdapt": {
    "stable_acc": 0.9958333333333333,
    "drift_acc_rx": 0.605,
    "drift_acc_day": 0.779,
    "drift_acc_all": 0.692,
    "FRR_stable": 0.05125000000000002,
    "FAR_unknown_accept": 0.02277777777777778,
    "miss_drift_rx": 0.299,
    "miss_drift_day": 0.593,
    "miss_drift_all": 0.446,
    "auc_unknown_eval": 0.9792879629629629
  }
}