{
  "split": 3,
  "fold": 2,
  "false_drift_target": 0.1,
  "tau_id": -1.2174711227416992,
  "tau_dom": 1454.4193115234375,
  "tau_conf": 0.9996248483657837,
  "pseudo_acc_rx": 0.58525,
  "pseudo_acc_day": 0.7636666666666667,
  "pseudo_acc_all": 0.6298541666666667,
  "gate_precision": 0.6756152125279642,
  "gate_recall": 0.2265,
  "gate_keep_ratio": 0.1341,
  "conf_precision": 0.7321281840591619,
  "conf_recall": 0.22275,
  "conf_keep_ratio": 0.1217,
  "conf_keep_given_gate": 0.9075316927665921,
  "adapt_stream_size": 10000,
  "gate_size": 1341,
  "conf_size": 1217,
  "oracle_size": 4000,
  "NoAdapt": {
    "stable_acc": 0.9954166666666666,
    "drift_acc_rx": 0.5946666666666667,
    "drift_acc_day": 0.7703333333333333,
    "drift_acc_all": 0.6825,
    "FRR_stable": 0.14041666666666663,
    "FAR_unknown_accept": 0.0007777777777777777,
    "miss_drift_rx": 0.14933333333333335,
    "miss_drift_day": 0.364,
    "miss_drift_all": 0.25666666666666665,
    "auc_unknown_eval": 0.9790129629629629
  },
  "UngatedAdapt": {
    "stable_acc": 0.995,
    "drift_acc_rx": 0.595,
    "drift_acc_day": 0.7713333333333333,
    "drift_acc_all": 0.6831666666666667,
    "FRR_stable": 0.1495833333333333,
    "FAR_unknown_accept": 0.0013333333333333333,
    "miss_drift_rx": 0.14933333333333335,
    "miss_drift_day": 0.379,
    "miss_drift_all": 0.26416666666666666,
    "auc_unknown_eval": 0.9814267592592592
  },
  "OracleGatePseudoAdapt": {
    "stable_acc": 0.995,
    "drift_acc_rx": 0.5926666666666667,
    "drift_acc_day": 0.7713333333333333,
    "drift_acc_all": 0.682,
    "FRR_stable": 0.18374999999999997,
    "FAR_unknown_accept": 0.00011111111111111112,
    "miss_drift_rx": 0.14166666666666666,
    "miss_drift_day": 0.3413333333333333,
    "miss_drift_all": 0.2415,
    "auc_unknown_eval": 0.967291574074074
  },
  "OracleLabelAdapt": {
    "stable_acc": 0.995,
    "drift_acc_rx": 0.832,
    "drift_acc_day": 0.938,
    "drift_acc_all": 0.885,
    "FRR_stable": 0.5654166666666667,
    "FAR_unknown_accept": 0.0,
    "miss_drift_rx": 0.039,
    "miss_drift_day": 0.19033333333333333,
    "miss_drift_all": 0.11466666666666667,
    "auc_unknown_eval": 0.7241046296296296
  },
  "GatedAdapt": {
    "stable_acc": 0.9958333333333333,
    "drift_acc_rx": 0.606,
    "drift_acc_day": 0.7816666666666666,
    "drift_acc_all": 0.6938333333333333,
    "FRR_stable": 0.13624999999999998,
    "FAR_unknown_accept": 0.0011111111111111111,
    "miss_drift_rx": 0.15033333333333335,
    "miss_drift_day": 0.37166666666666665,
    "miss_drift_all": 0.261,
    "auc_unknown_eval": 0.9788496296296296
  },
  "GatedConfAdapt": {
    "stable_acc": 0.9958333333333333,
    "drift_acc_rx": 0.6053333333333333,
    "drift_acc_day": 0.778,
    "drift_acc_all": 0.6916666666666667,
    "FRR_stable": 0.13624999999999998,
    "FAR_unknown_accept": 0.0011111111111111111,
    "miss_drift_rx": 0.15033333333333335,
    "miss_drift_day": 0.37166666666666665,
    "miss_drift_all": 0.261,
    "auc_unknown_eval": 0.9789568055555555
  }
}