{
  "split": 3,
  "fold": 2,
  "false_drift_target": 0.05,
  "tau_id": -1.2174711227416992,
  "tau_dom": 1974.7137451171875,
  "tau_conf": 0.9996248483657837,
  "pseudo_acc_rx": 0.58525,
  "pseudo_acc_day": 0.7636666666666667,
  "pseudo_acc_all": 0.6298541666666667,
  "gate_precision": 0.5924855491329479,
  "gate_recall": 0.15375,
  "gate_keep_ratio": 0.1038,
  "conf_precision": 0.6594360086767896,
  "conf_recall": 0.152,
  "conf_keep_ratio": 0.0922,
  "conf_keep_given_gate": 0.8882466281310212,
  "adapt_stream_size": 10000,
  "gate_size": 1038,
  "conf_size": 922,
  "oracle_size": 4000,
  "NoAdapt": {
    "stable_acc": 0.9954166666666666,
    "drift_acc_rx": 0.5946666666666667,
    "drift_acc_day": 0.7703333333333333,
    "drift_acc_all": 0.6825,
    "FRR_stable": 0.09125000000000005,
    "FAR_unknown_accept": 0.0024444444444444444,
    "miss_drift_rx": 0.20866666666666667,
    "miss_drift_day": 0.4553333333333333,
    "miss_drift_all": 0.332,
    "auc_unknown_eval": 0.9790129629629629
  },
  "UngatedAdapt": {
    "stable_acc": 0.995,
    "drift_acc_rx": 0.595,
    "drift_acc_day": 0.7713333333333333,
    "drift_acc_all": 0.6831666666666667,
    "FRR_stable": 0.10124999999999995,
    "FAR_unknown_accept": 0.0038888888888888888,
    "miss_drift_rx": 0.19666666666666666,
    "miss_drift_day": 0.4696666666666667,
    "miss_drift_all": 0.33316666666666667,
    "auc_unknown_eval": 0.9814267592592592
  },
  "OracleGatePseudoAdapt": {
    "stable_acc": 0.995,
    "drift_acc_rx": 0.5926666666666667,
    "drift_acc_day": 0.7713333333333333,
    "drift_acc_all": 0.682,
    "FRR_stable": 0.13541666666666663,
    "FAR_unknown_accept": 0.0005555555555555556,
    "miss_drift_rx": 0.18433333333333332,
    "miss_drift_day": 0.43066666666666664,
    "miss_drift_all": 0.3075,
    "auc_unknown_eval": 0.967291574074074
  },
  "OracleLabelAdapt": {
    "stable_acc": 0.995,
    "drift_acc_rx": 0.832,
    "drift_acc_day": 0.938,
    "drift_acc_all": 0.885,
    "FRR_stable": 0.5408333333333333,
    "FAR_unknown_accept": 0.0,
    "miss_drift_rx": 0.058333333333333334,
    "miss_drift_day": 0.25133333333333335,
    "miss_drift_all": 0.15483333333333332,
    "auc_unknown_eval": 0.7241046296296296
  },
  "GatedAdapt": {
    "stable_acc": 0.9958333333333333,
    "drift_acc_rx": 0.605,
    "drift_acc_day": 0.7796666666666666,
    "drift_acc_all": 0.6923333333333334,
    "FRR_stable": 0.08666666666666667,
    "FAR_unknown_accept": 0.0025555555555555557,
    "miss_drift_rx": 0.21133333333333335,
    "miss_drift_day": 0.464,
    "miss_drift_all": 0.33766666666666667,
    "auc_unknown_eval": 0.9790868981481481
  },
  "GatedConfAdapt": {
    "stable_acc": 0.9966666666666667,
    "drift_acc_rx": 0.606,
    "drift_acc_day": 0.782,
    "drift_acc_all": 0.694,
    "FRR_stable": 0.08708333333333329,
    "FAR_unknown_accept": 0.0024444444444444444,
    "miss_drift_rx": 0.21066666666666667,
    "miss_drift_day": 0.4646666666666667,
    "miss_drift_all": 0.33766666666666667,
    "auc_unknown_eval": 0.9791836111111112
  }
}