{
  "train_loss": [
    0.6101024832990435,
    0.193688025297942,
    0.0826456313331922,
    0.04430164732728843,
    0.03792088165603302,
    0.02662633220768637,
    0.020714200394986955,
    0.017291827580926043,
    0.015456903196388372,
    0.015488433044541765,
    0.011280334782269266,
    0.013239788397698215,
    0.010604491779856659,
    0.010755376303051081,
    0.009237054667297613,
    0.009663009611648265,
    0.007685306584634991,
    0.006919698155467847,
    0.006425647062456442,
    0.005981477435583387,
    0.00759967604600307,
    0.005962783079680607,
    0.00560915549458177,
    0.005959477527412
  ],
  "train_acc": [
    0.7284722222222222,
    0.9215277777777777,
    0.9724537037037037,
    0.9863425925925926,
    0.9878472222222222,
    0.9921296296296296,
    0.9930555555555556,
    0.9945601851851852,
    0.9952546296296296,
    0.9949074074074075,
    0.9967592592592592,
    0.9957175925925926,
    0.9965277777777778,
    0.996875,
    0.9967592592592592,
    0.9969907407407408,
    0.9980324074074074,
    0.9972222222222222,
    0.9975694444444444,
    0.9980324074074074,
    0.9971064814814815,
    0.9981481481481481,
    0.9976851851851852,
    0.9975694444444444
  ],
  "val_loss": [
    2.5141018867492675,
    1.14190567334493,
    0.3299235900243123,
    0.2256109615166982,
    0.09816625068585078,
    0.09397743716835975,
    0.08764482215046883,
    0.07077040088673432,
    0.043931677689154944,
    0.06300057799865802,
    0.04360398811598619,
    0.05466605760157108,
    0.04040512802700202,
    0.04757507254059116,
    0.027045646371940773,
    0.013481908151879907,
    0.017094966551909844,
    0.019749923857549825,
    0.025557243234167495,
    0.02147084251046181,
    0.02762466366402805,
    0.023057589555780092,
    0.024600151142415903,
    0.02508195658835272
  ],
  "val_acc": [
    0.4895833333333333,
    0.6875,
    0.8645833333333334,
    0.9145833333333333,
    0.9770833333333333,
    0.9697916666666667,
    0.971875,
    0.9802083333333333,
    0.984375,
    0.9833333333333333,
    0.9854166666666667,
    0.9833333333333333,
    0.9875,
    0.9854166666666667,
    0.9916666666666667,
    0.99375,
    0.99375,
    0.9916666666666667,
    0.990625,
    0.99375,
    0.9916666666666667,
    0.9927083333333333,
    0.9885416666666667,
    0.99375
  ]
}