{
  "fold": 5,
  "acc_in_domain": 0.9920833333333333,
  "auc_unknown": 0.9683202083333334,
  "auc_drift_rx": 0.6748596006944445,
  "auc_drift_day": 0.5748500347222222,
  "tau_id": 0.9567308604717255,
  "tau_dom_rx": 2709.53839111328,
  "tau_dom_day": 564.2015777587886
}