{
  "tau_id_p05_stable": 0.9567308604717255,
  "tau_dom_rx_p95_stable": 2709.53839111328,
  "tau_dom_day_p95_stable": 564.2015777587886
}