{
  "split": 6,
  "fold": 5,
  "acc": 0.9945833333333334,
  "auc_drift_rx": 0.9370876446759258,
  "auc_drift_day": 0.8492228125,
  "tau_dom": 2336.436865234369,
  "sid_results": {
    "EmbMaha": {
      "tau_id": -1225.9001831054688,
      "auc_unknown": 0.9882061805555556,
      "FRR_stable": 0.09499999999999997,
      "false_drift_stable": 0.045,
      "FAR_unknown_accept": 0.004866666666666667,
      "miss_drift": 0.27170833333333333,
      "confusion_matrix": [
        [
          2172,
          108,
          120
        ],
        [
          13042,
          8571,
          26387
        ],
        [
          146,
          1726,
          28128
        ]
      ]
    },
    "Energy": {
      "tau_id": 6.936762261390686,
      "auc_unknown": 0.6847311458333334,
      "FRR_stable": 0.09416666666666662,
      "false_drift_stable": 0.04416666666666667,
      "FAR_unknown_accept": 0.066,
      "miss_drift": 0.2841666666666667,
      "confusion_matrix": [
        [
          2174,
          106,
          120
        ],
        [
          13640,
          14368,
          19992
        ],
        [
          1980,
          11820,
          16200
        ]
      ]
    },
    "Fusion_lam0.25": {
      "tau_id": -1.017697036266327,
      "auc_unknown": 0.9884611111111111,
      "FRR_stable": 0.09458333333333335,
      "false_drift_stable": 0.044583333333333336,
      "FAR_unknown_accept": 0.005333333333333333,
      "miss_drift": 0.2682083333333333,
      "confusion_matrix": [
        [
          2173,
          107,
          120
        ],
        [
          12874,
          8548,
          26578
        ],
        [
          160,
          1599,
          28241
        ]
      ]
    },
    "Fusion_lam0.5": {
      "tau_id": -1.1944757878780365,
      "auc_unknown": 0.987477013888889,
      "FRR_stable": 0.09416666666666662,
      "false_drift_stable": 0.04416666666666667,
      "FAR_unknown_accept": 0.006966666666666667,
      "miss_drift": 0.2654375,
      "confusion_matrix": [
        [
          2174,
          106,
          120
        ],
        [
          12741,
          8525,
          26734
        ],
        [
          209,
          1636,
          28155
        ]
      ]
    },
    "Fusion_lam1.0": {
      "tau_id": -1.701643043756485,
      "auc_unknown": 0.982096736111111,
      "FRR_stable": 0.09333333333333338,
      "false_drift_stable": 0.043333333333333335,
      "FAR_unknown_accept": 0.0129,
      "miss_drift": 0.2627083333333333,
      "confusion_matrix": [
        [
          2176,
          104,
          120
        ],
        [
          12610,
          8583,
          26807
        ],
        [
          387,
          2329,
          27284
        ]
      ]
    },
    "Fusion_lam1.5": {
      "tau_id": -2.2504226207733153,
      "auc_unknown": 0.9715555555555555,
      "FRR_stable": 0.09333333333333338,
      "false_drift_stable": 0.043333333333333335,
      "FAR_unknown_accept": 0.0184,
      "miss_drift": 0.26116666666666666,
      "confusion_matrix": [
        [
          2176,
          104,
          120
        ],
        [
          12536,
          8593,
          26871
        ],
        [
          552,
          3129,
          26319
        ]
      ]
    },
    "Fusion_lam2.0": {
      "tau_id": -2.857787775993347,
      "auc_unknown": 0.9572408333333333,
      "FRR_stable": 0.09333333333333338,
      "false_drift_stable": 0.043333333333333335,
      "FAR_unknown_accept": 0.023166666666666665,
      "miss_drift": 0.2611875,
      "confusion_matrix": [
        [
          2176,
          104,
          120
        ],
        [
          12537,
          8757,
          26706
        ],
        [
          695,
          3975,
          25330
        ]
      ]
    }
  },
  "best_sid": "Fusion_lam0.25"
}