{
  "split": 1,
  "fold": 1,
  "tau_id": -1.3449478089809417,
  "tau_dom": 2891.461511230467,
  "tau_conf": 0.9918702721595765,
  "pseudo_acc_rx": 0.5433333333333333,
  "pseudo_acc_day": 0.6436666666666667,
  "pseudo_acc_all": 0.5935,
  "gate_precision": 0.24332100287710645,
  "gate_recall": 0.148,
  "gate_keep_ratio": 0.2433,
  "conf_precision": 0.24332100287710645,
  "conf_recall": 0.148,
  "conf_keep_ratio": 0.2433,
  "conf_keep_given_gate": 1.0,
  "adapt_stream_size": 10000,
  "gate_size": 2433,
  "conf_size": 2433,
  "oracle_size": 4000,
  "NoAdapt": {
    "stable_acc": 0.9991666666666666,
    "drift_acc_rx": 0.5433333333333333,
    "drift_acc_day": 0.6436666666666667,
    "drift_acc_all": 0.5935,
    "FRR_stable": 0.09416666666666662,
    "FAR_unknown_accept": 0.5078888888888888,
    "miss_drift_rx": 0.11366666666666667,
    "miss_drift_day": 0.378,
    "miss_drift_all": 0.24583333333333332,
    "auc_unknown_eval": 0.6067442824074074
  },
  "UngatedAdapt": {
    "stable_acc": 0.99875,
    "drift_acc_rx": 0.5436666666666666,
    "drift_acc_day": 0.6403333333333333,
    "drift_acc_all": 0.592,
    "FRR_stable": 0.09750000000000003,
    "FAR_unknown_accept": 0.5074444444444445,
    "miss_drift_rx": 0.12433333333333334,
    "miss_drift_day": 0.38966666666666666,
    "miss_drift_all": 0.257,
    "auc_unknown_eval": 0.7766422453703704
  },
  "GatedAdapt": {
    "stable_acc": 0.99875,
    "drift_acc_rx": 0.5556666666666666,
    "drift_acc_day": 0.6646666666666666,
    "drift_acc_all": 0.6101666666666666,
    "FRR_stable": 0.08875,
    "FAR_unknown_accept": 0.5092222222222222,
    "miss_drift_rx": 0.116,
    "miss_drift_day": 0.38333333333333336,
    "miss_drift_all": 0.24966666666666668,
    "auc_unknown_eval": 0.6138806018518518
  },
  "GatedConfAdapt": {
    "stable_acc": 0.99875,
    "drift_acc_rx": 0.558,
    "drift_acc_day": 0.668,
    "drift_acc_all": 0.613,
    "FRR_stable": 0.08833333333333337,
    "FAR_unknown_accept": 0.5088888888888888,
    "miss_drift_rx": 0.11766666666666667,
    "miss_drift_day": 0.386,
    "miss_drift_all": 0.25183333333333335,
    "auc_unknown_eval": 0.6136492824074073
  },
  "OracleGatePseudoAdapt": {
    "stable_acc": 0.9991666666666666,
    "drift_acc_rx": 0.5406666666666666,
    "drift_acc_day": 0.6423333333333333,
    "drift_acc_all": 0.5915,
    "FRR_stable": 0.13416666666666666,
    "FAR_unknown_accept": 0.4702222222222222,
    "miss_drift_rx": 0.11533333333333333,
    "miss_drift_day": 0.30233333333333334,
    "miss_drift_all": 0.20883333333333334,
    "auc_unknown_eval": 0.6121286805555555
  },
  "OracleLabelAdapt": {
    "stable_acc": 0.9966666666666667,
    "drift_acc_rx": 0.9283333333333333,
    "drift_acc_day": 0.979,
    "drift_acc_all": 0.9536666666666667,
    "FRR_stable": 0.3320833333333333,
    "FAR_unknown_accept": 0.143,
    "miss_drift_rx": 0.05733333333333333,
    "miss_drift_day": 0.18033333333333335,
    "miss_drift_all": 0.11883333333333333,
    "auc_unknown_eval": 0.8152898148148149
  }
}