{
  "train_loss": [
    0.6613695219711021,
    0.20805473846417885,
    0.08378927859443205,
    0.038316236353582805,
    0.031488161520273596,
    0.025920496177342205,
    0.02101938999430449,
    0.015380654530599714,
    0.014275816883201953,
    0.012670847428617654,
    0.01469294855164157,
    0.010928996705829546,
    0.01247334566174282,
    0.011524827067774754,
    0.008892301428649161,
    0.008331297363447784,
    0.007443930633814522,
    0.006706002634880995,
    0.007342150507719015,
    0.006153836440622669,
    0.0045128995901905,
    0.007756266576513924,
    0.005289121262332493,
    0.004586748624677528,
    0.004055185766062803,
    0.0053217222618749714,
    0.004435946444842826,
    0.004997307566615442,
    0.00529425640254178,
    0.0024008847747205033
  ],
  "train_acc": [
    0.7181712962962963,
    0.9174768518518519,
    0.9712962962962963,
    0.9878472222222222,
    0.9905092592592593,
    0.9914351851851851,
    0.9931712962962963,
    0.9953703703703703,
    0.9945601851851852,
    0.9950231481481482,
    0.9945601851851852,
    0.9966435185185185,
    0.9957175925925926,
    0.9960648148148148,
    0.9965277777777778,
    0.9969907407407408,
    0.9974537037037037,
    0.9976851851851852,
    0.9974537037037037,
    0.9979166666666667,
    0.9990740740740741,
    0.9972222222222222,
    0.9979166666666667,
    0.9987268518518518,
    0.9986111111111111,
    0.9981481481481481,
    0.9988425925925926,
    0.9983796296296297,
    0.9983796296296297,
    0.999537037037037
  ],
  "val_loss": [
    0.7792280236879985,
    0.32050798734029134,
    0.08979962182541688,
    0.067197219034036,
    0.06412955091024439,
    0.03760954017828529,
    0.03262229398630249,
    0.030969078421670324,
    0.03210842148012792,
    0.041791574538607774,
    0.033509844541549684,
    0.03938694680691697,
    0.026336221598709623,
    0.01625646376099515,
    0.025119030888890847,
    0.029850958854270478,
    0.022553956192859916,
    0.01468239939955917,
    0.02506504619571691,
    0.010079204879002646,
    0.020545906646293587,
    0.014476868729495133,
    0.014076667150948196,
    0.016902424032256627,
    0.013446269195507435,
    0.012052757360894855,
    0.010516982621629723,
    0.013387453516285557,
    0.015677411557893112,
    0.02036527684686007
  ],
  "val_acc": [
    0.6822916666666666,
    0.8895833333333333,
    0.9760416666666667,
    0.9822916666666667,
    0.9864583333333333,
    0.9895833333333334,
    0.9927083333333333,
    0.9916666666666667,
    0.9927083333333333,
    0.9895833333333334,
    0.9916666666666667,
    0.9895833333333334,
    0.9927083333333333,
    0.9947916666666666,
    0.9885416666666667,
    0.9927083333333333,
    0.9947916666666666,
    0.9947916666666666,
    0.9947916666666666,
    0.9947916666666666,
    0.99375,
    0.996875,
    0.9947916666666666,
    0.99375,
    0.996875,
    0.9958333333333333,
    0.9958333333333333,
    0.99375,
    0.9958333333333333,
    0.9958333333333333
  ]
}