{
  "split": 10,
  "fold": 1,
  "acc": 0.9975,
  "auc_unknown": 0.9996256944444445,
  "auc_drift_rx": 0.9340991898148148,
  "auc_drift_day": 0.8341274999999999,
  "tau_id": -1.1362534761428833,
  "tau_dom": 2404.273193359375,
  "FRR_stable": 0.09291666666666665,
  "false_drift_stable": 0.042916666666666665,
  "FAR_unknown_accept": 0.0,
  "miss_drift": 0.2730625,
  "confusion_matrix": [
    [
      2177,
      103,
      120
    ],
    [
      13107,
      7507,
      27386
    ],
    [
      0,
      1,
      29999
    ]
  ]
}