{
  "tau_id": -1.1362534761428833,
  "tau_dom": 2404.273193359375
}