{
  "split": 4,
  "fold": 5,
  "tau_id": -1.4443809151649476,
  "tau_dom": 2425.7063232421856,
  "thr_precision": 0.9748322147651006,
  "thr_recall": 0.14525,
  "thr_keep_ratio": 0.0596,
  "topq_precision": 0.9705882352941176,
  "topq_recall": 0.12375,
  "topq_keep_ratio": 0.051,
  "adapt_stream_size": 10000,
  "thr_size": 596,
  "topq_size": 510,
  "oracle_size": 4000,
  "NoAdapt": {
    "stable_acc": 0.99875,
    "drift_acc_rx": 0.573,
    "drift_acc_day": 0.7016666666666667,
    "drift_acc_all": 0.6373333333333333,
    "FRR_stable": 0.0970833333333333,
    "FAR_unknown_accept": 0.0,
    "miss_drift_rx": 0.172,
    "miss_drift_day": 0.36833333333333335,
    "miss_drift_all": 0.27016666666666667,
    "auc_unknown_eval": 0.9982385185185184
  },
  "UngatedAdapt": {
    "stable_acc": 0.9983333333333333,
    "drift_acc_rx": 0.5686666666666667,
    "drift_acc_day": 0.6893333333333334,
    "drift_acc_all": 0.629,
    "FRR_stable": 0.09791666666666665,
    "FAR_unknown_accept": 0.0,
    "miss_drift_rx": 0.174,
    "miss_drift_day": 0.371,
    "miss_drift_all": 0.2725,
    "auc_unknown_eval": 0.9978060185185186
  },
  "GatedAdapt": {
    "stable_acc": 0.99875,
    "drift_acc_rx": 0.573,
    "drift_acc_day": 0.7016666666666667,
    "drift_acc_all": 0.6373333333333333,
    "FRR_stable": 0.09666666666666668,
    "FAR_unknown_accept": 0.0,
    "miss_drift_rx": 0.172,
    "miss_drift_day": 0.369,
    "miss_drift_all": 0.2705,
    "auc_unknown_eval": 0.9982407407407407
  },
  "GatedTopQAdapt": {
    "stable_acc": 0.99875,
    "drift_acc_rx": 0.573,
    "drift_acc_day": 0.702,
    "drift_acc_all": 0.6375,
    "FRR_stable": 0.09666666666666668,
    "FAR_unknown_accept": 0.0,
    "miss_drift_rx": 0.172,
    "miss_drift_day": 0.36866666666666664,
    "miss_drift_all": 0.2703333333333333,
    "auc_unknown_eval": 0.9982418981481481
  },
  "OracleGateAdapt": {
    "stable_acc": 0.99875,
    "drift_acc_rx": 0.5696666666666667,
    "drift_acc_day": 0.6886666666666666,
    "drift_acc_all": 0.6291666666666667,
    "FRR_stable": 0.09958333333333336,
    "FAR_unknown_accept": 0.0,
    "miss_drift_rx": 0.175,
    "miss_drift_day": 0.37533333333333335,
    "miss_drift_all": 0.27516666666666667,
    "auc_unknown_eval": 0.9976775
  }
}