{
  "split": 3,
  "fold": 3,
  "acc": 0.9975,
  "auc_drift_rx": 0.9283859490740741,
  "auc_drift_day": 0.8387576388888889,
  "tau_dom": 1818.1454772949176,
  "sid_results": {
    "EmbMaha": {
      "tau_id": -1087.9010803222657,
      "auc_unknown": 0.9932288194444445,
      "FRR_stable": 0.09375,
      "false_drift_stable": 0.04375,
      "FAR_unknown_accept": 0.021466666666666665,
      "miss_drift": 0.2808125,
      "confusion_matrix": [
        [
          2175,
          105,
          120
        ],
        [
          13479,
          8747,
          25774
        ],
        [
          644,
          2715,
          26641
        ]
      ]
    },
    "Energy": {
      "tau_id": 6.282486367225647,
      "auc_unknown": 0.8757638194444444,
      "FRR_stable": 0.09624999999999995,
      "false_drift_stable": 0.04625,
      "FAR_unknown_accept": 0.06336666666666667,
      "miss_drift": 0.29741666666666666,
      "confusion_matrix": [
        [
          2169,
          111,
          120
        ],
        [
          14276,
          17074,
          16650
        ],
        [
          1901,
          15256,
          12843
        ]
      ]
    },
    "Fusion_lam0.25": {
      "tau_id": -0.9668042063713074,
      "auc_unknown": 0.9933708333333333,
      "FRR_stable": 0.09375,
      "false_drift_stable": 0.04375,
      "FAR_unknown_accept": 0.016066666666666667,
      "miss_drift": 0.2685625,
      "confusion_matrix": [
        [
          2175,
          105,
          120
        ],
        [
          12891,
          8896,
          26213
        ],
        [
          482,
          2445,
          27073
        ]
      ]
    },
    "Fusion_lam0.5": {
      "tau_id": -1.2622895658016204,
      "auc_unknown": 0.9933350694444445,
      "FRR_stable": 0.09416666666666662,
      "false_drift_stable": 0.04416666666666667,
      "FAR_unknown_accept": 0.015966666666666667,
      "miss_drift": 0.269875,
      "confusion_matrix": [
        [
          2174,
          106,
          120
        ],
        [
          12954,
          9562,
          25484
        ],
        [
          479,
          2607,
          26914
        ]
      ]
    },
    "Fusion_lam1.0": {
      "tau_id": -1.8982293248176574,
      "auc_unknown": 0.992959375,
      "FRR_stable": 0.09499999999999997,
      "false_drift_stable": 0.045,
      "FAR_unknown_accept": 0.016633333333333333,
      "miss_drift": 0.27339583333333334,
      "confusion_matrix": [
        [
          2172,
          108,
          120
        ],
        [
          13123,
          10516,
          24361
        ],
        [
          499,
          2930,
          26571
        ]
      ]
    },
    "Fusion_lam1.5": {
      "tau_id": -2.6002806544303896,
      "auc_unknown": 0.9921484027777778,
      "FRR_stable": 0.09499999999999997,
      "false_drift_stable": 0.045,
      "FAR_unknown_accept": 0.019333333333333334,
      "miss_drift": 0.2761458333333333,
      "confusion_matrix": [
        [
          2172,
          108,
          120
        ],
        [
          13255,
          11294,
          23451
        ],
        [
          580,
          3416,
          26004
        ]
      ]
    },
    "Fusion_lam2.0": {
      "tau_id": -3.3194890141487123,
      "auc_unknown": 0.990539375,
      "FRR_stable": 0.09499999999999997,
      "false_drift_stable": 0.045,
      "FAR_unknown_accept": 0.0244,
      "miss_drift": 0.2776875,
      "confusion_matrix": [
        [
          2172,
          108,
          120
        ],
        [
          13329,
          11904,
          22767
        ],
        [
          732,
          3924,
          25344
        ]
      ]
    }
  },
  "best_sid": "Fusion_lam0.25"
}