{
  "split": 10,
  "fold": 3,
  "acc": 0.99875,
  "auc_drift_rx": 0.922856238425926,
  "auc_drift_day": 0.8288699479166666,
  "tau_dom": 2678.323107910153,
  "sid_results": {
    "EmbMaha": {
      "tau_id": -1140.2631530761719,
      "auc_unknown": 0.9974967361111111,
      "FRR_stable": 0.08999999999999997,
      "false_drift_stable": 0.04,
      "FAR_unknown_accept": 0.00013333333333333334,
      "miss_drift": 0.265375,
      "confusion_matrix": [
        [
          2184,
          96,
          120
        ],
        [
          12738,
          5497,
          29765
        ],
        [
          4,
          382,
          29614
        ]
      ]
    },
    "Energy": {
      "tau_id": 8.37725887298584,
      "auc_unknown": 0.9932747916666667,
      "FRR_stable": 0.09333333333333338,
      "false_drift_stable": 0.043333333333333335,
      "FAR_unknown_accept": 0.0007333333333333333,
      "miss_drift": 0.317375,
      "confusion_matrix": [
        [
          2176,
          104,
          120
        ],
        [
          15234,
          8397,
          24369
        ],
        [
          22,
          2916,
          27062
        ]
      ]
    },
    "Fusion_lam0.25": {
      "tau_id": -0.9564025819301605,
      "auc_unknown": 0.9978173611111111,
      "FRR_stable": 0.08833333333333337,
      "false_drift_stable": 0.03833333333333333,
      "FAR_unknown_accept": 0.0001,
      "miss_drift": 0.2611875,
      "confusion_matrix": [
        [
          2188,
          92,
          120
        ],
        [
          12537,
          5255,
          30208
        ],
        [
          3,
          187,
          29810
        ]
      ]
    },
    "Fusion_lam0.5": {
      "tau_id": -1.3686044275760652,
      "auc_unknown": 0.9980577083333333,
      "FRR_stable": 0.08875,
      "false_drift_stable": 0.03875,
      "FAR_unknown_accept": 0.00013333333333333334,
      "miss_drift": 0.2684166666666667,
      "confusion_matrix": [
        [
          2187,
          93,
          120
        ],
        [
          12884,
          5597,
          29519
        ],
        [
          4,
          233,
          29763
        ]
      ]
    },
    "Fusion_lam1.0": {
      "tau_id": -2.2511740803718565,
      "auc_unknown": 0.9983728472222222,
      "FRR_stable": 0.09083333333333332,
      "false_drift_stable": 0.04083333333333333,
      "FAR_unknown_accept": 0.00023333333333333333,
      "miss_drift": 0.280375,
      "confusion_matrix": [
        [
          2182,
          98,
          120
        ],
        [
          13458,
          6039,
          28503
        ],
        [
          7,
          382,
          29611
        ]
      ]
    },
    "Fusion_lam1.5": {
      "tau_id": -3.1612690329551696,
      "auc_unknown": 0.998523125,
      "FRR_stable": 0.09125000000000005,
      "false_drift_stable": 0.04125,
      "FAR_unknown_accept": 0.00023333333333333333,
      "miss_drift": 0.2884375,
      "confusion_matrix": [
        [
          2181,
          99,
          120
        ],
        [
          13845,
          6308,
          27847
        ],
        [
          7,
          542,
          29451
        ]
      ]
    },
    "Fusion_lam2.0": {
      "tau_id": -4.130721640586853,
      "auc_unknown": 0.9985762499999999,
      "FRR_stable": 0.09125000000000005,
      "false_drift_stable": 0.04125,
      "FAR_unknown_accept": 0.00023333333333333333,
      "miss_drift": 0.2954375,
      "confusion_matrix": [
        [
          2181,
          99,
          120
        ],
        [
          14181,
          6587,
          27232
        ],
        [
          7,
          720,
          29273
        ]
      ]
    }
  },
  "best_sid": "Fusion_lam2.0"
}