{
  "train_loss": [
    0.6224296318160163,
    0.20238307659272795,
    0.0802266116771433,
    0.04768391917977068,
    0.033244557106108574,
    0.028626425453910122,
    0.019616715346152582,
    0.019087341363990196,
    0.014891813117665825,
    0.013589986948365414,
    0.011930590442002372,
    0.01168606003522183,
    0.007908285028059726,
    0.007756024193346363,
    0.006428089371399471,
    0.0070627374238231115,
    0.008629993225999728,
    0.007174290642056063,
    0.005546782382427611,
    0.003504686415005751,
    0.00616517683568721,
    0.00426764737866405,
    0.004353932999678094,
    0.0036270205485548273,
    0.003399610508845567,
    0.006726118072401732,
    0.0037249403046357827
  ],
  "train_acc": [
    0.7255787037037037,
    0.9167824074074075,
    0.9730324074074074,
    0.9836805555555556,
    0.9887731481481481,
    0.9909722222222223,
    0.9931712962962963,
    0.99375,
    0.9956018518518519,
    0.9959490740740741,
    0.9959490740740741,
    0.9958333333333333,
    0.9971064814814815,
    0.9969907407407408,
    0.9984953703703704,
    0.997800925925926,
    0.9969907407407408,
    0.997800925925926,
    0.9982638888888888,
    0.9987268518518518,
    0.9979166666666667,
    0.9987268518518518,
    0.9989583333333333,
    0.9989583333333333,
    0.9987268518518518,
    0.9981481481481481,
    0.9989583333333333
  ],
  "val_loss": [
    0.8883709033330282,
    0.3621971289316813,
    0.23478395342826844,
    0.24510191281636556,
    0.04644731415125231,
    0.0788325305407246,
    0.037372596204901735,
    0.053611207753419876,
    0.03639154431099693,
    0.03214136622846127,
    0.019666685008754334,
    0.030348801892250775,
    0.021319916968544326,
    0.018268551568811138,
    0.02920605574424068,
    0.017198744416236877,
    0.016551450795183578,
    0.01873280730408927,
    0.011981972364204315,
    0.01558055542797471,
    0.010053585618152283,
    0.012878036982147022,
    0.015944814324999848,
    0.010515852775036668,
    0.01321017502292913,
    0.020355540758464484,
    0.009028218413489716
  ],
  "val_acc": [
    0.6864583333333333,
    0.8520833333333333,
    0.8916666666666667,
    0.8916666666666667,
    0.9875,
    0.9791666666666666,
    0.9875,
    0.9864583333333333,
    0.9875,
    0.9885416666666667,
    0.99375,
    0.9895833333333334,
    0.9947916666666666,
    0.9958333333333333,
    0.99375,
    0.99375,
    0.9947916666666666,
    0.99375,
    0.996875,
    0.9958333333333333,
    0.9958333333333333,
    0.9958333333333333,
    0.996875,
    0.9958333333333333,
    0.9958333333333333,
    0.99375,
    0.996875
  ]
}