{
  "split": 10,
  "fold": 2,
  "acc": 0.9933333333333333,
  "auc_unknown": 0.9966602777777778,
  "auc_drift_rx": 0.9191113773148148,
  "auc_drift_day": 0.8220917881944443,
  "tau_id": -1.1257685422897339,
  "tau_dom": 2747.40771484375,
  "FRR_stable": 0.08625000000000005,
  "false_drift_stable": 0.03625,
  "FAR_unknown_accept": 0.0,
  "miss_drift": 0.2966875,
  "confusion_matrix": [
    [
      2193,
      87,
      120
    ],
    [
      14241,
      7651,
      26108
    ],
    [
      0,
      723,
      29277
    ]
  ]
}