{
  "tau_id": -1.1257685422897339,
  "tau_dom": 2747.40771484375
}