{
  "split": 1,
  "fold": 5,
  "tau_id": -1.2326224088668822,
  "tau_dom": 2564.152856445311,
  "tau_conf": 0.9960450410842896,
  "pseudo_acc_rx": 0.6086666666666667,
  "pseudo_acc_day": 0.66,
  "pseudo_acc_all": 0.6343333333333333,
  "gate_precision": 0.2697286012526096,
  "gate_recall": 0.1615,
  "gate_keep_ratio": 0.2395,
  "conf_precision": 0.2697286012526096,
  "conf_recall": 0.1615,
  "conf_keep_ratio": 0.2395,
  "conf_keep_given_gate": 1.0,
  "adapt_stream_size": 10000,
  "gate_size": 2395,
  "conf_size": 2395,
  "oracle_size": 4000,
  "NoAdapt": {
    "stable_acc": 0.9954166666666666,
    "drift_acc_rx": 0.6086666666666667,
    "drift_acc_day": 0.66,
    "drift_acc_all": 0.6343333333333333,
    "FRR_stable": 0.09291666666666665,
    "FAR_unknown_accept": 0.4677777777777778,
    "miss_drift_rx": 0.073,
    "miss_drift_day": 0.2806666666666667,
    "miss_drift_all": 0.17683333333333334,
    "auc_unknown_eval": 0.7153309027777779
  },
  "UngatedAdapt": {
    "stable_acc": 0.9966666666666667,
    "drift_acc_rx": 0.613,
    "drift_acc_day": 0.6673333333333333,
    "drift_acc_all": 0.6401666666666667,
    "FRR_stable": 0.10083333333333333,
    "FAR_unknown_accept": 0.4553333333333333,
    "miss_drift_rx": 0.07133333333333333,
    "miss_drift_day": 0.26,
    "miss_drift_all": 0.16566666666666666,
    "auc_unknown_eval": 0.7543881018518519
  },
  "GatedAdapt": {
    "stable_acc": 0.9933333333333333,
    "drift_acc_rx": 0.648,
    "drift_acc_day": 0.7373333333333333,
    "drift_acc_all": 0.6926666666666667,
    "FRR_stable": 0.08916666666666662,
    "FAR_unknown_accept": 0.46755555555555556,
    "miss_drift_rx": 0.08,
    "miss_drift_day": 0.2853333333333333,
    "miss_drift_all": 0.18266666666666667,
    "auc_unknown_eval": 0.7378492129629629
  },
  "GatedConfAdapt": {
    "stable_acc": 0.9933333333333333,
    "drift_acc_rx": 0.6476666666666666,
    "drift_acc_day": 0.7336666666666667,
    "drift_acc_all": 0.6906666666666667,
    "FRR_stable": 0.08958333333333335,
    "FAR_unknown_accept": 0.46755555555555556,
    "miss_drift_rx": 0.08,
    "miss_drift_day": 0.2853333333333333,
    "miss_drift_all": 0.18266666666666667,
    "auc_unknown_eval": 0.741272986111111
  },
  "OracleGatePseudoAdapt": {
    "stable_acc": 0.9954166666666666,
    "drift_acc_rx": 0.615,
    "drift_acc_day": 0.663,
    "drift_acc_all": 0.639,
    "FRR_stable": 0.11958333333333337,
    "FAR_unknown_accept": 0.31422222222222224,
    "miss_drift_rx": 0.068,
    "miss_drift_day": 0.25566666666666665,
    "miss_drift_all": 0.16183333333333333,
    "auc_unknown_eval": 0.8995886342592593
  },
  "OracleLabelAdapt": {
    "stable_acc": 0.99375,
    "drift_acc_rx": 0.913,
    "drift_acc_day": 0.9733333333333334,
    "drift_acc_all": 0.9431666666666667,
    "FRR_stable": 0.4066666666666666,
    "FAR_unknown_accept": 0.00011111111111111112,
    "miss_drift_rx": 0.0016666666666666668,
    "miss_drift_day": 0.084,
    "miss_drift_all": 0.042833333333333334,
    "auc_unknown_eval": 0.9017702083333333
  }
}