{
  "train_loss": [
    0.26846348618467647,
    0.02341781659051776,
    0.011884121626132615,
    0.009201710863487311,
    0.006912230419132997,
    0.004629197165680428,
    0.005724915054074868,
    0.004647375429825237,
    0.0037846500489481347,
    0.0031350569523594996,
    0.002706507787742238,
    0.0029870735188187274,
    0.0041947954152150215,
    0.0018137734508383329,
    0.003228732262828594,
    0.003997807724496212,
    0.002728641741904775,
    0.0014837591785989287,
    0.0012339489540425818,
    0.002554871516918798,
    0.0024376637369170097
  ],
  "train_acc": [
    0.9090277777777778,
    0.9960648148148148,
    0.997337962962963,
    0.9979166666666667,
    0.9980324074074074,
    0.9988425925925926,
    0.9980324074074074,
    0.9983796296296297,
    0.9989583333333333,
    0.9989583333333333,
    0.9989583333333333,
    0.9991898148148148,
    0.9989583333333333,
    0.9991898148148148,
    0.999537037037037,
    0.9990740740740741,
    0.9991898148148148,
    0.999537037037037,
    0.9997685185185186,
    0.9989583333333333,
    0.9990740740740741
  ],
  "val_loss": [
    0.8302887598673503,
    0.15456176201502483,
    0.07443950722614924,
    0.05256997247536977,
    0.03406309150159359,
    0.022795921502014,
    0.012990755029022694,
    0.025687528774142265,
    0.01609705447529753,
    0.013880601661124576,
    0.010772360052214935,
    0.030572116592278084,
    0.002326264719401176,
    0.009245236745725076,
    0.04245643864075343,
    0.01674897875636816,
    0.004855628427079258,
    0.0026705012171684456,
    0.001031594209295387,
    0.002339344919285698,
    0.004680722699655841
  ],
  "val_acc": [
    0.75,
    0.9510416666666667,
    0.9802083333333333,
    0.98125,
    0.990625,
    0.9916666666666667,
    0.9947916666666666,
    0.990625,
    0.99375,
    0.99375,
    0.996875,
    0.9895833333333334,
    1.0,
    0.9958333333333333,
    0.9833333333333333,
    0.9958333333333333,
    0.9979166666666667,
    0.9989583333333333,
    1.0,
    0.9989583333333333,
    0.9979166666666667
  ]
}