{
  "split": 4,
  "fold": 4,
  "acc": 0.9991666666666666,
  "auc_unknown": 0.996207222222222,
  "auc_drift_rx": 0.9197464293981481,
  "auc_drift_day": 0.8201328819444444,
  "tau_id": -1.6136295795440674,
  "tau_dom": 2252.326171875,
  "FRR_stable": 0.09875,
  "false_drift_stable": 0.04875,
  "FAR_unknown_accept": 0.00016666666666666666,
  "miss_drift": 0.22789583333333333,
  "confusion_matrix": [
    [
      2163,
      117,
      120
    ],
    [
      10939,
      7157,
      29904
    ],
    [
      5,
      176,
      29819
    ]
  ]
}