{
  "tau_id": -1.6136295795440674,
  "tau_dom": 2252.326171875
}